00:00:00.003922 main     VirtualBox XPCOM Server 7.2.6 r172322 linux.amd64 (Jan 28 2026 17:11:43) release log
00:00:00.003926 main     Log opened 2026-02-13T09:48:04.793515000Z
00:00:00.003928 main     Build Type: release
00:00:00.003931 main     OS Product: Linux
00:00:00.003932 main     OS Release: 6.18.9-zen1-2-zen
00:00:00.003934 main     OS Version: #1 ZEN SMP PREEMPT_DYNAMIC Mon, 09 Feb 2026 17:45:06 +0000
00:00:00.003974 main     DMI Product Name: Aspire A315-24P
00:00:00.003993 main     DMI Product Version: V1.09
00:00:00.004003 main     Firmware type: UEFI
00:00:00.004205 main     Secure Boot: Disabled
00:00:00.004292 main     Host RAM: 7160MB (6.9GB) total, 5261MB (5.1GB) available
00:00:00.004296 main     Executable: /usr/lib/virtualbox/VBoxSVC
00:00:00.004297 main     Process ID: 45131
00:00:00.004298 main     Package type: LINUX_64BITS_GENERIC (OSE)
00:00:00.015707 main     IPC socket path: /tmp/.vbox-user-ipc/ipcd
00:00:00.023599 DCon01   VirtualBox: object creation starts
00:00:00.023747 DCon01   Home directory: '/home/user/.config/VirtualBox'
00:00:00.024098 DCon01   Loading settings file "/home/user/.config/VirtualBox/VirtualBox.xml" with version "1.12-linux"
00:00:00.042480 DCon01   NetIfAdpCtlOut: VBoxNetAdpCtl: Error while retrieving link speed for wlan0: VBoxNetAdpCtl: ioctl failed: Operation not supported
00:00:00.045533 DCon01   HostDnsMonitor: initializing
00:00:00.046074 DCon01   NAT: resolv.conf: nameserver 10.135.172.168
00:00:00.046102 DCon01   NAT: resolv.conf: nameserver 2a02:2378:1029:eecc::60
00:00:00.046137 DCon01   HostDnsMonitor: updating information
00:00:00.046162 DCon01   HostDnsMonitor: old information
00:00:00.046172 DCon01     no server entries
00:00:00.046181 DCon01     no domain set
00:00:00.046190 DCon01     no search string entries
00:00:00.046199 DCon01   HostDnsMonitor: new information
00:00:00.046208 DCon01     server 1: 10.135.172.168
00:00:00.046217 DCon01     server 2: 2a02:2378:1029:eecc::60
00:00:00.046227 DCon01     no domain set
00:00:00.046235 DCon01     no search string entries
00:00:00.049523 DCon01   VD: VDInit finished with VINF_SUCCESS
00:00:00.051103 DCon01   ERROR [COM]: aRC=NS_ERROR_FAILURE (0x80004005) aIID={925084b0-625f-422f-a67d-0ede1880a56c} aComponent={SystemPropertiesWrap} aText={Cannot determine default Guest Additions ISO location. Most likely they are not available}, preserve=false aResultDetail=0
00:00:00.052646 DCon01   Platform architecture set to 'x86'
00:00:00.053308 DCon01   Loading settings file "/home/user/VirtualBox VMs/Window 11/Window 11.vbox" with version "1.19-linux"
00:00:00.053585 DCon01   Platform architecture set to 'x86'
00:00:00.054054 DCon01   Platform architecture set to 'x86'
00:00:00.054464 DCon01   Loading settings file "/home/user/VirtualBox VMs/Windows 10/Windows 10.vbox" with version "1.19-linux"
00:00:00.054694 DCon01   Platform architecture set to 'x86'
00:00:00.055481 DCon01   VirtualBox: object created
00:00:01.608254 DCon03   WARNING [COM]: aRC=NS_ERROR_FAILURE (0x80004005) aIID={d5dcece0-b202-4416-a138-03502784cc07} aComponent={HostWrap} aText={VirtualBox is not currently allowed to access USB devices.  You can change this by adding your user to the 'vboxusers' group.  Please see the user manual for a more detailed explanation}, preserve=true aResultDetail=0
00:00:01.610576 DCon03   WARNING [COM]: aRC=NS_ERROR_FAILURE (0x80004005) aIID={d5dcece0-b202-4416-a138-03502784cc07} aComponent={HostWrap} aText={VirtualBox is not currently allowed to access USB devices.  You can change this by adding your user to the 'vboxusers' group.  Please see the user manual for a more detailed explanation}, preserve=false aResultDetail=0
00:00:01.712636 DCon03   ERROR [COM]: aRC=VBOX_E_OBJECT_NOT_FOUND (0x80bb0001) aIID={5bfd8965-b81b-469f-8649-f717ce97a5d5} aComponent={NvramStoreWrap} aText={The UEFI NVRAM file is not existing for this machine}, preserve=false aResultDetail=0
00:00:02.132994 DCon05   WARNING [COM]: aRC=NS_ERROR_FAILURE (0x80004005) aIID={d5dcece0-b202-4416-a138-03502784cc07} aComponent={HostWrap} aText={VirtualBox is not currently allowed to access USB devices.  You can change this by adding your user to the 'vboxusers' group.  Please see the user manual for a more detailed explanation}, preserve=true aResultDetail=0
00:00:02.135932 DCon05   WARNING [COM]: aRC=NS_ERROR_FAILURE (0x80004005) aIID={d5dcece0-b202-4416-a138-03502784cc07} aComponent={HostWrap} aText={VirtualBox is not currently allowed to access USB devices.  You can change this by adding your user to the 'vboxusers' group.  Please see the user manual for a more detailed explanation}, preserve=true aResultDetail=0
00:00:04.355169 DCon01   Launched VM: 1240688160 pid: 45170 (0xb072) frontend: GUI/Qt name: Windows 10
00:00:04.441780 DCon02   ERROR [COM]: aRC=VBOX_E_OBJECT_NOT_FOUND (0x80bb0001) aIID={5bfd8965-b81b-469f-8649-f717ce97a5d5} aComponent={NvramStoreWrap} aText={The UEFI NVRAM file is not existing for this machine}, preserve=false aResultDetail=0
00:00:04.604855 DCon02   WARNING [COM]: aRC=NS_ERROR_FAILURE (0x80004005) aIID={d5dcece0-b202-4416-a138-03502784cc07} aComponent={HostWrap} aText={VirtualBox is not currently allowed to access USB devices.  You can change this by adding your user to the 'vboxusers' group.  Please see the user manual for a more detailed explanation}, preserve=true aResultDetail=0
00:00:04.607515 DCon02   WARNING [COM]: aRC=NS_ERROR_FAILURE (0x80004005) aIID={d5dcece0-b202-4416-a138-03502784cc07} aComponent={HostWrap} aText={VirtualBox is not currently allowed to access USB devices.  You can change this by adding your user to the 'vboxusers' group.  Please see the user manual for a more detailed explanation}, preserve=true aResultDetail=0
00:00:05.060299 DCon06   Platform architecture set to 'x86'
00:00:05.095115 DCon07   ERROR [COM]: aRC=VBOX_E_OBJECT_NOT_FOUND (0x80bb0001) aIID={5bfd8965-b81b-469f-8649-f717ce97a5d5} aComponent={NvramStoreWrap} aText={The UEFI NVRAM file is not existing for this machine}, preserve=false aResultDetail=0
00:00:05.123650 DCon02   WARNING [COM]: aRC=NS_ERROR_FAILURE (0x80004005) aIID={d5dcece0-b202-4416-a138-03502784cc07} aComponent={HostWrap} aText={VirtualBox is not currently allowed to access USB devices.  You can change this by adding your user to the 'vboxusers' group.  Please see the user manual for a more detailed explanation}, preserve=true aResultDetail=0
00:00:05.126502 DCon02   WARNING [COM]: aRC=NS_ERROR_FAILURE (0x80004005) aIID={d5dcece0-b202-4416-a138-03502784cc07} aComponent={HostWrap} aText={VirtualBox is not currently allowed to access USB devices.  You can change this by adding your user to the 'vboxusers' group.  Please see the user manual for a more detailed explanation}, preserve=true aResultDetail=0
00:00:06.405402 DCon03   WARNING [COM]: aRC=NS_ERROR_FAILURE (0x80004005) aIID={d5dcece0-b202-4416-a138-03502784cc07} aComponent={HostWrap} aText={VirtualBox is not currently allowed to access USB devices.  You can change this by adding your user to the 'vboxusers' group.  Please see the user manual for a more detailed explanation}, preserve=true aResultDetail=0
00:00:06.407328 DCon03   WARNING [COM]: aRC=NS_ERROR_FAILURE (0x80004005) aIID={d5dcece0-b202-4416-a138-03502784cc07} aComponent={HostWrap} aText={VirtualBox is not currently allowed to access USB devices.  You can change this by adding your user to the 'vboxusers' group.  Please see the user manual for a more detailed explanation}, preserve=true aResultDetail=0
00:00:06.408706 DCon03   WARNING [COM]: aRC=NS_ERROR_FAILURE (0x80004005) aIID={d5dcece0-b202-4416-a138-03502784cc07} aComponent={HostWrap} aText={VirtualBox is not currently allowed to access USB devices.  You can change this by adding your user to the 'vboxusers' group.  Please see the user manual for a more detailed explanation}, preserve=true aResultDetail=0
00:00:06.544786 DCon03   WARNING [COM]: aRC=NS_ERROR_FAILURE (0x80004005) aIID={d5dcece0-b202-4416-a138-03502784cc07} aComponent={HostWrap} aText={VirtualBox is not currently allowed to access USB devices.  You can change this by adding your user to the 'vboxusers' group.  Please see the user manual for a more detailed explanation}, preserve=true aResultDetail=0
00:00:06.546778 DCon03   WARNING [COM]: aRC=NS_ERROR_FAILURE (0x80004005) aIID={d5dcece0-b202-4416-a138-03502784cc07} aComponent={HostWrap} aText={VirtualBox is not currently allowed to access USB devices.  You can change this by adding your user to the 'vboxusers' group.  Please see the user manual for a more detailed explanation}, preserve=true aResultDetail=0
00:00:06.556599 DCon03   ERROR [COM]: aRC=NS_ERROR_FAILURE (0x80004005) aIID={83cfdc66-4f20-4569-ad39-8722f7d472b3} aComponent={RecordingSettingsWrap} aText={Recording not started}, preserve=false aResultDetail=0
00:00:06.666758 DCon03   NetIfAdpCtlOut: VBoxNetAdpCtl: Error while retrieving link speed for wlan0: VBoxNetAdpCtl: ioctl failed: Operation not supported
00:00:06.677297 DCon03   WARNING [COM]: aRC=NS_ERROR_FAILURE (0x80004005) aIID={d5dcece0-b202-4416-a138-03502784cc07} aComponent={HostWrap} aText={VirtualBox is not currently allowed to access USB devices.  You can change this by adding your user to the 'vboxusers' group.  Please see the user manual for a more detailed explanation}, preserve=false aResultDetail=0
00:00:06.679354 DCon07   WARNING [COM]: aRC=NS_ERROR_FAILURE (0x80004005) aIID={d5dcece0-b202-4416-a138-03502784cc07} aComponent={HostWrap} aText={VirtualBox is not currently allowed to access USB devices.  You can change this by adding your user to the 'vboxusers' group.  Please see the user manual for a more detailed explanation}, preserve=true aResultDetail=0
00:00:06.679743 DCon07   WARNING [COM]: aRC=NS_ERROR_FAILURE (0x80004005) aIID={d5dcece0-b202-4416-a138-03502784cc07} aComponent={HostWrap} aText={VirtualBox is not currently allowed to access USB devices.  You can change this by adding your user to the 'vboxusers' group.  Please see the user manual for a more detailed explanation}, preserve=true aResultDetail=0
00:00:06.723402 DCon04   WARNING [COM]: aRC=NS_ERROR_FAILURE (0x80004005) aIID={d5dcece0-b202-4416-a138-03502784cc07} aComponent={HostWrap} aText={VirtualBox is not currently allowed to access USB devices.  You can change this by adding your user to the 'vboxusers' group.  Please see the user manual for a more detailed explanation}, preserve=true aResultDetail=0
00:00:06.764650 DCon04   WARNING [COM]: aRC=NS_ERROR_FAILURE (0x80004005) aIID={d5dcece0-b202-4416-a138-03502784cc07} aComponent={HostWrap} aText={VirtualBox is not currently allowed to access USB devices.  You can change this by adding your user to the 'vboxusers' group.  Please see the user manual for a more detailed explanation}, preserve=true aResultDetail=0
00:00:06.805908 DCon04   ERROR [COM]: aRC=VBOX_E_OBJECT_NOT_FOUND (0x80bb0001) aIID={5bfd8965-b81b-469f-8649-f717ce97a5d5} aComponent={NvramStoreWrap} aText={The UEFI NVRAM file is not existing for this machine}, preserve=false aResultDetail=0
00:00:06.850626 DCon01   WARNING [COM]: aRC=NS_ERROR_FAILURE (0x80004005) aIID={d5dcece0-b202-4416-a138-03502784cc07} aComponent={HostWrap} aText={VirtualBox is not currently allowed to access USB devices.  You can change this by adding your user to the 'vboxusers' group.  Please see the user manual for a more detailed explanation}, preserve=true aResultDetail=0
00:00:06.852515 DCon01   WARNING [COM]: aRC=NS_ERROR_FAILURE (0x80004005) aIID={d5dcece0-b202-4416-a138-03502784cc07} aComponent={HostWrap} aText={VirtualBox is not currently allowed to access USB devices.  You can change this by adding your user to the 'vboxusers' group.  Please see the user manual for a more detailed explanation}, preserve=true aResultDetail=0
00:00:06.855705 DCon01   ERROR [COM]: aRC=NS_ERROR_FAILURE (0x80004005) aIID={83cfdc66-4f20-4569-ad39-8722f7d472b3} aComponent={RecordingSettingsWrap} aText={Recording not started}, preserve=false aResultDetail=0
00:00:06.925578 DCon01   WARNING [COM]: aRC=NS_ERROR_FAILURE (0x80004005) aIID={d5dcece0-b202-4416-a138-03502784cc07} aComponent={HostWrap} aText={VirtualBox is not currently allowed to access USB devices.  You can change this by adding your user to the 'vboxusers' group.  Please see the user manual for a more detailed explanation}, preserve=true aResultDetail=0
00:00:06.928547 DCon01   WARNING [COM]: aRC=NS_ERROR_FAILURE (0x80004005) aIID={d5dcece0-b202-4416-a138-03502784cc07} aComponent={HostWrap} aText={VirtualBox is not currently allowed to access USB devices.  You can change this by adding your user to the 'vboxusers' group.  Please see the user manual for a more detailed explanation}, preserve=true aResultDetail=0
00:00:07.110579 DCon01   ERROR [COM]: aRC=VBOX_E_OBJECT_NOT_FOUND (0x80bb0001) aIID={7d510820-a678-4730-a862-818dcd3fbed0} aComponent={MediumWrap} aText={Property 'CRYPT/KeyId' does not exist}, preserve=false aResultDetail=0
00:00:07.114538 DCon01   HostDnsMonitorProxy::GetDomainName: no domain set
00:00:07.114756 DCon01   HostDnsMonitorProxy::GetNameServers:
00:00:07.114769 DCon01     name server 1: 10.135.172.168
00:00:07.114780 DCon01     name server 2: 2a02:2378:1029:eecc::60
00:00:07.115011 DCon01   HostDnsMonitorProxy::GetSearchStrings:
00:00:07.115025 DCon01     no search string entries
00:00:07.149841 DCon01   WARNING [COM]: aRC=NS_ERROR_FAILURE (0x80004005) aIID={d5dcece0-b202-4416-a138-03502784cc07} aComponent={HostWrap} aText={VirtualBox is not currently allowed to access USB devices.  You can change this by adding your user to the 'vboxusers' group.  Please see the user manual for a more detailed explanation}, preserve=true aResultDetail=0
00:00:07.152508 DCon03   WARNING [COM]: aRC=NS_ERROR_FAILURE (0x80004005) aIID={d5dcece0-b202-4416-a138-03502784cc07} aComponent={HostWrap} aText={VirtualBox is not currently allowed to access USB devices.  You can change this by adding your user to the 'vboxusers' group.  Please see the user manual for a more detailed explanation}, preserve=true aResultDetail=0
00:00:07.156959 DCon03   ERROR [COM]: aRC=NS_ERROR_FAILURE (0x80004005) aIID={83cfdc66-4f20-4569-ad39-8722f7d472b3} aComponent={RecordingSettingsWrap} aText={Recording not started}, preserve=false aResultDetail=0
00:00:07.181044 DCon03   WARNING [COM]: aRC=NS_ERROR_FAILURE (0x80004005) aIID={d5dcece0-b202-4416-a138-03502784cc07} aComponent={HostWrap} aText={VirtualBox is not currently allowed to access USB devices.  You can change this by adding your user to the 'vboxusers' group.  Please see the user manual for a more detailed explanation}, preserve=true aResultDetail=0
00:00:07.242834 DCon04   ERROR [COM]: aRC=VBOX_E_OBJECT_NOT_FOUND (0x80bb0001) aIID={5bfd8965-b81b-469f-8649-f717ce97a5d5} aComponent={NvramStoreWrap} aText={The UEFI NVRAM file is not existing for this machine}, preserve=false aResultDetail=0
00:00:07.394483 DCon03   WARNING [COM]: aRC=NS_ERROR_FAILURE (0x80004005) aIID={d5dcece0-b202-4416-a138-03502784cc07} aComponent={HostWrap} aText={VirtualBox is not currently allowed to access USB devices.  You can change this by adding your user to the 'vboxusers' group.  Please see the user manual for a more detailed explanation}, preserve=true aResultDetail=0
00:00:07.396726 DCon03   WARNING [COM]: aRC=NS_ERROR_FAILURE (0x80004005) aIID={d5dcece0-b202-4416-a138-03502784cc07} aComponent={HostWrap} aText={VirtualBox is not currently allowed to access USB devices.  You can change this by adding your user to the 'vboxusers' group.  Please see the user manual for a more detailed explanation}, preserve=true aResultDetail=0
00:01:08.138139 DCon07   WARNING [COM]: aRC=NS_ERROR_FAILURE (0x80004005) aIID={d5dcece0-b202-4416-a138-03502784cc07} aComponent={HostWrap} aText={VirtualBox is not currently allowed to access USB devices.  You can change this by adding your user to the 'vboxusers' group.  Please see the user manual for a more detailed explanation}, preserve=true aResultDetail=0
00:01:09.441834 DCon07   ERROR [COM]: aRC=VBOX_E_OBJECT_NOT_FOUND (0x80bb0001) aIID={5bfd8965-b81b-469f-8649-f717ce97a5d5} aComponent={NvramStoreWrap} aText={The UEFI NVRAM file is not existing for this machine}, preserve=false aResultDetail=0
00:01:09.523421 DCon02   NetIfAdpCtlOut: VBoxNetAdpCtl: Error while retrieving link speed for wlan0: VBoxNetAdpCtl: ioctl failed: Operation not supported
00:01:09.542728 DCon02   NetIfAdpCtlOut: VBoxNetAdpCtl: Error while retrieving link speed for wlan0: VBoxNetAdpCtl: ioctl failed: Operation not supported
00:01:09.561533 DCon02   WARNING [COM]: aRC=NS_ERROR_FAILURE (0x80004005) aIID={d5dcece0-b202-4416-a138-03502784cc07} aComponent={HostWrap} aText={VirtualBox is not currently allowed to access USB devices.  You can change this by adding your user to the 'vboxusers' group.  Please see the user manual for a more detailed explanation}, preserve=true aResultDetail=0
00:01:09.562058 DCon02   WARNING [COM]: aRC=NS_ERROR_FAILURE (0x80004005) aIID={d5dcece0-b202-4416-a138-03502784cc07} aComponent={HostWrap} aText={VirtualBox is not currently allowed to access USB devices.  You can change this by adding your user to the 'vboxusers' group.  Please see the user manual for a more detailed explanation}, preserve=true aResultDetail=0
00:01:50.229710 DCon02   Saving settings file "/home/user/VirtualBox VMs/Windows 10/Windows 10.vbox" with version "1.19-linux"
00:01:50.253300 DCon02   Finished saving settings file "/home/user/VirtualBox VMs/Windows 10/Windows 10.vbox"
00:01:50.286572 DCon01   ERROR [COM]: aRC=VBOX_E_OBJECT_NOT_FOUND (0x80bb0001) aIID={5bfd8965-b81b-469f-8649-f717ce97a5d5} aComponent={NvramStoreWrap} aText={The UEFI NVRAM file is not existing for this machine}, preserve=false aResultDetail=0
00:01:50.343097 DCon01   WARNING [COM]: aRC=NS_ERROR_FAILURE (0x80004005) aIID={d5dcece0-b202-4416-a138-03502784cc07} aComponent={HostWrap} aText={VirtualBox is not currently allowed to access USB devices.  You can change this by adding your user to the 'vboxusers' group.  Please see the user manual for a more detailed explanation}, preserve=true aResultDetail=0
00:01:50.345527 DCon01   WARNING [COM]: aRC=NS_ERROR_FAILURE (0x80004005) aIID={d5dcece0-b202-4416-a138-03502784cc07} aComponent={HostWrap} aText={VirtualBox is not currently allowed to access USB devices.  You can change this by adding your user to the 'vboxusers' group.  Please see the user manual for a more detailed explanation}, preserve=true aResultDetail=0
00:01:55.892363 DCon01   WARNING [COM]: aRC=NS_ERROR_FAILURE (0x80004005) aIID={d5dcece0-b202-4416-a138-03502784cc07} aComponent={HostWrap} aText={VirtualBox is not currently allowed to access USB devices.  You can change this by adding your user to the 'vboxusers' group.  Please see the user manual for a more detailed explanation}, preserve=true aResultDetail=0
00:01:57.422880 DCon01   ERROR [COM]: aRC=VBOX_E_OBJECT_NOT_FOUND (0x80bb0001) aIID={5bfd8965-b81b-469f-8649-f717ce97a5d5} aComponent={NvramStoreWrap} aText={The UEFI NVRAM file is not existing for this machine}, preserve=false aResultDetail=0
00:01:57.483164 DCon14   NetIfAdpCtlOut: VBoxNetAdpCtl: Error while retrieving link speed for wlan0: VBoxNetAdpCtl: ioctl failed: Operation not supported
00:01:57.512060 DCon14   NetIfAdpCtlOut: VBoxNetAdpCtl: Error while retrieving link speed for wlan0: VBoxNetAdpCtl: ioctl failed: Operation not supported
00:01:57.540824 DCon14   WARNING [COM]: aRC=NS_ERROR_FAILURE (0x80004005) aIID={d5dcece0-b202-4416-a138-03502784cc07} aComponent={HostWrap} aText={VirtualBox is not currently allowed to access USB devices.  You can change this by adding your user to the 'vboxusers' group.  Please see the user manual for a more detailed explanation}, preserve=true aResultDetail=0
00:01:57.541450 DCon14   WARNING [COM]: aRC=NS_ERROR_FAILURE (0x80004005) aIID={d5dcece0-b202-4416-a138-03502784cc07} aComponent={HostWrap} aText={VirtualBox is not currently allowed to access USB devices.  You can change this by adding your user to the 'vboxusers' group.  Please see the user manual for a more detailed explanation}, preserve=true aResultDetail=0
00:02:43.325042 DCon05   WARNING [COM]: aRC=NS_ERROR_FAILURE (0x80004005) aIID={d5dcece0-b202-4416-a138-03502784cc07} aComponent={HostWrap} aText={VirtualBox is not currently allowed to access USB devices.  You can change this by adding your user to the 'vboxusers' group.  Please see the user manual for a more detailed explanation}, preserve=true aResultDetail=0
00:02:43.326360 DCon05   Saving settings file "/home/user/VirtualBox VMs/Windows 10/Windows 10.vbox" with version "1.19-linux"
00:02:43.331583 DCon05   Finished saving settings file "/home/user/VirtualBox VMs/Windows 10/Windows 10.vbox"
00:02:43.401950 DCon02   ERROR [COM]: aRC=VBOX_E_OBJECT_NOT_FOUND (0x80bb0001) aIID={5bfd8965-b81b-469f-8649-f717ce97a5d5} aComponent={NvramStoreWrap} aText={The UEFI NVRAM file is not existing for this machine}, preserve=false aResultDetail=0
00:02:43.461604 DCon12   WARNING [COM]: aRC=NS_ERROR_FAILURE (0x80004005) aIID={d5dcece0-b202-4416-a138-03502784cc07} aComponent={HostWrap} aText={VirtualBox is not currently allowed to access USB devices.  You can change this by adding your user to the 'vboxusers' group.  Please see the user manual for a more detailed explanation}, preserve=true aResultDetail=0
00:02:43.464119 DCon12   WARNING [COM]: aRC=NS_ERROR_FAILURE (0x80004005) aIID={d5dcece0-b202-4416-a138-03502784cc07} aComponent={HostWrap} aText={VirtualBox is not currently allowed to access USB devices.  You can change this by adding your user to the 'vboxusers' group.  Please see the user manual for a more detailed explanation}, preserve=true aResultDetail=0
00:02:58.961790 DCon15   WARNING [COM]: aRC=NS_ERROR_FAILURE (0x80004005) aIID={d5dcece0-b202-4416-a138-03502784cc07} aComponent={HostWrap} aText={VirtualBox is not currently allowed to access USB devices.  You can change this by adding your user to the 'vboxusers' group.  Please see the user manual for a more detailed explanation}, preserve=true aResultDetail=0
00:03:00.464670 DCon02   ERROR [COM]: aRC=VBOX_E_OBJECT_NOT_FOUND (0x80bb0001) aIID={5bfd8965-b81b-469f-8649-f717ce97a5d5} aComponent={NvramStoreWrap} aText={The UEFI NVRAM file is not existing for this machine}, preserve=false aResultDetail=0
00:03:00.521682 DCon15   NetIfAdpCtlOut: VBoxNetAdpCtl: Error while retrieving link speed for wlan0: VBoxNetAdpCtl: ioctl failed: Operation not supported
00:03:00.553182 DCon15   NetIfAdpCtlOut: VBoxNetAdpCtl: Error while retrieving link speed for wlan0: VBoxNetAdpCtl: ioctl failed: Operation not supported
00:03:00.581455 DCon15   WARNING [COM]: aRC=NS_ERROR_FAILURE (0x80004005) aIID={d5dcece0-b202-4416-a138-03502784cc07} aComponent={HostWrap} aText={VirtualBox is not currently allowed to access USB devices.  You can change this by adding your user to the 'vboxusers' group.  Please see the user manual for a more detailed explanation}, preserve=true aResultDetail=0
00:03:00.582140 DCon15   WARNING [COM]: aRC=NS_ERROR_FAILURE (0x80004005) aIID={d5dcece0-b202-4416-a138-03502784cc07} aComponent={HostWrap} aText={VirtualBox is not currently allowed to access USB devices.  You can change this by adding your user to the 'vboxusers' group.  Please see the user manual for a more detailed explanation}, preserve=true aResultDetail=0
00:03:46.671369 DCon03   WARNING [COM]: aRC=NS_ERROR_FAILURE (0x80004005) aIID={d5dcece0-b202-4416-a138-03502784cc07} aComponent={HostWrap} aText={VirtualBox is not currently allowed to access USB devices.  You can change this by adding your user to the 'vboxusers' group.  Please see the user manual for a more detailed explanation}, preserve=true aResultDetail=0
00:03:46.673497 DCon03   Saving settings file "/home/user/VirtualBox VMs/Windows 10/Windows 10.vbox" with version "1.19-linux"
00:03:46.679564 DCon03   Finished saving settings file "/home/user/VirtualBox VMs/Windows 10/Windows 10.vbox"
00:03:46.720918 DCon03   ERROR [COM]: aRC=VBOX_E_OBJECT_NOT_FOUND (0x80bb0001) aIID={5bfd8965-b81b-469f-8649-f717ce97a5d5} aComponent={NvramStoreWrap} aText={The UEFI NVRAM file is not existing for this machine}, preserve=false aResultDetail=0
00:03:46.780147 DCon05   WARNING [COM]: aRC=NS_ERROR_FAILURE (0x80004005) aIID={d5dcece0-b202-4416-a138-03502784cc07} aComponent={HostWrap} aText={VirtualBox is not currently allowed to access USB devices.  You can change this by adding your user to the 'vboxusers' group.  Please see the user manual for a more detailed explanation}, preserve=true aResultDetail=0
00:03:46.782389 DCon05   WARNING [COM]: aRC=NS_ERROR_FAILURE (0x80004005) aIID={d5dcece0-b202-4416-a138-03502784cc07} aComponent={HostWrap} aText={VirtualBox is not currently allowed to access USB devices.  You can change this by adding your user to the 'vboxusers' group.  Please see the user manual for a more detailed explanation}, preserve=true aResultDetail=0
00:04:05.513411 DCon03   WARNING [COM]: aRC=NS_ERROR_FAILURE (0x80004005) aIID={d5dcece0-b202-4416-a138-03502784cc07} aComponent={HostWrap} aText={VirtualBox is not currently allowed to access USB devices.  You can change this by adding your user to the 'vboxusers' group.  Please see the user manual for a more detailed explanation}, preserve=true aResultDetail=0
00:04:06.735597 DCon14   ERROR [COM]: aRC=VBOX_E_OBJECT_NOT_FOUND (0x80bb0001) aIID={5bfd8965-b81b-469f-8649-f717ce97a5d5} aComponent={NvramStoreWrap} aText={The UEFI NVRAM file is not existing for this machine}, preserve=false aResultDetail=0
00:04:06.783167 DCon14   NetIfAdpCtlOut: VBoxNetAdpCtl: Error while retrieving link speed for wlan0: VBoxNetAdpCtl: ioctl failed: Operation not supported
00:04:06.803389 DCon14   NetIfAdpCtlOut: VBoxNetAdpCtl: Error while retrieving link speed for wlan0: VBoxNetAdpCtl: ioctl failed: Operation not supported
00:04:06.822807 DCon14   WARNING [COM]: aRC=NS_ERROR_FAILURE (0x80004005) aIID={d5dcece0-b202-4416-a138-03502784cc07} aComponent={HostWrap} aText={VirtualBox is not currently allowed to access USB devices.  You can change this by adding your user to the 'vboxusers' group.  Please see the user manual for a more detailed explanation}, preserve=true aResultDetail=0
00:04:06.823280 DCon14   WARNING [COM]: aRC=NS_ERROR_FAILURE (0x80004005) aIID={d5dcece0-b202-4416-a138-03502784cc07} aComponent={HostWrap} aText={VirtualBox is not currently allowed to access USB devices.  You can change this by adding your user to the 'vboxusers' group.  Please see the user manual for a more detailed explanation}, preserve=true aResultDetail=0
00:04:44.118421 DCon12   Saving settings file "/home/user/.config/VirtualBox/VirtualBox.xml" with version "1.21-linux"
00:04:44.127727 DCon12   Finished saving settings file "/home/user/.config/VirtualBox/VirtualBox.xml"
00:04:44.160305 DCon12   WARNING [COM]: aRC=NS_ERROR_FAILURE (0x80004005) aIID={d5dcece0-b202-4416-a138-03502784cc07} aComponent={HostWrap} aText={VirtualBox is not currently allowed to access USB devices.  You can change this by adding your user to the 'vboxusers' group.  Please see the user manual for a more detailed explanation}, preserve=true aResultDetail=0
00:04:44.161079 DCon12   Saving settings file "/home/user/VirtualBox VMs/Windows 10/Windows 10.vbox" with version "1.19-linux"
00:04:44.167296 DCon12   Finished saving settings file "/home/user/VirtualBox VMs/Windows 10/Windows 10.vbox"
00:04:44.192484 DCon17   ERROR [COM]: aRC=VBOX_E_OBJECT_NOT_FOUND (0x80bb0001) aIID={5bfd8965-b81b-469f-8649-f717ce97a5d5} aComponent={NvramStoreWrap} aText={The UEFI NVRAM file is not existing for this machine}, preserve=false aResultDetail=0
00:04:44.248973 DCon16   WARNING [COM]: aRC=NS_ERROR_FAILURE (0x80004005) aIID={d5dcece0-b202-4416-a138-03502784cc07} aComponent={HostWrap} aText={VirtualBox is not currently allowed to access USB devices.  You can change this by adding your user to the 'vboxusers' group.  Please see the user manual for a more detailed explanation}, preserve=true aResultDetail=0
00:04:44.252319 DCon16   WARNING [COM]: aRC=NS_ERROR_FAILURE (0x80004005) aIID={d5dcece0-b202-4416-a138-03502784cc07} aComponent={HostWrap} aText={VirtualBox is not currently allowed to access USB devices.  You can change this by adding your user to the 'vboxusers' group.  Please see the user manual for a more detailed explanation}, preserve=true aResultDetail=0
00:04:50.296358 DCon18   WARNING [COM]: aRC=NS_ERROR_FAILURE (0x80004005) aIID={d5dcece0-b202-4416-a138-03502784cc07} aComponent={HostWrap} aText={VirtualBox is not currently allowed to access USB devices.  You can change this by adding your user to the 'vboxusers' group.  Please see the user manual for a more detailed explanation}, preserve=true aResultDetail=0
00:04:50.298985 DCon18   WARNING [COM]: aRC=NS_ERROR_FAILURE (0x80004005) aIID={d5dcece0-b202-4416-a138-03502784cc07} aComponent={HostWrap} aText={VirtualBox is not currently allowed to access USB devices.  You can change this by adding your user to the 'vboxusers' group.  Please see the user manual for a more detailed explanation}, preserve=true aResultDetail=0
00:04:50.305255 DCon16   ERROR [COM]: aRC=NS_ERROR_FAILURE (0x80004005) aIID={83cfdc66-4f20-4569-ad39-8722f7d472b3} aComponent={RecordingSettingsWrap} aText={Recording not started}, preserve=false aResultDetail=0
00:04:50.305746 DCon14   WARNING [COM]: aRC=NS_ERROR_FAILURE (0x80004005) aIID={d5dcece0-b202-4416-a138-03502784cc07} aComponent={HostWrap} aText={VirtualBox is not currently allowed to access USB devices.  You can change this by adding your user to the 'vboxusers' group.  Please see the user manual for a more detailed explanation}, preserve=true aResultDetail=0
00:04:50.324527 DCon14   ERROR [COM]: aRC=VBOX_E_OBJECT_NOT_FOUND (0x80bb0001) aIID={5bfd8965-b81b-469f-8649-f717ce97a5d5} aComponent={NvramStoreWrap} aText={The UEFI NVRAM file is not existing for this machine}, preserve=false aResultDetail=0
00:04:50.378729 DCon14   WARNING [COM]: aRC=NS_ERROR_FAILURE (0x80004005) aIID={d5dcece0-b202-4416-a138-03502784cc07} aComponent={HostWrap} aText={VirtualBox is not currently allowed to access USB devices.  You can change this by adding your user to the 'vboxusers' group.  Please see the user manual for a more detailed explanation}, preserve=true aResultDetail=0
00:04:50.381035 DCon14   WARNING [COM]: aRC=NS_ERROR_FAILURE (0x80004005) aIID={d5dcece0-b202-4416-a138-03502784cc07} aComponent={HostWrap} aText={VirtualBox is not currently allowed to access USB devices.  You can change this by adding your user to the 'vboxusers' group.  Please see the user manual for a more detailed explanation}, preserve=true aResultDetail=0
00:04:51.283536 DCon16   WARNING [COM]: aRC=NS_ERROR_FAILURE (0x80004005) aIID={d5dcece0-b202-4416-a138-03502784cc07} aComponent={HostWrap} aText={VirtualBox is not currently allowed to access USB devices.  You can change this by adding your user to the 'vboxusers' group.  Please see the user manual for a more detailed explanation}, preserve=true aResultDetail=0
00:04:51.289542 DCon16   WARNING [COM]: aRC=NS_ERROR_FAILURE (0x80004005) aIID={d5dcece0-b202-4416-a138-03502784cc07} aComponent={HostWrap} aText={VirtualBox is not currently allowed to access USB devices.  You can change this by adding your user to the 'vboxusers' group.  Please see the user manual for a more detailed explanation}, preserve=true aResultDetail=0
00:04:51.292034 DCon16   WARNING [COM]: aRC=NS_ERROR_FAILURE (0x80004005) aIID={d5dcece0-b202-4416-a138-03502784cc07} aComponent={HostWrap} aText={VirtualBox is not currently allowed to access USB devices.  You can change this by adding your user to the 'vboxusers' group.  Please see the user manual for a more detailed explanation}, preserve=true aResultDetail=0
00:04:51.296455 DCon16   ERROR [COM]: aRC=NS_ERROR_FAILURE (0x80004005) aIID={83cfdc66-4f20-4569-ad39-8722f7d472b3} aComponent={RecordingSettingsWrap} aText={Recording not started}, preserve=false aResultDetail=0
00:04:51.301655 DCon16   ERROR [COM]: aRC=VBOX_E_INVALID_VM_STATE (0x80bb0002) aIID={e36a5081-a82a-40bd-9e4e-42a44d6ce50f} aComponent={SessionMachine} aText={The machine is not mutable or saved (state is Stopping)}, preserve=false aResultDetail=0
00:04:51.308031 DCon16   Saving settings file "/home/user/VirtualBox VMs/Windows 10/Windows 10.vbox" with version "1.19-linux"
00:04:51.315097 DCon16   Finished saving settings file "/home/user/VirtualBox VMs/Windows 10/Windows 10.vbox"
00:04:51.339140 DCon05   WARNING [COM]: aRC=NS_ERROR_FAILURE (0x80004005) aIID={d5dcece0-b202-4416-a138-03502784cc07} aComponent={HostWrap} aText={VirtualBox is not currently allowed to access USB devices.  You can change this by adding your user to the 'vboxusers' group.  Please see the user manual for a more detailed explanation}, preserve=true aResultDetail=0
00:04:51.354035 DCon05   WARNING [COM]: aRC=NS_ERROR_FAILURE (0x80004005) aIID={d5dcece0-b202-4416-a138-03502784cc07} aComponent={HostWrap} aText={VirtualBox is not currently allowed to access USB devices.  You can change this by adding your user to the 'vboxusers' group.  Please see the user manual for a more detailed explanation}, preserve=true aResultDetail=0
00:04:51.356162 DCon05   WARNING [COM]: aRC=NS_ERROR_FAILURE (0x80004005) aIID={d5dcece0-b202-4416-a138-03502784cc07} aComponent={HostWrap} aText={VirtualBox is not currently allowed to access USB devices.  You can change this by adding your user to the 'vboxusers' group.  Please see the user manual for a more detailed explanation}, preserve=true aResultDetail=0
00:04:51.360891 DCon05   ERROR [COM]: aRC=NS_ERROR_FAILURE (0x80004005) aIID={83cfdc66-4f20-4569-ad39-8722f7d472b3} aComponent={RecordingSettingsWrap} aText={Recording not started}, preserve=false aResultDetail=0
00:04:51.372064 DCon16   ERROR [COM]: aRC=VBOX_E_OBJECT_NOT_FOUND (0x80bb0001) aIID={5bfd8965-b81b-469f-8649-f717ce97a5d5} aComponent={NvramStoreWrap} aText={The UEFI NVRAM file is not existing for this machine}, preserve=false aResultDetail=0
00:04:51.399980 DCon16   WARNING [COM]: aRC=NS_ERROR_FAILURE (0x80004005) aIID={d5dcece0-b202-4416-a138-03502784cc07} aComponent={HostWrap} aText={VirtualBox is not currently allowed to access USB devices.  You can change this by adding your user to the 'vboxusers' group.  Please see the user manual for a more detailed explanation}, preserve=true aResultDetail=0
00:04:51.402043 DCon16   WARNING [COM]: aRC=NS_ERROR_FAILURE (0x80004005) aIID={d5dcece0-b202-4416-a138-03502784cc07} aComponent={HostWrap} aText={VirtualBox is not currently allowed to access USB devices.  You can change this by adding your user to the 'vboxusers' group.  Please see the user manual for a more detailed explanation}, preserve=true aResultDetail=0
00:04:52.002871 DCon16   ERROR [COM]: aRC=NS_ERROR_INVALID_ARG (0x80070057) aIID={e36a5081-a82a-40bd-9e4e-42a44d6ce50f} aComponent={SessionMachine} aText={Properties with TRANSIENT or TRANSRESET flag cannot be set or modified if VM is not running}, preserve=false aResultDetail=0
00:04:52.901164 DCon02   ERROR [COM]: aRC=VBOX_E_OBJECT_NOT_FOUND (0x80bb0001) aIID={5bfd8965-b81b-469f-8649-f717ce97a5d5} aComponent={NvramStoreWrap} aText={The UEFI NVRAM file is not existing for this machine}, preserve=false aResultDetail=0
00:04:53.051951 DCon12   WARNING [COM]: aRC=NS_ERROR_FAILURE (0x80004005) aIID={d5dcece0-b202-4416-a138-03502784cc07} aComponent={HostWrap} aText={VirtualBox is not currently allowed to access USB devices.  You can change this by adding your user to the 'vboxusers' group.  Please see the user manual for a more detailed explanation}, preserve=true aResultDetail=0
00:04:53.054537 DCon12   WARNING [COM]: aRC=NS_ERROR_FAILURE (0x80004005) aIID={d5dcece0-b202-4416-a138-03502784cc07} aComponent={HostWrap} aText={VirtualBox is not currently allowed to access USB devices.  You can change this by adding your user to the 'vboxusers' group.  Please see the user manual for a more detailed explanation}, preserve=true aResultDetail=0
00:04:54.425427 DCon12   Launched VM: 1240674752 pid: 46402 (0xb542) frontend: GUI/Qt name: Windows 10
00:04:54.512487 DCon18   ERROR [COM]: aRC=VBOX_E_OBJECT_NOT_FOUND (0x80bb0001) aIID={5bfd8965-b81b-469f-8649-f717ce97a5d5} aComponent={NvramStoreWrap} aText={The UEFI NVRAM file is not existing for this machine}, preserve=false aResultDetail=0
00:04:54.664433 DCon18   WARNING [COM]: aRC=NS_ERROR_FAILURE (0x80004005) aIID={d5dcece0-b202-4416-a138-03502784cc07} aComponent={HostWrap} aText={VirtualBox is not currently allowed to access USB devices.  You can change this by adding your user to the 'vboxusers' group.  Please see the user manual for a more detailed explanation}, preserve=true aResultDetail=0
00:04:54.666601 DCon18   WARNING [COM]: aRC=NS_ERROR_FAILURE (0x80004005) aIID={d5dcece0-b202-4416-a138-03502784cc07} aComponent={HostWrap} aText={VirtualBox is not currently allowed to access USB devices.  You can change this by adding your user to the 'vboxusers' group.  Please see the user manual for a more detailed explanation}, preserve=true aResultDetail=0
00:04:55.224290 DCon14   Platform architecture set to 'x86'
00:04:55.259941 DCon05   ERROR [COM]: aRC=VBOX_E_OBJECT_NOT_FOUND (0x80bb0001) aIID={5bfd8965-b81b-469f-8649-f717ce97a5d5} aComponent={NvramStoreWrap} aText={The UEFI NVRAM file is not existing for this machine}, preserve=false aResultDetail=0
00:04:55.295811 DCon19   WARNING [COM]: aRC=NS_ERROR_FAILURE (0x80004005) aIID={d5dcece0-b202-4416-a138-03502784cc07} aComponent={HostWrap} aText={VirtualBox is not currently allowed to access USB devices.  You can change this by adding your user to the 'vboxusers' group.  Please see the user manual for a more detailed explanation}, preserve=true aResultDetail=0
00:04:55.298289 DCon19   WARNING [COM]: aRC=NS_ERROR_FAILURE (0x80004005) aIID={d5dcece0-b202-4416-a138-03502784cc07} aComponent={HostWrap} aText={VirtualBox is not currently allowed to access USB devices.  You can change this by adding your user to the 'vboxusers' group.  Please see the user manual for a more detailed explanation}, preserve=true aResultDetail=0
00:04:56.577472 DCon19   WARNING [COM]: aRC=NS_ERROR_FAILURE (0x80004005) aIID={d5dcece0-b202-4416-a138-03502784cc07} aComponent={HostWrap} aText={VirtualBox is not currently allowed to access USB devices.  You can change this by adding your user to the 'vboxusers' group.  Please see the user manual for a more detailed explanation}, preserve=true aResultDetail=0
00:04:56.579443 DCon19   WARNING [COM]: aRC=NS_ERROR_FAILURE (0x80004005) aIID={d5dcece0-b202-4416-a138-03502784cc07} aComponent={HostWrap} aText={VirtualBox is not currently allowed to access USB devices.  You can change this by adding your user to the 'vboxusers' group.  Please see the user manual for a more detailed explanation}, preserve=true aResultDetail=0
00:04:56.580915 DCon19   WARNING [COM]: aRC=NS_ERROR_FAILURE (0x80004005) aIID={d5dcece0-b202-4416-a138-03502784cc07} aComponent={HostWrap} aText={VirtualBox is not currently allowed to access USB devices.  You can change this by adding your user to the 'vboxusers' group.  Please see the user manual for a more detailed explanation}, preserve=true aResultDetail=0
00:04:56.707883 DCon16   WARNING [COM]: aRC=NS_ERROR_FAILURE (0x80004005) aIID={d5dcece0-b202-4416-a138-03502784cc07} aComponent={HostWrap} aText={VirtualBox is not currently allowed to access USB devices.  You can change this by adding your user to the 'vboxusers' group.  Please see the user manual for a more detailed explanation}, preserve=true aResultDetail=0
00:04:56.710461 DCon16   WARNING [COM]: aRC=NS_ERROR_FAILURE (0x80004005) aIID={d5dcece0-b202-4416-a138-03502784cc07} aComponent={HostWrap} aText={VirtualBox is not currently allowed to access USB devices.  You can change this by adding your user to the 'vboxusers' group.  Please see the user manual for a more detailed explanation}, preserve=true aResultDetail=0
00:04:56.720153 DCon16   ERROR [COM]: aRC=NS_ERROR_FAILURE (0x80004005) aIID={83cfdc66-4f20-4569-ad39-8722f7d472b3} aComponent={RecordingSettingsWrap} aText={Recording not started}, preserve=false aResultDetail=0
00:04:56.818617 DCon16   NetIfAdpCtlOut: VBoxNetAdpCtl: Error while retrieving link speed for wlan0: VBoxNetAdpCtl: ioctl failed: Operation not supported
00:04:56.828889 DCon16   WARNING [COM]: aRC=NS_ERROR_FAILURE (0x80004005) aIID={d5dcece0-b202-4416-a138-03502784cc07} aComponent={HostWrap} aText={VirtualBox is not currently allowed to access USB devices.  You can change this by adding your user to the 'vboxusers' group.  Please see the user manual for a more detailed explanation}, preserve=false aResultDetail=0
00:04:56.830811 DCon16   WARNING [COM]: aRC=NS_ERROR_FAILURE (0x80004005) aIID={d5dcece0-b202-4416-a138-03502784cc07} aComponent={HostWrap} aText={VirtualBox is not currently allowed to access USB devices.  You can change this by adding your user to the 'vboxusers' group.  Please see the user manual for a more detailed explanation}, preserve=true aResultDetail=0
00:04:56.831227 DCon16   WARNING [COM]: aRC=NS_ERROR_FAILURE (0x80004005) aIID={d5dcece0-b202-4416-a138-03502784cc07} aComponent={HostWrap} aText={VirtualBox is not currently allowed to access USB devices.  You can change this by adding your user to the 'vboxusers' group.  Please see the user manual for a more detailed explanation}, preserve=true aResultDetail=0
00:04:56.874311 DCon18   WARNING [COM]: aRC=NS_ERROR_FAILURE (0x80004005) aIID={d5dcece0-b202-4416-a138-03502784cc07} aComponent={HostWrap} aText={VirtualBox is not currently allowed to access USB devices.  You can change this by adding your user to the 'vboxusers' group.  Please see the user manual for a more detailed explanation}, preserve=true aResultDetail=0
00:04:56.912194 DCon05   WARNING [COM]: aRC=NS_ERROR_FAILURE (0x80004005) aIID={d5dcece0-b202-4416-a138-03502784cc07} aComponent={HostWrap} aText={VirtualBox is not currently allowed to access USB devices.  You can change this by adding your user to the 'vboxusers' group.  Please see the user manual for a more detailed explanation}, preserve=true aResultDetail=0
00:04:56.933460 DCon05   ERROR [COM]: aRC=VBOX_E_OBJECT_NOT_FOUND (0x80bb0001) aIID={5bfd8965-b81b-469f-8649-f717ce97a5d5} aComponent={NvramStoreWrap} aText={The UEFI NVRAM file is not existing for this machine}, preserve=false aResultDetail=0
00:04:57.006504 DCon05   WARNING [COM]: aRC=NS_ERROR_FAILURE (0x80004005) aIID={d5dcece0-b202-4416-a138-03502784cc07} aComponent={HostWrap} aText={VirtualBox is not currently allowed to access USB devices.  You can change this by adding your user to the 'vboxusers' group.  Please see the user manual for a more detailed explanation}, preserve=true aResultDetail=0
00:04:57.009390 DCon05   WARNING [COM]: aRC=NS_ERROR_FAILURE (0x80004005) aIID={d5dcece0-b202-4416-a138-03502784cc07} aComponent={HostWrap} aText={VirtualBox is not currently allowed to access USB devices.  You can change this by adding your user to the 'vboxusers' group.  Please see the user manual for a more detailed explanation}, preserve=true aResultDetail=0
00:04:57.013333 DCon05   ERROR [COM]: aRC=NS_ERROR_FAILURE (0x80004005) aIID={83cfdc66-4f20-4569-ad39-8722f7d472b3} aComponent={RecordingSettingsWrap} aText={Recording not started}, preserve=false aResultDetail=0
00:04:57.067914 DCon05   WARNING [COM]: aRC=NS_ERROR_FAILURE (0x80004005) aIID={d5dcece0-b202-4416-a138-03502784cc07} aComponent={HostWrap} aText={VirtualBox is not currently allowed to access USB devices.  You can change this by adding your user to the 'vboxusers' group.  Please see the user manual for a more detailed explanation}, preserve=true aResultDetail=0
00:04:57.071092 DCon18   WARNING [COM]: aRC=NS_ERROR_FAILURE (0x80004005) aIID={d5dcece0-b202-4416-a138-03502784cc07} aComponent={HostWrap} aText={VirtualBox is not currently allowed to access USB devices.  You can change this by adding your user to the 'vboxusers' group.  Please see the user manual for a more detailed explanation}, preserve=true aResultDetail=0
00:04:57.265895 DCon18   ERROR [COM]: aRC=VBOX_E_OBJECT_NOT_FOUND (0x80bb0001) aIID={7d510820-a678-4730-a862-818dcd3fbed0} aComponent={MediumWrap} aText={Property 'CRYPT/KeyId' does not exist}, preserve=false aResultDetail=0
00:04:57.269869 DCon18   HostDnsMonitorProxy::GetDomainName: no domain set
00:04:57.270107 DCon18   HostDnsMonitorProxy::GetNameServers:
00:04:57.270121 DCon18     name server 1: 10.135.172.168
00:04:57.270132 DCon18     name server 2: 2a02:2378:1029:eecc::60
00:04:57.270340 DCon18   HostDnsMonitorProxy::GetSearchStrings:
00:04:57.270353 DCon18     no search string entries
00:04:57.306015 DCon18   WARNING [COM]: aRC=NS_ERROR_FAILURE (0x80004005) aIID={d5dcece0-b202-4416-a138-03502784cc07} aComponent={HostWrap} aText={VirtualBox is not currently allowed to access USB devices.  You can change this by adding your user to the 'vboxusers' group.  Please see the user manual for a more detailed explanation}, preserve=true aResultDetail=0
00:04:57.308765 DCon02   WARNING [COM]: aRC=NS_ERROR_FAILURE (0x80004005) aIID={d5dcece0-b202-4416-a138-03502784cc07} aComponent={HostWrap} aText={VirtualBox is not currently allowed to access USB devices.  You can change this by adding your user to the 'vboxusers' group.  Please see the user manual for a more detailed explanation}, preserve=true aResultDetail=0
00:04:57.314117 DCon02   ERROR [COM]: aRC=NS_ERROR_FAILURE (0x80004005) aIID={83cfdc66-4f20-4569-ad39-8722f7d472b3} aComponent={RecordingSettingsWrap} aText={Recording not started}, preserve=false aResultDetail=0
00:04:57.345623 DCon18   WARNING [COM]: aRC=NS_ERROR_FAILURE (0x80004005) aIID={d5dcece0-b202-4416-a138-03502784cc07} aComponent={HostWrap} aText={VirtualBox is not currently allowed to access USB devices.  You can change this by adding your user to the 'vboxusers' group.  Please see the user manual for a more detailed explanation}, preserve=true aResultDetail=0
00:04:57.400346 DCon18   ERROR [COM]: aRC=VBOX_E_OBJECT_NOT_FOUND (0x80bb0001) aIID={5bfd8965-b81b-469f-8649-f717ce97a5d5} aComponent={NvramStoreWrap} aText={The UEFI NVRAM file is not existing for this machine}, preserve=false aResultDetail=0
00:04:57.549089 DCon14   WARNING [COM]: aRC=NS_ERROR_FAILURE (0x80004005) aIID={d5dcece0-b202-4416-a138-03502784cc07} aComponent={HostWrap} aText={VirtualBox is not currently allowed to access USB devices.  You can change this by adding your user to the 'vboxusers' group.  Please see the user manual for a more detailed explanation}, preserve=true aResultDetail=0
00:04:57.551748 DCon14   WARNING [COM]: aRC=NS_ERROR_FAILURE (0x80004005) aIID={d5dcece0-b202-4416-a138-03502784cc07} aComponent={HostWrap} aText={VirtualBox is not currently allowed to access USB devices.  You can change this by adding your user to the 'vboxusers' group.  Please see the user manual for a more detailed explanation}, preserve=true aResultDetail=0
00:05:54.407006 DCon21   WARNING [COM]: aRC=NS_ERROR_FAILURE (0x80004005) aIID={d5dcece0-b202-4416-a138-03502784cc07} aComponent={HostWrap} aText={VirtualBox is not currently allowed to access USB devices.  You can change this by adding your user to the 'vboxusers' group.  Please see the user manual for a more detailed explanation}, preserve=true aResultDetail=0
00:05:56.140202 DCon22   ERROR [COM]: aRC=VBOX_E_OBJECT_NOT_FOUND (0x80bb0001) aIID={5bfd8965-b81b-469f-8649-f717ce97a5d5} aComponent={NvramStoreWrap} aText={The UEFI NVRAM file is not existing for this machine}, preserve=false aResultDetail=0
00:05:56.214897 DCon21   NetIfAdpCtlOut: VBoxNetAdpCtl: Error while retrieving link speed for wlan0: VBoxNetAdpCtl: ioctl failed: Operation not supported
00:05:56.243161 DCon21   NetIfAdpCtlOut: VBoxNetAdpCtl: Error while retrieving link speed for wlan0: VBoxNetAdpCtl: ioctl failed: Operation not supported
00:05:56.275465 DCon12   WARNING [COM]: aRC=NS_ERROR_FAILURE (0x80004005) aIID={d5dcece0-b202-4416-a138-03502784cc07} aComponent={HostWrap} aText={VirtualBox is not currently allowed to access USB devices.  You can change this by adding your user to the 'vboxusers' group.  Please see the user manual for a more detailed explanation}, preserve=true aResultDetail=0
00:05:56.276148 DCon12   WARNING [COM]: aRC=NS_ERROR_FAILURE (0x80004005) aIID={d5dcece0-b202-4416-a138-03502784cc07} aComponent={HostWrap} aText={VirtualBox is not currently allowed to access USB devices.  You can change this by adding your user to the 'vboxusers' group.  Please see the user manual for a more detailed explanation}, preserve=true aResultDetail=0
00:06:12.229161 DCon20   WARNING [COM]: aRC=NS_ERROR_FAILURE (0x80004005) aIID={d5dcece0-b202-4416-a138-03502784cc07} aComponent={HostWrap} aText={VirtualBox is not currently allowed to access USB devices.  You can change this by adding your user to the 'vboxusers' group.  Please see the user manual for a more detailed explanation}, preserve=true aResultDetail=0
00:06:12.229875 DCon20   Saving settings file "/home/user/VirtualBox VMs/Windows 10/Windows 10.vbox" with version "1.19-linux"
00:06:12.234246 DCon20   Finished saving settings file "/home/user/VirtualBox VMs/Windows 10/Windows 10.vbox"
00:06:12.257712 DCon02   ERROR [COM]: aRC=VBOX_E_OBJECT_NOT_FOUND (0x80bb0001) aIID={5bfd8965-b81b-469f-8649-f717ce97a5d5} aComponent={NvramStoreWrap} aText={The UEFI NVRAM file is not existing for this machine}, preserve=false aResultDetail=0
00:06:12.321035 DCon02   WARNING [COM]: aRC=NS_ERROR_FAILURE (0x80004005) aIID={d5dcece0-b202-4416-a138-03502784cc07} aComponent={HostWrap} aText={VirtualBox is not currently allowed to access USB devices.  You can change this by adding your user to the 'vboxusers' group.  Please see the user manual for a more detailed explanation}, preserve=true aResultDetail=0
00:06:12.323953 DCon02   WARNING [COM]: aRC=NS_ERROR_FAILURE (0x80004005) aIID={d5dcece0-b202-4416-a138-03502784cc07} aComponent={HostWrap} aText={VirtualBox is not currently allowed to access USB devices.  You can change this by adding your user to the 'vboxusers' group.  Please see the user manual for a more detailed explanation}, preserve=true aResultDetail=0
00:06:18.898826 DCon25   WARNING [COM]: aRC=NS_ERROR_FAILURE (0x80004005) aIID={d5dcece0-b202-4416-a138-03502784cc07} aComponent={HostWrap} aText={VirtualBox is not currently allowed to access USB devices.  You can change this by adding your user to the 'vboxusers' group.  Please see the user manual for a more detailed explanation}, preserve=true aResultDetail=0
00:06:18.901304 DCon25   WARNING [COM]: aRC=NS_ERROR_FAILURE (0x80004005) aIID={d5dcece0-b202-4416-a138-03502784cc07} aComponent={HostWrap} aText={VirtualBox is not currently allowed to access USB devices.  You can change this by adding your user to the 'vboxusers' group.  Please see the user manual for a more detailed explanation}, preserve=true aResultDetail=0
00:06:18.903715 DCon25   WARNING [COM]: aRC=NS_ERROR_FAILURE (0x80004005) aIID={d5dcece0-b202-4416-a138-03502784cc07} aComponent={HostWrap} aText={VirtualBox is not currently allowed to access USB devices.  You can change this by adding your user to the 'vboxusers' group.  Please see the user manual for a more detailed explanation}, preserve=true aResultDetail=0
00:06:18.908847 DCon25   ERROR [COM]: aRC=NS_ERROR_FAILURE (0x80004005) aIID={83cfdc66-4f20-4569-ad39-8722f7d472b3} aComponent={RecordingSettingsWrap} aText={Recording not started}, preserve=false aResultDetail=0
00:06:18.918881 DCon25   ERROR [COM]: aRC=VBOX_E_OBJECT_NOT_FOUND (0x80bb0001) aIID={5bfd8965-b81b-469f-8649-f717ce97a5d5} aComponent={NvramStoreWrap} aText={The UEFI NVRAM file is not existing for this machine}, preserve=false aResultDetail=0
00:06:18.976977 DCon12   WARNING [COM]: aRC=NS_ERROR_FAILURE (0x80004005) aIID={d5dcece0-b202-4416-a138-03502784cc07} aComponent={HostWrap} aText={VirtualBox is not currently allowed to access USB devices.  You can change this by adding your user to the 'vboxusers' group.  Please see the user manual for a more detailed explanation}, preserve=true aResultDetail=0
00:06:18.979317 DCon12   WARNING [COM]: aRC=NS_ERROR_FAILURE (0x80004005) aIID={d5dcece0-b202-4416-a138-03502784cc07} aComponent={HostWrap} aText={VirtualBox is not currently allowed to access USB devices.  You can change this by adding your user to the 'vboxusers' group.  Please see the user manual for a more detailed explanation}, preserve=true aResultDetail=0
00:06:19.927671 DCon26   WARNING [COM]: aRC=NS_ERROR_FAILURE (0x80004005) aIID={d5dcece0-b202-4416-a138-03502784cc07} aComponent={HostWrap} aText={VirtualBox is not currently allowed to access USB devices.  You can change this by adding your user to the 'vboxusers' group.  Please see the user manual for a more detailed explanation}, preserve=true aResultDetail=0
00:06:19.927781 DCon20   WARNING [COM]: aRC=NS_ERROR_FAILURE (0x80004005) aIID={d5dcece0-b202-4416-a138-03502784cc07} aComponent={HostWrap} aText={VirtualBox is not currently allowed to access USB devices.  You can change this by adding your user to the 'vboxusers' group.  Please see the user manual for a more detailed explanation}, preserve=true aResultDetail=0
00:06:19.930516 DCon20   WARNING [COM]: aRC=NS_ERROR_FAILURE (0x80004005) aIID={d5dcece0-b202-4416-a138-03502784cc07} aComponent={HostWrap} aText={VirtualBox is not currently allowed to access USB devices.  You can change this by adding your user to the 'vboxusers' group.  Please see the user manual for a more detailed explanation}, preserve=true aResultDetail=0
00:06:19.936641 DCon26   ERROR [COM]: aRC=NS_ERROR_FAILURE (0x80004005) aIID={83cfdc66-4f20-4569-ad39-8722f7d472b3} aComponent={RecordingSettingsWrap} aText={Recording not started}, preserve=false aResultDetail=0
00:06:19.941694 DCon26   Saving settings file "/home/user/VirtualBox VMs/Windows 10/Windows 10.vbox" with version "1.19-linux"
00:06:19.948742 DCon26   Finished saving settings file "/home/user/VirtualBox VMs/Windows 10/Windows 10.vbox"
00:06:19.949209 DCon20   ERROR [COM]: aRC=NS_ERROR_INVALID_ARG (0x80070057) aIID={e36a5081-a82a-40bd-9e4e-42a44d6ce50f} aComponent={SessionMachine} aText={Properties with TRANSIENT or TRANSRESET flag cannot be set or modified if VM is not running}, preserve=false aResultDetail=0
00:06:19.978516 DCon20   WARNING [COM]: aRC=NS_ERROR_FAILURE (0x80004005) aIID={d5dcece0-b202-4416-a138-03502784cc07} aComponent={HostWrap} aText={VirtualBox is not currently allowed to access USB devices.  You can change this by adding your user to the 'vboxusers' group.  Please see the user manual for a more detailed explanation}, preserve=true aResultDetail=0
00:06:20.000853 DCon20   WARNING [COM]: aRC=NS_ERROR_FAILURE (0x80004005) aIID={d5dcece0-b202-4416-a138-03502784cc07} aComponent={HostWrap} aText={VirtualBox is not currently allowed to access USB devices.  You can change this by adding your user to the 'vboxusers' group.  Please see the user manual for a more detailed explanation}, preserve=true aResultDetail=0
00:06:20.003544 DCon20   WARNING [COM]: aRC=NS_ERROR_FAILURE (0x80004005) aIID={d5dcece0-b202-4416-a138-03502784cc07} aComponent={HostWrap} aText={VirtualBox is not currently allowed to access USB devices.  You can change this by adding your user to the 'vboxusers' group.  Please see the user manual for a more detailed explanation}, preserve=true aResultDetail=0
00:06:20.010274 DCon20   ERROR [COM]: aRC=NS_ERROR_FAILURE (0x80004005) aIID={83cfdc66-4f20-4569-ad39-8722f7d472b3} aComponent={RecordingSettingsWrap} aText={Recording not started}, preserve=false aResultDetail=0
00:06:20.012091 DCon20   ERROR [COM]: aRC=VBOX_E_OBJECT_NOT_FOUND (0x80bb0001) aIID={5bfd8965-b81b-469f-8649-f717ce97a5d5} aComponent={NvramStoreWrap} aText={The UEFI NVRAM file is not existing for this machine}, preserve=false aResultDetail=0
00:06:20.039625 DCon02   WARNING [COM]: aRC=NS_ERROR_FAILURE (0x80004005) aIID={d5dcece0-b202-4416-a138-03502784cc07} aComponent={HostWrap} aText={VirtualBox is not currently allowed to access USB devices.  You can change this by adding your user to the 'vboxusers' group.  Please see the user manual for a more detailed explanation}, preserve=true aResultDetail=0
00:06:20.041874 DCon20   WARNING [COM]: aRC=NS_ERROR_FAILURE (0x80004005) aIID={d5dcece0-b202-4416-a138-03502784cc07} aComponent={HostWrap} aText={VirtualBox is not currently allowed to access USB devices.  You can change this by adding your user to the 'vboxusers' group.  Please see the user manual for a more detailed explanation}, preserve=true aResultDetail=0
00:06:20.602703 DCon25   ERROR [COM]: aRC=NS_ERROR_INVALID_ARG (0x80070057) aIID={e36a5081-a82a-40bd-9e4e-42a44d6ce50f} aComponent={SessionMachine} aText={Properties with TRANSIENT or TRANSRESET flag cannot be set or modified if VM is not running}, preserve=false aResultDetail=0
00:06:21.532348 DCon25   ERROR [COM]: aRC=VBOX_E_OBJECT_NOT_FOUND (0x80bb0001) aIID={5bfd8965-b81b-469f-8649-f717ce97a5d5} aComponent={NvramStoreWrap} aText={The UEFI NVRAM file is not existing for this machine}, preserve=false aResultDetail=0
00:06:21.684668 DCon25   WARNING [COM]: aRC=NS_ERROR_FAILURE (0x80004005) aIID={d5dcece0-b202-4416-a138-03502784cc07} aComponent={HostWrap} aText={VirtualBox is not currently allowed to access USB devices.  You can change this by adding your user to the 'vboxusers' group.  Please see the user manual for a more detailed explanation}, preserve=true aResultDetail=0
00:06:21.687801 DCon25   WARNING [COM]: aRC=NS_ERROR_FAILURE (0x80004005) aIID={d5dcece0-b202-4416-a138-03502784cc07} aComponent={HostWrap} aText={VirtualBox is not currently allowed to access USB devices.  You can change this by adding your user to the 'vboxusers' group.  Please see the user manual for a more detailed explanation}, preserve=true aResultDetail=0
00:06:22.537145 DCon21   Launched VM: 1240651632 pid: 47499 (0xb98b) frontend: GUI/Qt name: Windows 10
00:06:22.628635 DCon12   ERROR [COM]: aRC=VBOX_E_OBJECT_NOT_FOUND (0x80bb0001) aIID={5bfd8965-b81b-469f-8649-f717ce97a5d5} aComponent={NvramStoreWrap} aText={The UEFI NVRAM file is not existing for this machine}, preserve=false aResultDetail=0
00:06:22.790894 DCon25   WARNING [COM]: aRC=NS_ERROR_FAILURE (0x80004005) aIID={d5dcece0-b202-4416-a138-03502784cc07} aComponent={HostWrap} aText={VirtualBox is not currently allowed to access USB devices.  You can change this by adding your user to the 'vboxusers' group.  Please see the user manual for a more detailed explanation}, preserve=true aResultDetail=0
00:06:22.793794 DCon25   WARNING [COM]: aRC=NS_ERROR_FAILURE (0x80004005) aIID={d5dcece0-b202-4416-a138-03502784cc07} aComponent={HostWrap} aText={VirtualBox is not currently allowed to access USB devices.  You can change this by adding your user to the 'vboxusers' group.  Please see the user manual for a more detailed explanation}, preserve=true aResultDetail=0
00:06:23.268383 DCon02   Platform architecture set to 'x86'
00:06:23.322436 DCon20   ERROR [COM]: aRC=VBOX_E_OBJECT_NOT_FOUND (0x80bb0001) aIID={5bfd8965-b81b-469f-8649-f717ce97a5d5} aComponent={NvramStoreWrap} aText={The UEFI NVRAM file is not existing for this machine}, preserve=false aResultDetail=0
00:06:23.354363 DCon20   WARNING [COM]: aRC=NS_ERROR_FAILURE (0x80004005) aIID={d5dcece0-b202-4416-a138-03502784cc07} aComponent={HostWrap} aText={VirtualBox is not currently allowed to access USB devices.  You can change this by adding your user to the 'vboxusers' group.  Please see the user manual for a more detailed explanation}, preserve=true aResultDetail=0
00:06:23.357938 DCon20   WARNING [COM]: aRC=NS_ERROR_FAILURE (0x80004005) aIID={d5dcece0-b202-4416-a138-03502784cc07} aComponent={HostWrap} aText={VirtualBox is not currently allowed to access USB devices.  You can change this by adding your user to the 'vboxusers' group.  Please see the user manual for a more detailed explanation}, preserve=true aResultDetail=0
00:06:24.626253 DCon20   WARNING [COM]: aRC=NS_ERROR_FAILURE (0x80004005) aIID={d5dcece0-b202-4416-a138-03502784cc07} aComponent={HostWrap} aText={VirtualBox is not currently allowed to access USB devices.  You can change this by adding your user to the 'vboxusers' group.  Please see the user manual for a more detailed explanation}, preserve=true aResultDetail=0
00:06:24.628472 DCon20   WARNING [COM]: aRC=NS_ERROR_FAILURE (0x80004005) aIID={d5dcece0-b202-4416-a138-03502784cc07} aComponent={HostWrap} aText={VirtualBox is not currently allowed to access USB devices.  You can change this by adding your user to the 'vboxusers' group.  Please see the user manual for a more detailed explanation}, preserve=true aResultDetail=0
00:06:24.629980 DCon20   WARNING [COM]: aRC=NS_ERROR_FAILURE (0x80004005) aIID={d5dcece0-b202-4416-a138-03502784cc07} aComponent={HostWrap} aText={VirtualBox is not currently allowed to access USB devices.  You can change this by adding your user to the 'vboxusers' group.  Please see the user manual for a more detailed explanation}, preserve=true aResultDetail=0
00:06:24.746096 DCon20   WARNING [COM]: aRC=NS_ERROR_FAILURE (0x80004005) aIID={d5dcece0-b202-4416-a138-03502784cc07} aComponent={HostWrap} aText={VirtualBox is not currently allowed to access USB devices.  You can change this by adding your user to the 'vboxusers' group.  Please see the user manual for a more detailed explanation}, preserve=true aResultDetail=0
00:06:24.748340 DCon20   WARNING [COM]: aRC=NS_ERROR_FAILURE (0x80004005) aIID={d5dcece0-b202-4416-a138-03502784cc07} aComponent={HostWrap} aText={VirtualBox is not currently allowed to access USB devices.  You can change this by adding your user to the 'vboxusers' group.  Please see the user manual for a more detailed explanation}, preserve=true aResultDetail=0
00:06:24.758809 DCon20   ERROR [COM]: aRC=NS_ERROR_FAILURE (0x80004005) aIID={83cfdc66-4f20-4569-ad39-8722f7d472b3} aComponent={RecordingSettingsWrap} aText={Recording not started}, preserve=false aResultDetail=0
00:06:24.866479 DCon21   NetIfAdpCtlOut: VBoxNetAdpCtl: Error while retrieving link speed for wlan0: VBoxNetAdpCtl: ioctl failed: Operation not supported
00:06:24.877644 DCon21   WARNING [COM]: aRC=NS_ERROR_FAILURE (0x80004005) aIID={d5dcece0-b202-4416-a138-03502784cc07} aComponent={HostWrap} aText={VirtualBox is not currently allowed to access USB devices.  You can change this by adding your user to the 'vboxusers' group.  Please see the user manual for a more detailed explanation}, preserve=false aResultDetail=0
00:06:24.879899 DCon21   WARNING [COM]: aRC=NS_ERROR_FAILURE (0x80004005) aIID={d5dcece0-b202-4416-a138-03502784cc07} aComponent={HostWrap} aText={VirtualBox is not currently allowed to access USB devices.  You can change this by adding your user to the 'vboxusers' group.  Please see the user manual for a more detailed explanation}, preserve=true aResultDetail=0
00:06:24.880274 DCon21   WARNING [COM]: aRC=NS_ERROR_FAILURE (0x80004005) aIID={d5dcece0-b202-4416-a138-03502784cc07} aComponent={HostWrap} aText={VirtualBox is not currently allowed to access USB devices.  You can change this by adding your user to the 'vboxusers' group.  Please see the user manual for a more detailed explanation}, preserve=true aResultDetail=0
00:06:24.928381 DCon21   WARNING [COM]: aRC=NS_ERROR_FAILURE (0x80004005) aIID={d5dcece0-b202-4416-a138-03502784cc07} aComponent={HostWrap} aText={VirtualBox is not currently allowed to access USB devices.  You can change this by adding your user to the 'vboxusers' group.  Please see the user manual for a more detailed explanation}, preserve=true aResultDetail=0
00:06:24.967546 DCon02   WARNING [COM]: aRC=NS_ERROR_FAILURE (0x80004005) aIID={d5dcece0-b202-4416-a138-03502784cc07} aComponent={HostWrap} aText={VirtualBox is not currently allowed to access USB devices.  You can change this by adding your user to the 'vboxusers' group.  Please see the user manual for a more detailed explanation}, preserve=true aResultDetail=0
00:06:25.002694 DCon02   ERROR [COM]: aRC=VBOX_E_OBJECT_NOT_FOUND (0x80bb0001) aIID={5bfd8965-b81b-469f-8649-f717ce97a5d5} aComponent={NvramStoreWrap} aText={The UEFI NVRAM file is not existing for this machine}, preserve=false aResultDetail=0
00:06:25.068669 DCon27   WARNING [COM]: aRC=NS_ERROR_FAILURE (0x80004005) aIID={d5dcece0-b202-4416-a138-03502784cc07} aComponent={HostWrap} aText={VirtualBox is not currently allowed to access USB devices.  You can change this by adding your user to the 'vboxusers' group.  Please see the user manual for a more detailed explanation}, preserve=true aResultDetail=0
00:06:25.073490 DCon27   WARNING [COM]: aRC=NS_ERROR_FAILURE (0x80004005) aIID={d5dcece0-b202-4416-a138-03502784cc07} aComponent={HostWrap} aText={VirtualBox is not currently allowed to access USB devices.  You can change this by adding your user to the 'vboxusers' group.  Please see the user manual for a more detailed explanation}, preserve=true aResultDetail=0
00:06:25.077464 DCon02   ERROR [COM]: aRC=NS_ERROR_FAILURE (0x80004005) aIID={83cfdc66-4f20-4569-ad39-8722f7d472b3} aComponent={RecordingSettingsWrap} aText={Recording not started}, preserve=false aResultDetail=0
00:06:25.124942 DCon02   WARNING [COM]: aRC=NS_ERROR_FAILURE (0x80004005) aIID={d5dcece0-b202-4416-a138-03502784cc07} aComponent={HostWrap} aText={VirtualBox is not currently allowed to access USB devices.  You can change this by adding your user to the 'vboxusers' group.  Please see the user manual for a more detailed explanation}, preserve=true aResultDetail=0
00:06:25.127637 DCon02   WARNING [COM]: aRC=NS_ERROR_FAILURE (0x80004005) aIID={d5dcece0-b202-4416-a138-03502784cc07} aComponent={HostWrap} aText={VirtualBox is not currently allowed to access USB devices.  You can change this by adding your user to the 'vboxusers' group.  Please see the user manual for a more detailed explanation}, preserve=true aResultDetail=0
00:06:25.320506 DCon27   ERROR [COM]: aRC=VBOX_E_OBJECT_NOT_FOUND (0x80bb0001) aIID={7d510820-a678-4730-a862-818dcd3fbed0} aComponent={MediumWrap} aText={Property 'CRYPT/KeyId' does not exist}, preserve=false aResultDetail=0
00:06:25.324658 DCon27   HostDnsMonitorProxy::GetDomainName: no domain set
00:06:25.324956 DCon27   HostDnsMonitorProxy::GetNameServers:
00:06:25.324971 DCon27     name server 1: 10.135.172.168
00:06:25.324982 DCon27     name server 2: 2a02:2378:1029:eecc::60
00:06:25.325207 DCon27   HostDnsMonitorProxy::GetSearchStrings:
00:06:25.325221 DCon27     no search string entries
00:06:25.358634 DCon02   WARNING [COM]: aRC=NS_ERROR_FAILURE (0x80004005) aIID={d5dcece0-b202-4416-a138-03502784cc07} aComponent={HostWrap} aText={VirtualBox is not currently allowed to access USB devices.  You can change this by adding your user to the 'vboxusers' group.  Please see the user manual for a more detailed explanation}, preserve=true aResultDetail=0
00:06:25.360818 DCon20   WARNING [COM]: aRC=NS_ERROR_FAILURE (0x80004005) aIID={d5dcece0-b202-4416-a138-03502784cc07} aComponent={HostWrap} aText={VirtualBox is not currently allowed to access USB devices.  You can change this by adding your user to the 'vboxusers' group.  Please see the user manual for a more detailed explanation}, preserve=true aResultDetail=0
00:06:25.366386 DCon25   ERROR [COM]: aRC=NS_ERROR_FAILURE (0x80004005) aIID={83cfdc66-4f20-4569-ad39-8722f7d472b3} aComponent={RecordingSettingsWrap} aText={Recording not started}, preserve=false aResultDetail=0
00:06:25.392904 DCon20   WARNING [COM]: aRC=NS_ERROR_FAILURE (0x80004005) aIID={d5dcece0-b202-4416-a138-03502784cc07} aComponent={HostWrap} aText={VirtualBox is not currently allowed to access USB devices.  You can change this by adding your user to the 'vboxusers' group.  Please see the user manual for a more detailed explanation}, preserve=true aResultDetail=0
00:06:25.448944 DCon25   ERROR [COM]: aRC=VBOX_E_OBJECT_NOT_FOUND (0x80bb0001) aIID={5bfd8965-b81b-469f-8649-f717ce97a5d5} aComponent={NvramStoreWrap} aText={The UEFI NVRAM file is not existing for this machine}, preserve=false aResultDetail=0
00:06:25.605695 DCon25   WARNING [COM]: aRC=NS_ERROR_FAILURE (0x80004005) aIID={d5dcece0-b202-4416-a138-03502784cc07} aComponent={HostWrap} aText={VirtualBox is not currently allowed to access USB devices.  You can change this by adding your user to the 'vboxusers' group.  Please see the user manual for a more detailed explanation}, preserve=true aResultDetail=0
00:06:25.607941 DCon25   WARNING [COM]: aRC=NS_ERROR_FAILURE (0x80004005) aIID={d5dcece0-b202-4416-a138-03502784cc07} aComponent={HostWrap} aText={VirtualBox is not currently allowed to access USB devices.  You can change this by adding your user to the 'vboxusers' group.  Please see the user manual for a more detailed explanation}, preserve=true aResultDetail=0
00:07:08.267839 DCon28   WARNING [COM]: aRC=NS_ERROR_FAILURE (0x80004005) aIID={d5dcece0-b202-4416-a138-03502784cc07} aComponent={HostWrap} aText={VirtualBox is not currently allowed to access USB devices.  You can change this by adding your user to the 'vboxusers' group.  Please see the user manual for a more detailed explanation}, preserve=true aResultDetail=0
00:07:08.270160 DCon26   WARNING [COM]: aRC=NS_ERROR_FAILURE (0x80004005) aIID={d5dcece0-b202-4416-a138-03502784cc07} aComponent={HostWrap} aText={VirtualBox is not currently allowed to access USB devices.  You can change this by adding your user to the 'vboxusers' group.  Please see the user manual for a more detailed explanation}, preserve=true aResultDetail=0
00:07:08.272428 DCon26   WARNING [COM]: aRC=NS_ERROR_FAILURE (0x80004005) aIID={d5dcece0-b202-4416-a138-03502784cc07} aComponent={HostWrap} aText={VirtualBox is not currently allowed to access USB devices.  You can change this by adding your user to the 'vboxusers' group.  Please see the user manual for a more detailed explanation}, preserve=true aResultDetail=0
00:07:08.278985 DCon26   ERROR [COM]: aRC=NS_ERROR_FAILURE (0x80004005) aIID={83cfdc66-4f20-4569-ad39-8722f7d472b3} aComponent={RecordingSettingsWrap} aText={Recording not started}, preserve=false aResultDetail=0
00:07:08.285195 DCon29   ERROR [COM]: aRC=VBOX_E_OBJECT_NOT_FOUND (0x80bb0001) aIID={5bfd8965-b81b-469f-8649-f717ce97a5d5} aComponent={NvramStoreWrap} aText={The UEFI NVRAM file is not existing for this machine}, preserve=false aResultDetail=0
00:07:08.338765 DCon26   WARNING [COM]: aRC=NS_ERROR_FAILURE (0x80004005) aIID={d5dcece0-b202-4416-a138-03502784cc07} aComponent={HostWrap} aText={VirtualBox is not currently allowed to access USB devices.  You can change this by adding your user to the 'vboxusers' group.  Please see the user manual for a more detailed explanation}, preserve=true aResultDetail=0
00:07:08.341968 DCon26   WARNING [COM]: aRC=NS_ERROR_FAILURE (0x80004005) aIID={d5dcece0-b202-4416-a138-03502784cc07} aComponent={HostWrap} aText={VirtualBox is not currently allowed to access USB devices.  You can change this by adding your user to the 'vboxusers' group.  Please see the user manual for a more detailed explanation}, preserve=true aResultDetail=0
00:07:09.198051 DCon12   WARNING [COM]: aRC=NS_ERROR_FAILURE (0x80004005) aIID={d5dcece0-b202-4416-a138-03502784cc07} aComponent={HostWrap} aText={VirtualBox is not currently allowed to access USB devices.  You can change this by adding your user to the 'vboxusers' group.  Please see the user manual for a more detailed explanation}, preserve=true aResultDetail=0
00:07:09.198169 DCon19   WARNING [COM]: aRC=NS_ERROR_FAILURE (0x80004005) aIID={d5dcece0-b202-4416-a138-03502784cc07} aComponent={HostWrap} aText={VirtualBox is not currently allowed to access USB devices.  You can change this by adding your user to the 'vboxusers' group.  Please see the user manual for a more detailed explanation}, preserve=true aResultDetail=0
00:07:09.200739 DCon19   WARNING [COM]: aRC=NS_ERROR_FAILURE (0x80004005) aIID={d5dcece0-b202-4416-a138-03502784cc07} aComponent={HostWrap} aText={VirtualBox is not currently allowed to access USB devices.  You can change this by adding your user to the 'vboxusers' group.  Please see the user manual for a more detailed explanation}, preserve=true aResultDetail=0
00:07:09.206230 DCon19   ERROR [COM]: aRC=NS_ERROR_FAILURE (0x80004005) aIID={83cfdc66-4f20-4569-ad39-8722f7d472b3} aComponent={RecordingSettingsWrap} aText={Recording not started}, preserve=false aResultDetail=0
00:07:09.209188 DCon12   Saving settings file "/home/user/VirtualBox VMs/Windows 10/Windows 10.vbox" with version "1.19-linux"
00:07:09.215568 DCon12   Finished saving settings file "/home/user/VirtualBox VMs/Windows 10/Windows 10.vbox"
00:07:09.220338 DCon19   ERROR [COM]: aRC=NS_ERROR_INVALID_ARG (0x80070057) aIID={e36a5081-a82a-40bd-9e4e-42a44d6ce50f} aComponent={SessionMachine} aText={Properties with TRANSIENT or TRANSRESET flag cannot be set or modified if VM is not running}, preserve=false aResultDetail=0
00:07:09.247436 DCon19   WARNING [COM]: aRC=NS_ERROR_FAILURE (0x80004005) aIID={d5dcece0-b202-4416-a138-03502784cc07} aComponent={HostWrap} aText={VirtualBox is not currently allowed to access USB devices.  You can change this by adding your user to the 'vboxusers' group.  Please see the user manual for a more detailed explanation}, preserve=true aResultDetail=0
00:07:09.272792 DCon26   WARNING [COM]: aRC=NS_ERROR_FAILURE (0x80004005) aIID={d5dcece0-b202-4416-a138-03502784cc07} aComponent={HostWrap} aText={VirtualBox is not currently allowed to access USB devices.  You can change this by adding your user to the 'vboxusers' group.  Please see the user manual for a more detailed explanation}, preserve=true aResultDetail=0
00:07:09.276163 DCon19   WARNING [COM]: aRC=NS_ERROR_FAILURE (0x80004005) aIID={d5dcece0-b202-4416-a138-03502784cc07} aComponent={HostWrap} aText={VirtualBox is not currently allowed to access USB devices.  You can change this by adding your user to the 'vboxusers' group.  Please see the user manual for a more detailed explanation}, preserve=true aResultDetail=0
00:07:09.279810 DCon32   ERROR [COM]: aRC=VBOX_E_OBJECT_NOT_FOUND (0x80bb0001) aIID={5bfd8965-b81b-469f-8649-f717ce97a5d5} aComponent={NvramStoreWrap} aText={The UEFI NVRAM file is not existing for this machine}, preserve=false aResultDetail=0
00:07:09.281452 DCon32   ERROR [COM]: aRC=NS_ERROR_FAILURE (0x80004005) aIID={83cfdc66-4f20-4569-ad39-8722f7d472b3} aComponent={RecordingSettingsWrap} aText={Recording not started}, preserve=false aResultDetail=0
00:07:09.308372 DCon12   WARNING [COM]: aRC=NS_ERROR_FAILURE (0x80004005) aIID={d5dcece0-b202-4416-a138-03502784cc07} aComponent={HostWrap} aText={VirtualBox is not currently allowed to access USB devices.  You can change this by adding your user to the 'vboxusers' group.  Please see the user manual for a more detailed explanation}, preserve=true aResultDetail=0
00:07:09.310644 DCon12   WARNING [COM]: aRC=NS_ERROR_FAILURE (0x80004005) aIID={d5dcece0-b202-4416-a138-03502784cc07} aComponent={HostWrap} aText={VirtualBox is not currently allowed to access USB devices.  You can change this by adding your user to the 'vboxusers' group.  Please see the user manual for a more detailed explanation}, preserve=true aResultDetail=0
00:07:09.782004 DCon32   ERROR [COM]: aRC=NS_ERROR_INVALID_ARG (0x80070057) aIID={e36a5081-a82a-40bd-9e4e-42a44d6ce50f} aComponent={SessionMachine} aText={Properties with TRANSIENT or TRANSRESET flag cannot be set or modified if VM is not running}, preserve=false aResultDetail=0
00:07:10.807559 DCon29   ERROR [COM]: aRC=VBOX_E_OBJECT_NOT_FOUND (0x80bb0001) aIID={5bfd8965-b81b-469f-8649-f717ce97a5d5} aComponent={NvramStoreWrap} aText={The UEFI NVRAM file is not existing for this machine}, preserve=false aResultDetail=0
00:07:10.961893 DCon29   WARNING [COM]: aRC=NS_ERROR_FAILURE (0x80004005) aIID={d5dcece0-b202-4416-a138-03502784cc07} aComponent={HostWrap} aText={VirtualBox is not currently allowed to access USB devices.  You can change this by adding your user to the 'vboxusers' group.  Please see the user manual for a more detailed explanation}, preserve=true aResultDetail=0
00:07:10.964615 DCon29   WARNING [COM]: aRC=NS_ERROR_FAILURE (0x80004005) aIID={d5dcece0-b202-4416-a138-03502784cc07} aComponent={HostWrap} aText={VirtualBox is not currently allowed to access USB devices.  You can change this by adding your user to the 'vboxusers' group.  Please see the user manual for a more detailed explanation}, preserve=true aResultDetail=0
00:07:11.550371 DCon29   WARNING [COM]: aRC=NS_ERROR_FAILURE (0x80004005) aIID={d5dcece0-b202-4416-a138-03502784cc07} aComponent={HostWrap} aText={VirtualBox is not currently allowed to access USB devices.  You can change this by adding your user to the 'vboxusers' group.  Please see the user manual for a more detailed explanation}, preserve=true aResultDetail=0
00:07:12.901360 DCon02   Platform architecture set to 'x86'
00:07:12.908539 DCon29   ERROR [COM]: aRC=VBOX_E_OBJECT_NOT_FOUND (0x80bb0001) aIID={5bfd8965-b81b-469f-8649-f717ce97a5d5} aComponent={NvramStoreWrap} aText={The UEFI NVRAM file is not existing for this machine}, preserve=false aResultDetail=0
00:07:12.954262 DCon28   NetIfAdpCtlOut: VBoxNetAdpCtl: Error while retrieving link speed for wlan0: VBoxNetAdpCtl: ioctl failed: Operation not supported
00:07:12.977486 DCon28   NetIfAdpCtlOut: VBoxNetAdpCtl: Error while retrieving link speed for wlan0: VBoxNetAdpCtl: ioctl failed: Operation not supported
00:07:13.000260 DCon28   WARNING [COM]: aRC=NS_ERROR_FAILURE (0x80004005) aIID={d5dcece0-b202-4416-a138-03502784cc07} aComponent={HostWrap} aText={VirtualBox is not currently allowed to access USB devices.  You can change this by adding your user to the 'vboxusers' group.  Please see the user manual for a more detailed explanation}, preserve=true aResultDetail=0
00:07:13.000838 DCon28   WARNING [COM]: aRC=NS_ERROR_FAILURE (0x80004005) aIID={d5dcece0-b202-4416-a138-03502784cc07} aComponent={HostWrap} aText={VirtualBox is not currently allowed to access USB devices.  You can change this by adding your user to the 'vboxusers' group.  Please see the user manual for a more detailed explanation}, preserve=true aResultDetail=0
00:07:13.442830 DCon02   ERROR [COM]: aRC=VBOX_E_OBJECT_NOT_FOUND (0x80bb0001) aIID={5bfd8965-b81b-469f-8649-f717ce97a5d5} aComponent={NvramStoreWrap} aText={The UEFI NVRAM file is not existing for this machine}, preserve=false aResultDetail=0
00:07:13.468205 DCon02   WARNING [COM]: aRC=NS_ERROR_FAILURE (0x80004005) aIID={d5dcece0-b202-4416-a138-03502784cc07} aComponent={HostWrap} aText={VirtualBox is not currently allowed to access USB devices.  You can change this by adding your user to the 'vboxusers' group.  Please see the user manual for a more detailed explanation}, preserve=true aResultDetail=0
00:07:13.470596 DCon02   WARNING [COM]: aRC=NS_ERROR_FAILURE (0x80004005) aIID={d5dcece0-b202-4416-a138-03502784cc07} aComponent={HostWrap} aText={VirtualBox is not currently allowed to access USB devices.  You can change this by adding your user to the 'vboxusers' group.  Please see the user manual for a more detailed explanation}, preserve=true aResultDetail=0
00:07:36.614571 DCon02   Platform architecture set to 'x86'
00:07:36.640287 DCon02   Saving settings file "/home/user/.config/VirtualBox/VirtualBox.xml" with version "1.21-linux"
00:07:36.673042 DCon02   Finished saving settings file "/home/user/.config/VirtualBox/VirtualBox.xml"
00:07:36.732642 DCon02   WARNING [COM]: aRC=NS_ERROR_FAILURE (0x80004005) aIID={d5dcece0-b202-4416-a138-03502784cc07} aComponent={HostWrap} aText={VirtualBox is not currently allowed to access USB devices.  You can change this by adding your user to the 'vboxusers' group.  Please see the user manual for a more detailed explanation}, preserve=true aResultDetail=0
00:07:36.733477 DCon02   Saving settings file "/home/user/VirtualBox VMs/Windows 10/Windows 10.vbox" with version "1.19-linux"
00:07:36.737452 DCon02   Finished saving settings file "/home/user/VirtualBox VMs/Windows 10/Windows 10.vbox"
00:07:36.882490 DCon02   ERROR [COM]: aRC=VBOX_E_OBJECT_NOT_FOUND (0x80bb0001) aIID={5bfd8965-b81b-469f-8649-f717ce97a5d5} aComponent={NvramStoreWrap} aText={The UEFI NVRAM file is not existing for this machine}, preserve=false aResultDetail=0
00:07:36.906954 DCon02   WARNING [COM]: aRC=NS_ERROR_FAILURE (0x80004005) aIID={d5dcece0-b202-4416-a138-03502784cc07} aComponent={HostWrap} aText={VirtualBox is not currently allowed to access USB devices.  You can change this by adding your user to the 'vboxusers' group.  Please see the user manual for a more detailed explanation}, preserve=true aResultDetail=0
00:07:36.908952 DCon02   WARNING [COM]: aRC=NS_ERROR_FAILURE (0x80004005) aIID={d5dcece0-b202-4416-a138-03502784cc07} aComponent={HostWrap} aText={VirtualBox is not currently allowed to access USB devices.  You can change this by adding your user to the 'vboxusers' group.  Please see the user manual for a more detailed explanation}, preserve=true aResultDetail=0
00:07:38.170302 DCon25   Launched VM: 1240673712 pid: 48020 (0xbb94) frontend: GUI/Qt name: Windows 10
00:07:38.249551 DCon25   ERROR [COM]: aRC=VBOX_E_OBJECT_NOT_FOUND (0x80bb0001) aIID={5bfd8965-b81b-469f-8649-f717ce97a5d5} aComponent={NvramStoreWrap} aText={The UEFI NVRAM file is not existing for this machine}, preserve=false aResultDetail=0
00:07:38.413022 DCon25   WARNING [COM]: aRC=NS_ERROR_FAILURE (0x80004005) aIID={d5dcece0-b202-4416-a138-03502784cc07} aComponent={HostWrap} aText={VirtualBox is not currently allowed to access USB devices.  You can change this by adding your user to the 'vboxusers' group.  Please see the user manual for a more detailed explanation}, preserve=true aResultDetail=0
00:07:38.415845 DCon25   WARNING [COM]: aRC=NS_ERROR_FAILURE (0x80004005) aIID={d5dcece0-b202-4416-a138-03502784cc07} aComponent={HostWrap} aText={VirtualBox is not currently allowed to access USB devices.  You can change this by adding your user to the 'vboxusers' group.  Please see the user manual for a more detailed explanation}, preserve=true aResultDetail=0
00:07:38.899786 DCon35   Platform architecture set to 'x86'
00:07:38.935085 DCon28   ERROR [COM]: aRC=VBOX_E_OBJECT_NOT_FOUND (0x80bb0001) aIID={5bfd8965-b81b-469f-8649-f717ce97a5d5} aComponent={NvramStoreWrap} aText={The UEFI NVRAM file is not existing for this machine}, preserve=false aResultDetail=0
00:07:38.964198 DCon35   WARNING [COM]: aRC=NS_ERROR_FAILURE (0x80004005) aIID={d5dcece0-b202-4416-a138-03502784cc07} aComponent={HostWrap} aText={VirtualBox is not currently allowed to access USB devices.  You can change this by adding your user to the 'vboxusers' group.  Please see the user manual for a more detailed explanation}, preserve=true aResultDetail=0
00:07:38.966736 DCon35   WARNING [COM]: aRC=NS_ERROR_FAILURE (0x80004005) aIID={d5dcece0-b202-4416-a138-03502784cc07} aComponent={HostWrap} aText={VirtualBox is not currently allowed to access USB devices.  You can change this by adding your user to the 'vboxusers' group.  Please see the user manual for a more detailed explanation}, preserve=true aResultDetail=0
00:07:40.204249 DCon25   WARNING [COM]: aRC=NS_ERROR_FAILURE (0x80004005) aIID={d5dcece0-b202-4416-a138-03502784cc07} aComponent={HostWrap} aText={VirtualBox is not currently allowed to access USB devices.  You can change this by adding your user to the 'vboxusers' group.  Please see the user manual for a more detailed explanation}, preserve=true aResultDetail=0
00:07:40.206157 DCon25   WARNING [COM]: aRC=NS_ERROR_FAILURE (0x80004005) aIID={d5dcece0-b202-4416-a138-03502784cc07} aComponent={HostWrap} aText={VirtualBox is not currently allowed to access USB devices.  You can change this by adding your user to the 'vboxusers' group.  Please see the user manual for a more detailed explanation}, preserve=true aResultDetail=0
00:07:40.207914 DCon25   WARNING [COM]: aRC=NS_ERROR_FAILURE (0x80004005) aIID={d5dcece0-b202-4416-a138-03502784cc07} aComponent={HostWrap} aText={VirtualBox is not currently allowed to access USB devices.  You can change this by adding your user to the 'vboxusers' group.  Please see the user manual for a more detailed explanation}, preserve=true aResultDetail=0
00:07:40.309814 DCon25   WARNING [COM]: aRC=NS_ERROR_FAILURE (0x80004005) aIID={d5dcece0-b202-4416-a138-03502784cc07} aComponent={HostWrap} aText={VirtualBox is not currently allowed to access USB devices.  You can change this by adding your user to the 'vboxusers' group.  Please see the user manual for a more detailed explanation}, preserve=true aResultDetail=0
00:07:40.311815 DCon25   WARNING [COM]: aRC=NS_ERROR_FAILURE (0x80004005) aIID={d5dcece0-b202-4416-a138-03502784cc07} aComponent={HostWrap} aText={VirtualBox is not currently allowed to access USB devices.  You can change this by adding your user to the 'vboxusers' group.  Please see the user manual for a more detailed explanation}, preserve=true aResultDetail=0
00:07:40.322320 DCon25   ERROR [COM]: aRC=NS_ERROR_FAILURE (0x80004005) aIID={83cfdc66-4f20-4569-ad39-8722f7d472b3} aComponent={RecordingSettingsWrap} aText={Recording not started}, preserve=false aResultDetail=0
00:07:40.426804 DCon28   NetIfAdpCtlOut: VBoxNetAdpCtl: Error while retrieving link speed for wlan0: VBoxNetAdpCtl: ioctl failed: Operation not supported
00:07:40.437824 DCon28   WARNING [COM]: aRC=NS_ERROR_FAILURE (0x80004005) aIID={d5dcece0-b202-4416-a138-03502784cc07} aComponent={HostWrap} aText={VirtualBox is not currently allowed to access USB devices.  You can change this by adding your user to the 'vboxusers' group.  Please see the user manual for a more detailed explanation}, preserve=false aResultDetail=0
00:07:40.440005 DCon28   WARNING [COM]: aRC=NS_ERROR_FAILURE (0x80004005) aIID={d5dcece0-b202-4416-a138-03502784cc07} aComponent={HostWrap} aText={VirtualBox is not currently allowed to access USB devices.  You can change this by adding your user to the 'vboxusers' group.  Please see the user manual for a more detailed explanation}, preserve=true aResultDetail=0
00:07:40.440429 DCon28   WARNING [COM]: aRC=NS_ERROR_FAILURE (0x80004005) aIID={d5dcece0-b202-4416-a138-03502784cc07} aComponent={HostWrap} aText={VirtualBox is not currently allowed to access USB devices.  You can change this by adding your user to the 'vboxusers' group.  Please see the user manual for a more detailed explanation}, preserve=true aResultDetail=0
00:07:40.484745 DCon25   WARNING [COM]: aRC=NS_ERROR_FAILURE (0x80004005) aIID={d5dcece0-b202-4416-a138-03502784cc07} aComponent={HostWrap} aText={VirtualBox is not currently allowed to access USB devices.  You can change this by adding your user to the 'vboxusers' group.  Please see the user manual for a more detailed explanation}, preserve=true aResultDetail=0
00:07:40.510152 DCon25   WARNING [COM]: aRC=NS_ERROR_FAILURE (0x80004005) aIID={d5dcece0-b202-4416-a138-03502784cc07} aComponent={HostWrap} aText={VirtualBox is not currently allowed to access USB devices.  You can change this by adding your user to the 'vboxusers' group.  Please see the user manual for a more detailed explanation}, preserve=true aResultDetail=0
00:07:40.577164 DCon35   ERROR [COM]: aRC=VBOX_E_OBJECT_NOT_FOUND (0x80bb0001) aIID={5bfd8965-b81b-469f-8649-f717ce97a5d5} aComponent={NvramStoreWrap} aText={The UEFI NVRAM file is not existing for this machine}, preserve=false aResultDetail=0
00:07:40.604296 DCon25   WARNING [COM]: aRC=NS_ERROR_FAILURE (0x80004005) aIID={d5dcece0-b202-4416-a138-03502784cc07} aComponent={HostWrap} aText={VirtualBox is not currently allowed to access USB devices.  You can change this by adding your user to the 'vboxusers' group.  Please see the user manual for a more detailed explanation}, preserve=true aResultDetail=0
00:07:40.606503 DCon25   WARNING [COM]: aRC=NS_ERROR_FAILURE (0x80004005) aIID={d5dcece0-b202-4416-a138-03502784cc07} aComponent={HostWrap} aText={VirtualBox is not currently allowed to access USB devices.  You can change this by adding your user to the 'vboxusers' group.  Please see the user manual for a more detailed explanation}, preserve=true aResultDetail=0
00:07:40.609913 DCon25   ERROR [COM]: aRC=NS_ERROR_FAILURE (0x80004005) aIID={83cfdc66-4f20-4569-ad39-8722f7d472b3} aComponent={RecordingSettingsWrap} aText={Recording not started}, preserve=false aResultDetail=0
00:07:40.700218 DCon35   WARNING [COM]: aRC=NS_ERROR_FAILURE (0x80004005) aIID={d5dcece0-b202-4416-a138-03502784cc07} aComponent={HostWrap} aText={VirtualBox is not currently allowed to access USB devices.  You can change this by adding your user to the 'vboxusers' group.  Please see the user manual for a more detailed explanation}, preserve=true aResultDetail=0
00:07:40.703897 DCon35   WARNING [COM]: aRC=NS_ERROR_FAILURE (0x80004005) aIID={d5dcece0-b202-4416-a138-03502784cc07} aComponent={HostWrap} aText={VirtualBox is not currently allowed to access USB devices.  You can change this by adding your user to the 'vboxusers' group.  Please see the user manual for a more detailed explanation}, preserve=true aResultDetail=0
00:07:40.858105 DCon35   ERROR [COM]: aRC=VBOX_E_OBJECT_NOT_FOUND (0x80bb0001) aIID={7d510820-a678-4730-a862-818dcd3fbed0} aComponent={MediumWrap} aText={Property 'CRYPT/KeyId' does not exist}, preserve=false aResultDetail=0
00:07:40.862441 DCon35   HostDnsMonitorProxy::GetDomainName: no domain set
00:07:40.862671 DCon35   HostDnsMonitorProxy::GetNameServers:
00:07:40.862685 DCon35     name server 1: 10.135.172.168
00:07:40.862697 DCon35     name server 2: 2a02:2378:1029:eecc::60
00:07:40.863015 DCon35   HostDnsMonitorProxy::GetSearchStrings:
00:07:40.863029 DCon35     no search string entries
00:07:40.899521 DCon36   WARNING [COM]: aRC=NS_ERROR_FAILURE (0x80004005) aIID={d5dcece0-b202-4416-a138-03502784cc07} aComponent={HostWrap} aText={VirtualBox is not currently allowed to access USB devices.  You can change this by adding your user to the 'vboxusers' group.  Please see the user manual for a more detailed explanation}, preserve=true aResultDetail=0
00:07:40.902077 DCon36   WARNING [COM]: aRC=NS_ERROR_FAILURE (0x80004005) aIID={d5dcece0-b202-4416-a138-03502784cc07} aComponent={HostWrap} aText={VirtualBox is not currently allowed to access USB devices.  You can change this by adding your user to the 'vboxusers' group.  Please see the user manual for a more detailed explanation}, preserve=true aResultDetail=0
00:07:40.907092 DCon34   ERROR [COM]: aRC=NS_ERROR_FAILURE (0x80004005) aIID={83cfdc66-4f20-4569-ad39-8722f7d472b3} aComponent={RecordingSettingsWrap} aText={Recording not started}, preserve=false aResultDetail=0
00:07:40.931883 DCon36   WARNING [COM]: aRC=NS_ERROR_FAILURE (0x80004005) aIID={d5dcece0-b202-4416-a138-03502784cc07} aComponent={HostWrap} aText={VirtualBox is not currently allowed to access USB devices.  You can change this by adding your user to the 'vboxusers' group.  Please see the user manual for a more detailed explanation}, preserve=true aResultDetail=0
00:07:40.990415 DCon36   ERROR [COM]: aRC=VBOX_E_OBJECT_NOT_FOUND (0x80bb0001) aIID={5bfd8965-b81b-469f-8649-f717ce97a5d5} aComponent={NvramStoreWrap} aText={The UEFI NVRAM file is not existing for this machine}, preserve=false aResultDetail=0
00:07:41.151539 DCon35   WARNING [COM]: aRC=NS_ERROR_FAILURE (0x80004005) aIID={d5dcece0-b202-4416-a138-03502784cc07} aComponent={HostWrap} aText={VirtualBox is not currently allowed to access USB devices.  You can change this by adding your user to the 'vboxusers' group.  Please see the user manual for a more detailed explanation}, preserve=true aResultDetail=0
00:07:41.153603 DCon35   WARNING [COM]: aRC=NS_ERROR_FAILURE (0x80004005) aIID={d5dcece0-b202-4416-a138-03502784cc07} aComponent={HostWrap} aText={VirtualBox is not currently allowed to access USB devices.  You can change this by adding your user to the 'vboxusers' group.  Please see the user manual for a more detailed explanation}, preserve=true aResultDetail=0
00:07:50.517122 createDelete VISO: Handling file '/home/user/VirtualBox VMs/Windows 10/Unattended-d7338282-a88e-4581-a480-a5f28308a824-aux-iso.viso' references
00:07:50.517368 DCon35   Saving settings file "/home/user/VirtualBox VMs/Windows 10/Windows 10.vbox" with version "1.19-linux"
00:07:50.517429 createDelete VISO: file '/home/user/VirtualBox VMs/Windows 10/Unattended-d7338282-a88e-4581-a480-a5f28308a824-autounattend.xml' deleted
00:07:50.517532 createDelete VISO: file '/home/user/VirtualBox VMs/Windows 10/Unattended-d7338282-a88e-4581-a480-a5f28308a824-VBOXPOST.CMD' deleted
00:07:50.547955 DCon35   Finished saving settings file "/home/user/VirtualBox VMs/Windows 10/Windows 10.vbox"
00:08:51.198163 DCon37   WARNING [COM]: aRC=NS_ERROR_FAILURE (0x80004005) aIID={d5dcece0-b202-4416-a138-03502784cc07} aComponent={HostWrap} aText={VirtualBox is not currently allowed to access USB devices.  You can change this by adding your user to the 'vboxusers' group.  Please see the user manual for a more detailed explanation}, preserve=true aResultDetail=0
00:08:51.198562 DCon39   WARNING [COM]: aRC=NS_ERROR_FAILURE (0x80004005) aIID={d5dcece0-b202-4416-a138-03502784cc07} aComponent={HostWrap} aText={VirtualBox is not currently allowed to access USB devices.  You can change this by adding your user to the 'vboxusers' group.  Please see the user manual for a more detailed explanation}, preserve=true aResultDetail=0
00:08:51.200932 DCon38   WARNING [COM]: aRC=NS_ERROR_FAILURE (0x80004005) aIID={d5dcece0-b202-4416-a138-03502784cc07} aComponent={HostWrap} aText={VirtualBox is not currently allowed to access USB devices.  You can change this by adding your user to the 'vboxusers' group.  Please see the user manual for a more detailed explanation}, preserve=true aResultDetail=0
00:08:51.204252 DCon39   ERROR [COM]: aRC=NS_ERROR_FAILURE (0x80004005) aIID={83cfdc66-4f20-4569-ad39-8722f7d472b3} aComponent={RecordingSettingsWrap} aText={Recording not started}, preserve=false aResultDetail=0
00:08:51.209713 DCon38   ERROR [COM]: aRC=VBOX_E_OBJECT_NOT_FOUND (0x80bb0001) aIID={5bfd8965-b81b-469f-8649-f717ce97a5d5} aComponent={NvramStoreWrap} aText={The UEFI NVRAM file is not existing for this machine}, preserve=false aResultDetail=0
00:08:51.245199 DCon39   WARNING [COM]: aRC=NS_ERROR_FAILURE (0x80004005) aIID={d5dcece0-b202-4416-a138-03502784cc07} aComponent={HostWrap} aText={VirtualBox is not currently allowed to access USB devices.  You can change this by adding your user to the 'vboxusers' group.  Please see the user manual for a more detailed explanation}, preserve=true aResultDetail=0
00:08:51.247334 DCon39   WARNING [COM]: aRC=NS_ERROR_FAILURE (0x80004005) aIID={d5dcece0-b202-4416-a138-03502784cc07} aComponent={HostWrap} aText={VirtualBox is not currently allowed to access USB devices.  You can change this by adding your user to the 'vboxusers' group.  Please see the user manual for a more detailed explanation}, preserve=true aResultDetail=0
00:08:52.851758 DCon28   WARNING [COM]: aRC=NS_ERROR_FAILURE (0x80004005) aIID={d5dcece0-b202-4416-a138-03502784cc07} aComponent={HostWrap} aText={VirtualBox is not currently allowed to access USB devices.  You can change this by adding your user to the 'vboxusers' group.  Please see the user manual for a more detailed explanation}, preserve=true aResultDetail=0
00:08:52.854295 DCon38   WARNING [COM]: aRC=NS_ERROR_FAILURE (0x80004005) aIID={d5dcece0-b202-4416-a138-03502784cc07} aComponent={HostWrap} aText={VirtualBox is not currently allowed to access USB devices.  You can change this by adding your user to the 'vboxusers' group.  Please see the user manual for a more detailed explanation}, preserve=true aResultDetail=0
00:08:52.856928 DCon38   WARNING [COM]: aRC=NS_ERROR_FAILURE (0x80004005) aIID={d5dcece0-b202-4416-a138-03502784cc07} aComponent={HostWrap} aText={VirtualBox is not currently allowed to access USB devices.  You can change this by adding your user to the 'vboxusers' group.  Please see the user manual for a more detailed explanation}, preserve=true aResultDetail=0
00:08:52.867375 DCon28   Saving settings file "/home/user/VirtualBox VMs/Windows 10/Windows 10.vbox" with version "1.19-linux"
00:08:52.874776 DCon28   Finished saving settings file "/home/user/VirtualBox VMs/Windows 10/Windows 10.vbox"
00:08:52.874928 DCon38   ERROR [COM]: aRC=NS_ERROR_FAILURE (0x80004005) aIID={83cfdc66-4f20-4569-ad39-8722f7d472b3} aComponent={RecordingSettingsWrap} aText={Recording not started}, preserve=false aResultDetail=0
00:08:52.886776 DCon38   ERROR [COM]: aRC=NS_ERROR_INVALID_ARG (0x80070057) aIID={e36a5081-a82a-40bd-9e4e-42a44d6ce50f} aComponent={SessionMachine} aText={Properties with TRANSIENT or TRANSRESET flag cannot be set or modified if VM is not running}, preserve=false aResultDetail=0
00:08:52.916510 DCon38   WARNING [COM]: aRC=NS_ERROR_FAILURE (0x80004005) aIID={d5dcece0-b202-4416-a138-03502784cc07} aComponent={HostWrap} aText={VirtualBox is not currently allowed to access USB devices.  You can change this by adding your user to the 'vboxusers' group.  Please see the user manual for a more detailed explanation}, preserve=true aResultDetail=0
00:08:52.951721 DCon33   WARNING [COM]: aRC=NS_ERROR_FAILURE (0x80004005) aIID={d5dcece0-b202-4416-a138-03502784cc07} aComponent={HostWrap} aText={VirtualBox is not currently allowed to access USB devices.  You can change this by adding your user to the 'vboxusers' group.  Please see the user manual for a more detailed explanation}, preserve=true aResultDetail=0
00:08:52.954123 DCon33   ERROR [COM]: aRC=VBOX_E_OBJECT_NOT_FOUND (0x80bb0001) aIID={5bfd8965-b81b-469f-8649-f717ce97a5d5} aComponent={NvramStoreWrap} aText={The UEFI NVRAM file is not existing for this machine}, preserve=false aResultDetail=0
00:08:52.954394 DCon33   WARNING [COM]: aRC=NS_ERROR_FAILURE (0x80004005) aIID={d5dcece0-b202-4416-a138-03502784cc07} aComponent={HostWrap} aText={VirtualBox is not currently allowed to access USB devices.  You can change this by adding your user to the 'vboxusers' group.  Please see the user manual for a more detailed explanation}, preserve=true aResultDetail=0
00:08:52.963463 DCon28   ERROR [COM]: aRC=NS_ERROR_FAILURE (0x80004005) aIID={83cfdc66-4f20-4569-ad39-8722f7d472b3} aComponent={RecordingSettingsWrap} aText={Recording not started}, preserve=false aResultDetail=0
00:08:52.988391 DCon28   WARNING [COM]: aRC=NS_ERROR_FAILURE (0x80004005) aIID={d5dcece0-b202-4416-a138-03502784cc07} aComponent={HostWrap} aText={VirtualBox is not currently allowed to access USB devices.  You can change this by adding your user to the 'vboxusers' group.  Please see the user manual for a more detailed explanation}, preserve=true aResultDetail=0
00:08:52.991028 DCon28   WARNING [COM]: aRC=NS_ERROR_FAILURE (0x80004005) aIID={d5dcece0-b202-4416-a138-03502784cc07} aComponent={HostWrap} aText={VirtualBox is not currently allowed to access USB devices.  You can change this by adding your user to the 'vboxusers' group.  Please see the user manual for a more detailed explanation}, preserve=true aResultDetail=0
00:08:53.529868 DCon39   ERROR [COM]: aRC=NS_ERROR_INVALID_ARG (0x80070057) aIID={e36a5081-a82a-40bd-9e4e-42a44d6ce50f} aComponent={SessionMachine} aText={Properties with TRANSIENT or TRANSRESET flag cannot be set or modified if VM is not running}, preserve=false aResultDetail=0
00:08:54.466590 DCon39   ERROR [COM]: aRC=VBOX_E_OBJECT_NOT_FOUND (0x80bb0001) aIID={5bfd8965-b81b-469f-8649-f717ce97a5d5} aComponent={NvramStoreWrap} aText={The UEFI NVRAM file is not existing for this machine}, preserve=false aResultDetail=0
00:08:54.617634 DCon39   WARNING [COM]: aRC=NS_ERROR_FAILURE (0x80004005) aIID={d5dcece0-b202-4416-a138-03502784cc07} aComponent={HostWrap} aText={VirtualBox is not currently allowed to access USB devices.  You can change this by adding your user to the 'vboxusers' group.  Please see the user manual for a more detailed explanation}, preserve=true aResultDetail=0
00:08:54.620328 DCon28   WARNING [COM]: aRC=NS_ERROR_FAILURE (0x80004005) aIID={d5dcece0-b202-4416-a138-03502784cc07} aComponent={HostWrap} aText={VirtualBox is not currently allowed to access USB devices.  You can change this by adding your user to the 'vboxusers' group.  Please see the user manual for a more detailed explanation}, preserve=true aResultDetail=0
00:09:01.475447 main     VirtualBox: object deletion starts
00:09:01.475710 main     ERROR [COM]: aRC=VBOX_E_OBJECT_IN_USE (0x80bb000c) aIID={7d510820-a678-4730-a862-818dcd3fbed0} aComponent={MediumWrap} aText={Medium '/home/user/VirtualBox VMs/Window 11/Window 11.vdi' cannot be closed because it is still attached to 1 virtual machines}, preserve=false aResultDetail=0
00:09:01.476167 main     ERROR [COM]: aRC=VBOX_E_OBJECT_IN_USE (0x80bb000c) aIID={7d510820-a678-4730-a862-818dcd3fbed0} aComponent={MediumWrap} aText={Medium '/home/user/VirtualBox VMs/Windows 10/Windows 10.vdi' cannot be closed because it is still attached to 1 virtual machines}, preserve=false aResultDetail=0
00:09:01.477407 main     HostDnsMonitor: shutting down ...
00:09:01.481571 main     HostDnsMonitor: shut down
00:09:01.493644 Watcher  ERROR [COM]: aRC=E_ACCESSDENIED (0x80070005) aIID={2ce10519-3c09-45d8-a12d-e887786146b7} aComponent={VirtualBoxWrap} aText={The object is not ready}, preserve=false aResultDetail=0
00:09:01.493794 main     VirtualBox: object deleted
