[2026-01-30 09:15:27.764] [info]  DiscordSplash.signalReady
[2026-01-30 09:15:27.787] [info]  DiscordSplash.onStateUpdate: {"status":"installing-updates","current":1,"total":6}
[2026-01-30 09:15:27.789] [info]  Splash.onStateUpdate: {"status":"installing-updates","current":1,"total":6}
[2026-01-30 09:15:27.790] [info]  DiscordSplash.onStateUpdate: {"status":"installing-updates","current":2,"total":6}
[2026-01-30 09:15:27.790] [info]  Splash.onStateUpdate: {"status":"installing-updates","current":2,"total":6}
[2026-01-30 09:15:27.791] [info]  DiscordSplash.onStateUpdate: {"status":"installing-updates","current":3,"total":6}
[2026-01-30 09:15:27.792] [info]  Splash.onStateUpdate: {"status":"installing-updates","current":3,"total":6}
[2026-01-30 09:15:27.800] [info]  DiscordSplash.onStateUpdate: {"status":"installing-updates","current":4,"total":6}
[2026-01-30 09:15:27.801] [info]  Splash.onStateUpdate: {"status":"installing-updates","current":4,"total":6}
[2026-01-30 09:15:27.801] [info]  DiscordSplash.onStateUpdate: {"status":"installing-updates","current":5,"total":6}
[2026-01-30 09:15:27.802] [info]  Splash.onStateUpdate: {"status":"installing-updates","current":5,"total":6}
[2026-01-30 09:15:27.803] [info]  DiscordSplash.onStateUpdate: {"status":"installing-updates","current":6,"total":6}
[2026-01-30 09:15:27.803] [info]  Splash.onStateUpdate: {"status":"installing-updates","current":6,"total":6}
[2026-01-30 09:15:27.806] [info]  DiscordSplash.onStateUpdate: {"status":"checking-for-updates","current":6,"total":6}
[2026-01-30 09:15:27.806] [info]  Splash.onStateUpdate: {"status":"checking-for-updates","current":6,"total":6}
[2026-01-30 09:15:28.336] [info]  DiscordSplash.onStateUpdate: {"status":"downloading-updates","current":1,"total":6}
[2026-01-30 09:15:28.336] [info]  Splash.onStateUpdate: {"status":"downloading-updates","current":1,"total":6}
[2026-01-30 09:15:28.762] [info]  DiscordSplash.onStateUpdate: {"status":"downloading-updates","current":1,"total":6,"progress":1}
[2026-01-30 09:15:28.763] [info]  Splash.onStateUpdate: {"status":"downloading-updates","current":1,"total":6,"progress":1}
[2026-01-30 09:15:28.764] [info]  DiscordSplash.onStateUpdate: {"status":"downloading-updates","current":1,"total":6,"progress":2}
[2026-01-30 09:15:28.765] [info]  Splash.onStateUpdate: {"status":"downloading-updates","current":1,"total":6,"progress":2}
[2026-01-30 09:15:28.765] [info]  Splash.updateCountdownSeconds: undefined
[2026-01-30 09:15:28.792] [info]  DiscordSplash.onStateUpdate: {"status":"downloading-updates","current":1,"total":6,"progress":3}
[2026-01-30 09:15:28.792] [info]  Splash.onStateUpdate: {"status":"downloading-updates","current":1,"total":6,"progress":3}
[2026-01-30 09:15:28.794] [info]  DiscordSplash.onStateUpdate: {"status":"downloading-updates","current":1,"total":6,"progress":4}
[2026-01-30 09:15:28.795] [info]  Splash.onStateUpdate: {"status":"downloading-updates","current":1,"total":6,"progress":4}
[2026-01-30 09:15:28.798] [info]  DiscordSplash.onStateUpdate: {"status":"downloading-updates","current":1,"total":6,"progress":5}
[2026-01-30 09:15:28.799] [info]  Splash.onStateUpdate: {"status":"downloading-updates","current":1,"total":6,"progress":5}
[2026-01-30 09:15:28.834] [info]  DiscordSplash.onStateUpdate: {"status":"downloading-updates","current":1,"total":6,"progress":6}
[2026-01-30 09:15:28.834] [info]  Splash.onStateUpdate: {"status":"downloading-updates","current":1,"total":6,"progress":6}
[2026-01-30 09:15:28.836] [info]  DiscordSplash.onStateUpdate: {"status":"downloading-updates","current":1,"total":6,"progress":7}
[2026-01-30 09:15:28.836] [info]  Splash.onStateUpdate: {"status":"downloading-updates","current":1,"total":6,"progress":7}
[2026-01-30 09:15:28.841] [info]  DiscordSplash.onStateUpdate: {"status":"downloading-updates","current":1,"total":6,"progress":8}
[2026-01-30 09:15:28.841] [info]  Splash.onStateUpdate: {"status":"downloading-updates","current":1,"total":6,"progress":8}
[2026-01-30 09:15:28.844] [info]  DiscordSplash.onStateUpdate: {"status":"downloading-updates","current":1,"total":6,"progress":9}
[2026-01-30 09:15:28.844] [info]  Splash.onStateUpdate: {"status":"downloading-updates","current":1,"total":6,"progress":9}
[2026-01-30 09:15:28.847] [info]  DiscordSplash.onStateUpdate: {"status":"downloading-updates","current":1,"total":6,"progress":10}
[2026-01-30 09:15:28.847] [info]  Splash.onStateUpdate: {"status":"downloading-updates","current":1,"total":6,"progress":10}
[2026-01-30 09:15:28.849] [info]  DiscordSplash.onStateUpdate: {"status":"downloading-updates","current":1,"total":6,"progress":11}
[2026-01-30 09:15:28.849] [info]  Splash.onStateUpdate: {"status":"downloading-updates","current":1,"total":6,"progress":11}
[2026-01-30 09:15:28.855] [info]  DiscordSplash.onStateUpdate: {"status":"downloading-updates","current":1,"total":6,"progress":12}
[2026-01-30 09:15:28.856] [info]  Splash.onStateUpdate: {"status":"downloading-updates","current":1,"total":6,"progress":12}
[2026-01-30 09:15:28.858] [info]  DiscordSplash.onStateUpdate: {"status":"downloading-updates","current":1,"total":6,"progress":13}
[2026-01-30 09:15:28.858] [info]  Splash.onStateUpdate: {"status":"downloading-updates","current":1,"total":6,"progress":13}
[2026-01-30 09:15:28.860] [info]  DiscordSplash.onStateUpdate: {"status":"downloading-updates","current":1,"total":6,"progress":14}
[2026-01-30 09:15:28.860] [info]  Splash.onStateUpdate: {"status":"downloading-updates","current":1,"total":6,"progress":14}
[2026-01-30 09:15:28.867] [info]  DiscordSplash.onStateUpdate: {"status":"downloading-updates","current":1,"total":6,"progress":15}
[2026-01-30 09:15:28.868] [info]  Splash.onStateUpdate: {"status":"downloading-updates","current":1,"total":6,"progress":15}
[2026-01-30 09:15:28.895] [info]  DiscordSplash.onStateUpdate: {"status":"downloading-updates","current":1,"total":6,"progress":16}
[2026-01-30 09:15:28.896] [info]  Splash.onStateUpdate: {"status":"downloading-updates","current":1,"total":6,"progress":16}
[2026-01-30 09:15:28.899] [info]  DiscordSplash.onStateUpdate: {"status":"downloading-updates","current":1,"total":6,"progress":17}
[2026-01-30 09:15:28.900] [info]  Splash.onStateUpdate: {"status":"downloading-updates","current":1,"total":6,"progress":17}
[2026-01-30 09:15:28.903] [info]  DiscordSplash.onStateUpdate: {"status":"downloading-updates","current":1,"total":6,"progress":18}
[2026-01-30 09:15:28.903] [info]  Splash.onStateUpdate: {"status":"downloading-updates","current":1,"total":6,"progress":18}
[2026-01-30 09:15:28.908] [info]  DiscordSplash.onStateUpdate: {"status":"downloading-updates","current":1,"total":6,"progress":19}
[2026-01-30 09:15:28.908] [info]  Splash.onStateUpdate: {"status":"downloading-updates","current":1,"total":6,"progress":19}
[2026-01-30 09:15:28.909] [info]  DiscordSplash.onStateUpdate: {"status":"downloading-updates","current":1,"total":6,"progress":20}
[2026-01-30 09:15:28.909] [info]  Splash.onStateUpdate: {"status":"downloading-updates","current":1,"total":6,"progress":20}
[2026-01-30 09:15:28.979] [info]  DiscordSplash.onStateUpdate: {"status":"downloading-updates","current":1,"total":6,"progress":21}
[2026-01-30 09:15:28.980] [info]  Splash.onStateUpdate: {"status":"downloading-updates","current":1,"total":6,"progress":21}
[2026-01-30 09:15:28.985] [info]  DiscordSplash.onStateUpdate: {"status":"downloading-updates","current":1,"total":6,"progress":22}
[2026-01-30 09:15:28.985] [info]  Splash.onStateUpdate: {"status":"downloading-updates","current":1,"total":6,"progress":22}
[2026-01-30 09:15:29.045] [info]  DiscordSplash.onStateUpdate: {"status":"downloading-updates","current":1,"total":6,"progress":23}
[2026-01-30 09:15:29.046] [info]  Splash.onStateUpdate: {"status":"downloading-updates","current":1,"total":6,"progress":23}
[2026-01-30 09:15:29.049] [info]  DiscordSplash.onStateUpdate: {"status":"downloading-updates","current":1,"total":6,"progress":26}
[2026-01-30 09:15:29.050] [info]  Splash.onStateUpdate: {"status":"downloading-updates","current":1,"total":6,"progress":26}
[2026-01-30 09:15:29.051] [info]  DiscordSplash.onStateUpdate: {"status":"downloading-updates","current":1,"total":6,"progress":35}
[2026-01-30 09:15:29.052] [info]  Splash.onStateUpdate: {"status":"downloading-updates","current":1,"total":6,"progress":35}
[2026-01-30 09:15:29.052] [info]  DiscordSplash.onStateUpdate: {"status":"downloading-updates","current":1,"total":6,"progress":43}
[2026-01-30 09:15:29.052] [info]  Splash.onStateUpdate: {"status":"downloading-updates","current":1,"total":6,"progress":43}
[2026-01-30 09:15:29.147] [info]  DiscordSplash.onStateUpdate: {"status":"downloading-updates","current":1,"total":6,"progress":44}
[2026-01-30 09:15:29.147] [info]  Splash.onStateUpdate: {"status":"downloading-updates","current":1,"total":6,"progress":44}
[2026-01-30 09:15:29.149] [info]  DiscordSplash.onStateUpdate: {"status":"downloading-updates","current":1,"total":6,"progress":45}
[2026-01-30 09:15:29.149] [info]  Splash.onStateUpdate: {"status":"downloading-updates","current":1,"total":6,"progress":45}
[2026-01-30 09:15:29.193] [info]  DiscordSplash.onStateUpdate: {"status":"downloading-updates","current":1,"total":6,"progress":46}
[2026-01-30 09:15:29.193] [info]  Splash.onStateUpdate: {"status":"downloading-updates","current":1,"total":6,"progress":46}
[2026-01-30 09:15:29.198] [info]  DiscordSplash.onStateUpdate: {"status":"downloading-updates","current":1,"total":6,"progress":49}
[2026-01-30 09:15:29.199] [info]  Splash.onStateUpdate: {"status":"downloading-updates","current":1,"total":6,"progress":49}
[2026-01-30 09:15:29.199] [info]  DiscordSplash.onStateUpdate: {"status":"downloading-updates","current":1,"total":6,"progress":61}
[2026-01-30 09:15:29.199] [info]  Splash.onStateUpdate: {"status":"downloading-updates","current":1,"total":6,"progress":61}
[2026-01-30 09:15:29.202] [info]  DiscordSplash.onStateUpdate: {"status":"downloading-updates","current":1,"total":6,"progress":62}
[2026-01-30 09:15:29.203] [info]  Splash.onStateUpdate: {"status":"downloading-updates","current":1,"total":6,"progress":62}
[2026-01-30 09:15:29.213] [info]  DiscordSplash.onStateUpdate: {"status":"downloading-updates","current":1,"total":6,"progress":63}
[2026-01-30 09:15:29.214] [info]  Splash.onStateUpdate: {"status":"downloading-updates","current":1,"total":6,"progress":63}
[2026-01-30 09:15:29.217] [info]  DiscordSplash.onStateUpdate: {"status":"downloading-updates","current":1,"total":6,"progress":64}
[2026-01-30 09:15:29.217] [info]  Splash.onStateUpdate: {"status":"downloading-updates","current":1,"total":6,"progress":64}
[2026-01-30 09:15:29.239] [info]  DiscordSplash.onStateUpdate: {"status":"downloading-updates","current":1,"total":6,"progress":66}
[2026-01-30 09:15:29.240] [info]  Splash.onStateUpdate: {"status":"downloading-updates","current":1,"total":6,"progress":66}
[2026-01-30 09:15:29.240] [info]  DiscordSplash.onStateUpdate: {"status":"downloading-updates","current":1,"total":6,"progress":71}
[2026-01-30 09:15:29.241] [info]  Splash.onStateUpdate: {"status":"downloading-updates","current":1,"total":6,"progress":71}
[2026-01-30 09:15:29.244] [info]  DiscordSplash.onStateUpdate: {"status":"downloading-updates","current":1,"total":6,"progress":72}
[2026-01-30 09:15:29.244] [info]  Splash.onStateUpdate: {"status":"downloading-updates","current":1,"total":6,"progress":72}
[2026-01-30 09:15:29.244] [info]  DiscordSplash.onStateUpdate: {"status":"downloading-updates","current":1,"total":6,"progress":73}
[2026-01-30 09:15:29.245] [info]  Splash.onStateUpdate: {"status":"downloading-updates","current":1,"total":6,"progress":73}
[2026-01-30 09:15:29.248] [info]  DiscordSplash.onStateUpdate: {"status":"downloading-updates","current":1,"total":6,"progress":74}
[2026-01-30 09:15:29.249] [info]  Splash.onStateUpdate: {"status":"downloading-updates","current":1,"total":6,"progress":74}
[2026-01-30 09:15:29.250] [info]  DiscordSplash.onStateUpdate: {"status":"downloading-updates","current":1,"total":6,"progress":75}
[2026-01-30 09:15:29.251] [info]  Splash.onStateUpdate: {"status":"downloading-updates","current":1,"total":6,"progress":75}
[2026-01-30 09:15:29.311] [info]  DiscordSplash.onStateUpdate: {"status":"downloading-updates","current":1,"total":6,"progress":76}
[2026-01-30 09:15:29.311] [info]  Splash.onStateUpdate: {"status":"downloading-updates","current":1,"total":6,"progress":76}
[2026-01-30 09:15:29.313] [info]  DiscordSplash.onStateUpdate: {"status":"downloading-updates","current":1,"total":6,"progress":77}
[2026-01-30 09:15:29.313] [info]  Splash.onStateUpdate: {"status":"downloading-updates","current":1,"total":6,"progress":77}
[2026-01-30 09:15:29.314] [info]  DiscordSplash.onStateUpdate: {"status":"downloading-updates","current":1,"total":6,"progress":78}
[2026-01-30 09:15:29.315] [info]  Splash.onStateUpdate: {"status":"downloading-updates","current":1,"total":6,"progress":78}
[2026-01-30 09:15:29.315] [info]  DiscordSplash.onStateUpdate: {"status":"downloading-updates","current":1,"total":6,"progress":82}
[2026-01-30 09:15:29.315] [info]  Splash.onStateUpdate: {"status":"downloading-updates","current":1,"total":6,"progress":82}
[2026-01-30 09:15:29.370] [info]  DiscordSplash.onStateUpdate: {"status":"downloading-updates","current":1,"total":6,"progress":85}
[2026-01-30 09:15:29.370] [info]  Splash.onStateUpdate: {"status":"downloading-updates","current":1,"total":6,"progress":85}
[2026-01-30 09:15:29.376] [info]  DiscordSplash.onStateUpdate: {"status":"downloading-updates","current":1,"total":6,"progress":86}
[2026-01-30 09:15:29.376] [info]  Splash.onStateUpdate: {"status":"downloading-updates","current":1,"total":6,"progress":86}
[2026-01-30 09:15:29.377] [info]  DiscordSplash.onStateUpdate: {"status":"downloading-updates","current":1,"total":6,"progress":87}
[2026-01-30 09:15:29.377] [info]  Splash.onStateUpdate: {"status":"downloading-updates","current":1,"total":6,"progress":87}
[2026-01-30 09:15:29.380] [info]  DiscordSplash.onStateUpdate: {"status":"downloading-updates","current":1,"total":6,"progress":88}
[2026-01-30 09:15:29.380] [info]  Splash.onStateUpdate: {"status":"downloading-updates","current":1,"total":6,"progress":88}
[2026-01-30 09:15:29.442] [info]  DiscordSplash.onStateUpdate: {"status":"downloading-updates","current":1,"total":6,"progress":89}
[2026-01-30 09:15:29.443] [info]  Splash.onStateUpdate: {"status":"downloading-updates","current":1,"total":6,"progress":89}
[2026-01-30 09:15:29.445] [info]  DiscordSplash.onStateUpdate: {"status":"downloading-updates","current":1,"total":6,"progress":90}
[2026-01-30 09:15:29.445] [info]  Splash.onStateUpdate: {"status":"downloading-updates","current":1,"total":6,"progress":90}
[2026-01-30 09:15:29.446] [info]  DiscordSplash.onStateUpdate: {"status":"downloading-updates","current":1,"total":6,"progress":97}
[2026-01-30 09:15:29.446] [info]  Splash.onStateUpdate: {"status":"downloading-updates","current":1,"total":6,"progress":97}
[2026-01-30 09:15:29.447] [info]  DiscordSplash.onStateUpdate: {"status":"downloading-updates","current":1,"total":6,"progress":98}
[2026-01-30 09:15:29.447] [info]  Splash.onStateUpdate: {"status":"downloading-updates","current":1,"total":6,"progress":98}
[2026-01-30 09:15:29.448] [info]  DiscordSplash.onStateUpdate: {"status":"downloading-updates","current":1,"total":6,"progress":99}
[2026-01-30 09:15:29.449] [info]  Splash.onStateUpdate: {"status":"downloading-updates","current":1,"total":6,"progress":99}
[2026-01-30 09:15:29.553] [info]  DiscordSplash.onStateUpdate: {"status":"downloading-updates","current":1,"total":6,"progress":100}
[2026-01-30 09:15:29.553] [info]  Splash.onStateUpdate: {"status":"downloading-updates","current":1,"total":6,"progress":100}
[2026-01-30 09:15:29.554] [info]  DiscordSplash.onStateUpdate: {"status":"downloading-updates","current":2,"total":6}
[2026-01-30 09:15:29.555] [info]  Splash.onStateUpdate: {"status":"downloading-updates","current":2,"total":6}
[2026-01-30 09:15:29.763] [info]  Splash.updateCountdownSeconds: undefined
[2026-01-30 09:15:30.086] [info]  DiscordSplash.onStateUpdate: {"status":"downloading-updates","current":2,"total":6,"progress":1}
[2026-01-30 09:15:30.086] [info]  Splash.onStateUpdate: {"status":"downloading-updates","current":2,"total":6,"progress":1}
[2026-01-30 09:15:30.088] [info]  DiscordSplash.onStateUpdate: {"status":"downloading-updates","current":2,"total":6,"progress":2}
[2026-01-30 09:15:30.088] [info]  Splash.onStateUpdate: {"status":"downloading-updates","current":2,"total":6,"progress":2}
[2026-01-30 09:15:30.092] [info]  DiscordSplash.onStateUpdate: {"status":"downloading-updates","current":2,"total":6,"progress":3}
[2026-01-30 09:15:30.093] [info]  Splash.onStateUpdate: {"status":"downloading-updates","current":2,"total":6,"progress":3}
[2026-01-30 09:15:30.158] [info]  DiscordSplash.onStateUpdate: {"status":"downloading-updates","current":2,"total":6,"progress":4}
[2026-01-30 09:15:30.158] [info]  Splash.onStateUpdate: {"status":"downloading-updates","current":2,"total":6,"progress":4}
[2026-01-30 09:15:30.425] [info]  DiscordSplash.onStateUpdate: {"status":"downloading-updates","current":2,"total":6,"progress":5}
[2026-01-30 09:15:30.427] [info]  Splash.onStateUpdate: {"status":"downloading-updates","current":2,"total":6,"progress":5}
[2026-01-30 09:15:30.430] [info]  DiscordSplash.onStateUpdate: {"status":"downloading-updates","current":2,"total":6,"progress":10}
[2026-01-30 09:15:30.431] [info]  Splash.onStateUpdate: {"status":"downloading-updates","current":2,"total":6,"progress":10}
[2026-01-30 09:15:30.431] [info]  DiscordSplash.onStateUpdate: {"status":"downloading-updates","current":2,"total":6,"progress":11}
[2026-01-30 09:15:30.432] [info]  Splash.onStateUpdate: {"status":"downloading-updates","current":2,"total":6,"progress":11}
[2026-01-30 09:15:30.434] [info]  DiscordSplash.onStateUpdate: {"status":"downloading-updates","current":2,"total":6,"progress":12}
[2026-01-30 09:15:30.434] [info]  Splash.onStateUpdate: {"status":"downloading-updates","current":2,"total":6,"progress":12}
[2026-01-30 09:15:30.638] [info]  DiscordSplash.onStateUpdate: {"status":"downloading-updates","current":2,"total":6,"progress":15}
[2026-01-30 09:15:30.639] [info]  Splash.onStateUpdate: {"status":"downloading-updates","current":2,"total":6,"progress":15}
[2026-01-30 09:15:30.640] [info]  DiscordSplash.onStateUpdate: {"status":"downloading-updates","current":2,"total":6,"progress":24}
[2026-01-30 09:15:30.641] [info]  Splash.onStateUpdate: {"status":"downloading-updates","current":2,"total":6,"progress":24}
[2026-01-30 09:15:30.643] [info]  DiscordSplash.onStateUpdate: {"status":"downloading-updates","current":2,"total":6,"progress":26}
[2026-01-30 09:15:30.643] [info]  Splash.onStateUpdate: {"status":"downloading-updates","current":2,"total":6,"progress":26}
[2026-01-30 09:15:30.644] [info]  DiscordSplash.onStateUpdate: {"status":"downloading-updates","current":2,"total":6,"progress":27}
[2026-01-30 09:15:30.645] [info]  Splash.onStateUpdate: {"status":"downloading-updates","current":2,"total":6,"progress":27}
[2026-01-30 09:15:30.650] [info]  DiscordSplash.onStateUpdate: {"status":"downloading-updates","current":2,"total":6,"progress":28}
[2026-01-30 09:15:30.650] [info]  Splash.onStateUpdate: {"status":"downloading-updates","current":2,"total":6,"progress":28}
[2026-01-30 09:15:30.653] [info]  DiscordSplash.onStateUpdate: {"status":"downloading-updates","current":2,"total":6,"progress":29}
[2026-01-30 09:15:30.653] [info]  Splash.onStateUpdate: {"status":"downloading-updates","current":2,"total":6,"progress":29}
[2026-01-30 09:15:30.661] [info]  DiscordSplash.onStateUpdate: {"status":"downloading-updates","current":2,"total":6,"progress":30}
[2026-01-30 09:15:30.661] [info]  Splash.onStateUpdate: {"status":"downloading-updates","current":2,"total":6,"progress":30}
[2026-01-30 09:15:30.667] [info]  DiscordSplash.onStateUpdate: {"status":"downloading-updates","current":2,"total":6,"progress":31}
[2026-01-30 09:15:30.668] [info]  Splash.onStateUpdate: {"status":"downloading-updates","current":2,"total":6,"progress":31}
[2026-01-30 09:15:30.670] [info]  DiscordSplash.onStateUpdate: {"status":"downloading-updates","current":2,"total":6,"progress":32}
[2026-01-30 09:15:30.670] [info]  Splash.onStateUpdate: {"status":"downloading-updates","current":2,"total":6,"progress":32}
[2026-01-30 09:15:30.763] [info]  Splash.updateCountdownSeconds: undefined
[2026-01-30 09:15:30.810] [info]  DiscordSplash.onStateUpdate: {"status":"downloading-updates","current":2,"total":6,"progress":33}
[2026-01-30 09:15:30.811] [info]  Splash.onStateUpdate: {"status":"downloading-updates","current":2,"total":6,"progress":33}
[2026-01-30 09:15:30.814] [info]  DiscordSplash.onStateUpdate: {"status":"downloading-updates","current":2,"total":6,"progress":34}
[2026-01-30 09:15:30.815] [info]  Splash.onStateUpdate: {"status":"downloading-updates","current":2,"total":6,"progress":34}
[2026-01-30 09:15:30.822] [info]  DiscordSplash.onStateUpdate: {"status":"downloading-updates","current":2,"total":6,"progress":35}
[2026-01-30 09:15:30.823] [info]  Splash.onStateUpdate: {"status":"downloading-updates","current":2,"total":6,"progress":35}
[2026-01-30 09:15:30.824] [info]  DiscordSplash.onStateUpdate: {"status":"downloading-updates","current":2,"total":6,"progress":36}
[2026-01-30 09:15:30.825] [info]  Splash.onStateUpdate: {"status":"downloading-updates","current":2,"total":6,"progress":36}
[2026-01-30 09:15:30.918] [info]  DiscordSplash.onStateUpdate: {"status":"downloading-updates","current":2,"total":6,"progress":37}
[2026-01-30 09:15:30.919] [info]  Splash.onStateUpdate: {"status":"downloading-updates","current":2,"total":6,"progress":37}
[2026-01-30 09:15:31.053] [info]  DiscordSplash.onStateUpdate: {"status":"downloading-updates","current":2,"total":6,"progress":38}
[2026-01-30 09:15:31.054] [info]  Splash.onStateUpdate: {"status":"downloading-updates","current":2,"total":6,"progress":38}
[2026-01-30 09:15:31.056] [info]  DiscordSplash.onStateUpdate: {"status":"downloading-updates","current":2,"total":6,"progress":39}
[2026-01-30 09:15:31.057] [info]  Splash.onStateUpdate: {"status":"downloading-updates","current":2,"total":6,"progress":39}
[2026-01-30 09:15:31.112] [info]  DiscordSplash.onStateUpdate: {"status":"downloading-updates","current":2,"total":6,"progress":40}
[2026-01-30 09:15:31.115] [info]  Splash.onStateUpdate: {"status":"downloading-updates","current":2,"total":6,"progress":40}
[2026-01-30 09:15:31.116] [info]  DiscordSplash.onStateUpdate: {"status":"downloading-updates","current":2,"total":6,"progress":41}
[2026-01-30 09:15:31.116] [info]  Splash.onStateUpdate: {"status":"downloading-updates","current":2,"total":6,"progress":41}
[2026-01-30 09:15:31.140] [info]  DiscordSplash.onStateUpdate: {"status":"downloading-updates","current":2,"total":6,"progress":42}
[2026-01-30 09:15:31.141] [info]  Splash.onStateUpdate: {"status":"downloading-updates","current":2,"total":6,"progress":42}
[2026-01-30 09:15:31.144] [info]  DiscordSplash.onStateUpdate: {"status":"downloading-updates","current":2,"total":6,"progress":43}
[2026-01-30 09:15:31.145] [info]  Splash.onStateUpdate: {"status":"downloading-updates","current":2,"total":6,"progress":43}
[2026-01-30 09:15:31.151] [info]  DiscordSplash.onStateUpdate: {"status":"downloading-updates","current":2,"total":6,"progress":44}
[2026-01-30 09:15:31.152] [info]  Splash.onStateUpdate: {"status":"downloading-updates","current":2,"total":6,"progress":44}
[2026-01-30 09:15:31.301] [info]  DiscordSplash.onStateUpdate: {"status":"downloading-updates","current":2,"total":6,"progress":45}
[2026-01-30 09:15:31.302] [info]  Splash.onStateUpdate: {"status":"downloading-updates","current":2,"total":6,"progress":45}
[2026-01-30 09:15:31.305] [info]  DiscordSplash.onStateUpdate: {"status":"downloading-updates","current":2,"total":6,"progress":46}
[2026-01-30 09:15:31.306] [info]  Splash.onStateUpdate: {"status":"downloading-updates","current":2,"total":6,"progress":46}
[2026-01-30 09:15:31.306] [info]  DiscordSplash.onStateUpdate: {"status":"downloading-updates","current":2,"total":6,"progress":48}
[2026-01-30 09:15:31.307] [info]  Splash.onStateUpdate: {"status":"downloading-updates","current":2,"total":6,"progress":48}
[2026-01-30 09:15:31.311] [info]  DiscordSplash.onStateUpdate: {"status":"downloading-updates","current":2,"total":6,"progress":49}
[2026-01-30 09:15:31.312] [info]  Splash.onStateUpdate: {"status":"downloading-updates","current":2,"total":6,"progress":49}
[2026-01-30 09:15:31.313] [info]  DiscordSplash.onStateUpdate: {"status":"downloading-updates","current":2,"total":6,"progress":50}
[2026-01-30 09:15:31.314] [info]  Splash.onStateUpdate: {"status":"downloading-updates","current":2,"total":6,"progress":50}
[2026-01-30 09:15:31.378] [info]  DiscordSplash.onStateUpdate: {"status":"downloading-updates","current":2,"total":6,"progress":53}
[2026-01-30 09:15:31.379] [info]  Splash.onStateUpdate: {"status":"downloading-updates","current":2,"total":6,"progress":53}
[2026-01-30 09:15:31.380] [info]  DiscordSplash.onStateUpdate: {"status":"downloading-updates","current":2,"total":6,"progress":57}
[2026-01-30 09:15:31.381] [info]  Splash.onStateUpdate: {"status":"downloading-updates","current":2,"total":6,"progress":57}
[2026-01-30 09:15:31.381] [info]  DiscordSplash.onStateUpdate: {"status":"downloading-updates","current":2,"total":6,"progress":61}
[2026-01-30 09:15:31.382] [info]  Splash.onStateUpdate: {"status":"downloading-updates","current":2,"total":6,"progress":61}
[2026-01-30 09:15:31.408] [info]  DiscordSplash.onStateUpdate: {"status":"downloading-updates","current":2,"total":6,"progress":62}
[2026-01-30 09:15:31.408] [info]  Splash.onStateUpdate: {"status":"downloading-updates","current":2,"total":6,"progress":62}
[2026-01-30 09:15:31.546] [info]  DiscordSplash.onStateUpdate: {"status":"downloading-updates","current":2,"total":6,"progress":63}
[2026-01-30 09:15:31.546] [info]  Splash.onStateUpdate: {"status":"downloading-updates","current":2,"total":6,"progress":63}
[2026-01-30 09:15:31.548] [info]  DiscordSplash.onStateUpdate: {"status":"downloading-updates","current":2,"total":6,"progress":64}
[2026-01-30 09:15:31.548] [info]  Splash.onStateUpdate: {"status":"downloading-updates","current":2,"total":6,"progress":64}
[2026-01-30 09:15:31.552] [info]  DiscordSplash.onStateUpdate: {"status":"downloading-updates","current":2,"total":6,"progress":65}
[2026-01-30 09:15:31.552] [info]  Splash.onStateUpdate: {"status":"downloading-updates","current":2,"total":6,"progress":65}
[2026-01-30 09:15:31.554] [info]  DiscordSplash.onStateUpdate: {"status":"downloading-updates","current":2,"total":6,"progress":66}
[2026-01-30 09:15:31.555] [info]  Splash.onStateUpdate: {"status":"downloading-updates","current":2,"total":6,"progress":66}
[2026-01-30 09:15:31.763] [info]  Splash.updateCountdownSeconds: undefined
[2026-01-30 09:15:31.896] [info]  DiscordSplash.onStateUpdate: {"status":"downloading-updates","current":2,"total":6,"progress":69}
[2026-01-30 09:15:31.897] [info]  Splash.onStateUpdate: {"status":"downloading-updates","current":2,"total":6,"progress":69}
[2026-01-30 09:15:31.901] [info]  DiscordSplash.onStateUpdate: {"status":"downloading-updates","current":2,"total":6,"progress":73}
[2026-01-30 09:15:31.901] [info]  Splash.onStateUpdate: {"status":"downloading-updates","current":2,"total":6,"progress":73}
[2026-01-30 09:15:31.904] [info]  DiscordSplash.onStateUpdate: {"status":"downloading-updates","current":2,"total":6,"progress":81}
[2026-01-30 09:15:31.904] [info]  Splash.onStateUpdate: {"status":"downloading-updates","current":2,"total":6,"progress":81}
[2026-01-30 09:15:31.906] [info]  DiscordSplash.onStateUpdate: {"status":"downloading-updates","current":2,"total":6,"progress":89}
[2026-01-30 09:15:31.906] [info]  Splash.onStateUpdate: {"status":"downloading-updates","current":2,"total":6,"progress":89}
[2026-01-30 09:15:31.907] [info]  DiscordSplash.onStateUpdate: {"status":"downloading-updates","current":2,"total":6,"progress":91}
[2026-01-30 09:15:31.907] [info]  Splash.onStateUpdate: {"status":"downloading-updates","current":2,"total":6,"progress":91}
[2026-01-30 09:15:32.060] [info]  DiscordSplash.onStateUpdate: {"status":"downloading-updates","current":2,"total":6,"progress":92}
[2026-01-30 09:15:32.061] [info]  Splash.onStateUpdate: {"status":"downloading-updates","current":2,"total":6,"progress":92}
[2026-01-30 09:15:32.065] [info]  DiscordSplash.onStateUpdate: {"status":"downloading-updates","current":2,"total":6,"progress":93}
[2026-01-30 09:15:32.066] [info]  Splash.onStateUpdate: {"status":"downloading-updates","current":2,"total":6,"progress":93}
[2026-01-30 09:15:32.069] [info]  DiscordSplash.onStateUpdate: {"status":"downloading-updates","current":2,"total":6,"progress":98}
[2026-01-30 09:15:32.069] [info]  Splash.onStateUpdate: {"status":"downloading-updates","current":2,"total":6,"progress":98}
[2026-01-30 09:15:32.072] [info]  DiscordSplash.onStateUpdate: {"status":"downloading-updates","current":2,"total":6,"progress":99}
[2026-01-30 09:15:32.073] [info]  Splash.onStateUpdate: {"status":"downloading-updates","current":2,"total":6,"progress":99}
[2026-01-30 09:15:32.078] [info]  DiscordSplash.onStateUpdate: {"status":"downloading-updates","current":2,"total":6,"progress":100}
[2026-01-30 09:15:32.078] [info]  Splash.onStateUpdate: {"status":"downloading-updates","current":2,"total":6,"progress":100}
[2026-01-30 09:15:32.079] [info]  DiscordSplash.onStateUpdate: {"status":"downloading-updates","current":3,"total":6}
[2026-01-30 09:15:32.079] [info]  Splash.onStateUpdate: {"status":"downloading-updates","current":3,"total":6}
[2026-01-30 09:15:32.639] [info]  DiscordSplash.onStateUpdate: {"status":"downloading-updates","current":3,"total":6,"progress":1}
[2026-01-30 09:15:32.639] [info]  Splash.onStateUpdate: {"status":"downloading-updates","current":3,"total":6,"progress":1}
[2026-01-30 09:15:32.763] [info]  Splash.updateCountdownSeconds: undefined
[2026-01-30 09:15:32.784] [info]  DiscordSplash.onStateUpdate: {"status":"downloading-updates","current":3,"total":6,"progress":2}
[2026-01-30 09:15:32.784] [info]  Splash.onStateUpdate: {"status":"downloading-updates","current":3,"total":6,"progress":2}
[2026-01-30 09:15:32.836] [info]  DiscordSplash.onStateUpdate: {"status":"downloading-updates","current":3,"total":6,"progress":3}
[2026-01-30 09:15:32.837] [info]  Splash.onStateUpdate: {"status":"downloading-updates","current":3,"total":6,"progress":3}
[2026-01-30 09:15:32.875] [info]  DiscordSplash.onStateUpdate: {"status":"downloading-updates","current":3,"total":6,"progress":4}
[2026-01-30 09:15:32.876] [info]  Splash.onStateUpdate: {"status":"downloading-updates","current":3,"total":6,"progress":4}
[2026-01-30 09:15:33.050] [info]  DiscordSplash.onStateUpdate: {"status":"downloading-updates","current":3,"total":6,"progress":5}
[2026-01-30 09:15:33.051] [info]  Splash.onStateUpdate: {"status":"downloading-updates","current":3,"total":6,"progress":5}
[2026-01-30 09:15:33.130] [info]  DiscordSplash.onStateUpdate: {"status":"downloading-updates","current":3,"total":6,"progress":6}
[2026-01-30 09:15:33.130] [info]  Splash.onStateUpdate: {"status":"downloading-updates","current":3,"total":6,"progress":6}
[2026-01-30 09:15:33.340] [info]  DiscordSplash.onStateUpdate: {"status":"downloading-updates","current":3,"total":6,"progress":7}
[2026-01-30 09:15:33.341] [info]  Splash.onStateUpdate: {"status":"downloading-updates","current":3,"total":6,"progress":7}
[2026-01-30 09:15:33.366] [info]  DiscordSplash.onStateUpdate: {"status":"downloading-updates","current":3,"total":6,"progress":8}
[2026-01-30 09:15:33.367] [info]  Splash.onStateUpdate: {"status":"downloading-updates","current":3,"total":6,"progress":8}
[2026-01-30 09:15:33.531] [info]  DiscordSplash.onStateUpdate: {"status":"downloading-updates","current":3,"total":6,"progress":9}
[2026-01-30 09:15:33.531] [info]  Splash.onStateUpdate: {"status":"downloading-updates","current":3,"total":6,"progress":9}
[2026-01-30 09:15:33.751] [info]  DiscordSplash.onStateUpdate: {"status":"downloading-updates","current":3,"total":6,"progress":10}
[2026-01-30 09:15:33.752] [info]  Splash.onStateUpdate: {"status":"downloading-updates","current":3,"total":6,"progress":10}
[2026-01-30 09:15:33.763] [info]  Splash.updateCountdownSeconds: undefined
[2026-01-30 09:15:33.858] [info]  DiscordSplash.onStateUpdate: {"status":"downloading-updates","current":3,"total":6,"progress":11}
[2026-01-30 09:15:33.859] [info]  Splash.onStateUpdate: {"status":"downloading-updates","current":3,"total":6,"progress":11}
[2026-01-30 09:15:34.004] [info]  DiscordSplash.onStateUpdate: {"status":"downloading-updates","current":3,"total":6,"progress":12}
[2026-01-30 09:15:34.005] [info]  Splash.onStateUpdate: {"status":"downloading-updates","current":3,"total":6,"progress":12}
[2026-01-30 09:15:34.257] [info]  DiscordSplash.onStateUpdate: {"status":"downloading-updates","current":3,"total":6,"progress":13}
[2026-01-30 09:15:34.258] [info]  Splash.onStateUpdate: {"status":"downloading-updates","current":3,"total":6,"progress":13}
[2026-01-30 09:15:34.262] [info]  DiscordSplash.onStateUpdate: {"status":"downloading-updates","current":3,"total":6,"progress":14}
[2026-01-30 09:15:34.263] [info]  Splash.onStateUpdate: {"status":"downloading-updates","current":3,"total":6,"progress":14}
[2026-01-30 09:15:34.644] [info]  DiscordSplash.onStateUpdate: {"status":"downloading-updates","current":3,"total":6,"progress":15}
[2026-01-30 09:15:34.645] [info]  Splash.onStateUpdate: {"status":"downloading-updates","current":3,"total":6,"progress":15}
[2026-01-30 09:15:34.645] [info]  DiscordSplash.onStateUpdate: {"status":"downloading-updates","current":3,"total":6,"progress":16}
[2026-01-30 09:15:34.645] [info]  Splash.onStateUpdate: {"status":"downloading-updates","current":3,"total":6,"progress":16}
[2026-01-30 09:15:34.763] [info]  Splash.updateCountdownSeconds: undefined
[2026-01-30 09:15:34.897] [info]  DiscordSplash.onStateUpdate: {"status":"downloading-updates","current":3,"total":6,"progress":17}
[2026-01-30 09:15:34.898] [info]  Splash.onStateUpdate: {"status":"downloading-updates","current":3,"total":6,"progress":17}
[2026-01-30 09:15:34.901] [info]  DiscordSplash.onStateUpdate: {"status":"downloading-updates","current":3,"total":6,"progress":18}
[2026-01-30 09:15:34.902] [info]  Splash.onStateUpdate: {"status":"downloading-updates","current":3,"total":6,"progress":18}
[2026-01-30 09:15:34.903] [info]  DiscordSplash.onStateUpdate: {"status":"downloading-updates","current":3,"total":6,"progress":20}
[2026-01-30 09:15:34.903] [info]  Splash.onStateUpdate: {"status":"downloading-updates","current":3,"total":6,"progress":20}
[2026-01-30 09:15:34.905] [info]  DiscordSplash.onStateUpdate: {"status":"downloading-updates","current":3,"total":6,"progress":21}
[2026-01-30 09:15:34.906] [info]  Splash.onStateUpdate: {"status":"downloading-updates","current":3,"total":6,"progress":21}
[2026-01-30 09:15:34.965] [info]  DiscordSplash.onStateUpdate: {"status":"downloading-updates","current":3,"total":6,"progress":22}
[2026-01-30 09:15:34.966] [info]  Splash.onStateUpdate: {"status":"downloading-updates","current":3,"total":6,"progress":22}
[2026-01-30 09:15:35.027] [info]  DiscordSplash.onStateUpdate: {"status":"downloading-updates","current":3,"total":6,"progress":23}
[2026-01-30 09:15:35.028] [info]  Splash.onStateUpdate: {"status":"downloading-updates","current":3,"total":6,"progress":23}
[2026-01-30 09:15:35.089] [info]  DiscordSplash.onStateUpdate: {"status":"downloading-updates","current":3,"total":6,"progress":24}
[2026-01-30 09:15:35.090] [info]  Splash.onStateUpdate: {"status":"downloading-updates","current":3,"total":6,"progress":24}
[2026-01-30 09:15:35.103] [info]  DiscordSplash.onStateUpdate: {"status":"downloading-updates","current":3,"total":6,"progress":25}
[2026-01-30 09:15:35.103] [info]  Splash.onStateUpdate: {"status":"downloading-updates","current":3,"total":6,"progress":25}
[2026-01-30 09:15:35.174] [info]  DiscordSplash.onStateUpdate: {"status":"downloading-updates","current":3,"total":6,"progress":26}
[2026-01-30 09:15:35.174] [info]  Splash.onStateUpdate: {"status":"downloading-updates","current":3,"total":6,"progress":26}
[2026-01-30 09:15:35.214] [info]  DiscordSplash.onStateUpdate: {"status":"downloading-updates","current":3,"total":6,"progress":27}
[2026-01-30 09:15:35.215] [info]  Splash.onStateUpdate: {"status":"downloading-updates","current":3,"total":6,"progress":27}
[2026-01-30 09:15:35.226] [info]  DiscordSplash.onStateUpdate: {"status":"downloading-updates","current":3,"total":6,"progress":28}
[2026-01-30 09:15:35.227] [info]  Splash.onStateUpdate: {"status":"downloading-updates","current":3,"total":6,"progress":28}
[2026-01-30 09:15:35.267] [info]  DiscordSplash.onStateUpdate: {"status":"downloading-updates","current":3,"total":6,"progress":29}
[2026-01-30 09:15:35.268] [info]  Splash.onStateUpdate: {"status":"downloading-updates","current":3,"total":6,"progress":29}
[2026-01-30 09:15:35.312] [info]  DiscordSplash.onStateUpdate: {"status":"downloading-updates","current":3,"total":6,"progress":30}
[2026-01-30 09:15:35.313] [info]  Splash.onStateUpdate: {"status":"downloading-updates","current":3,"total":6,"progress":30}
[2026-01-30 09:15:35.341] [info]  DiscordSplash.onStateUpdate: {"status":"downloading-updates","current":3,"total":6,"progress":31}
[2026-01-30 09:15:35.341] [info]  Splash.onStateUpdate: {"status":"downloading-updates","current":3,"total":6,"progress":31}
[2026-01-30 09:15:35.378] [info]  DiscordSplash.onStateUpdate: {"status":"downloading-updates","current":3,"total":6,"progress":32}
[2026-01-30 09:15:35.378] [info]  Splash.onStateUpdate: {"status":"downloading-updates","current":3,"total":6,"progress":32}
[2026-01-30 09:15:35.404] [info]  DiscordSplash.onStateUpdate: {"status":"downloading-updates","current":3,"total":6,"progress":33}
[2026-01-30 09:15:35.405] [info]  Splash.onStateUpdate: {"status":"downloading-updates","current":3,"total":6,"progress":33}
[2026-01-30 09:15:35.453] [info]  DiscordSplash.onStateUpdate: {"status":"downloading-updates","current":3,"total":6,"progress":34}
[2026-01-30 09:15:35.453] [info]  Splash.onStateUpdate: {"status":"downloading-updates","current":3,"total":6,"progress":34}
[2026-01-30 09:15:35.514] [info]  DiscordSplash.onStateUpdate: {"status":"downloading-updates","current":3,"total":6,"progress":35}
[2026-01-30 09:15:35.514] [info]  Splash.onStateUpdate: {"status":"downloading-updates","current":3,"total":6,"progress":35}
[2026-01-30 09:15:35.537] [info]  DiscordSplash.onStateUpdate: {"status":"downloading-updates","current":3,"total":6,"progress":36}
[2026-01-30 09:15:35.538] [info]  Splash.onStateUpdate: {"status":"downloading-updates","current":3,"total":6,"progress":36}
[2026-01-30 09:15:35.582] [info]  DiscordSplash.onStateUpdate: {"status":"downloading-updates","current":3,"total":6,"progress":37}
[2026-01-30 09:15:35.583] [info]  Splash.onStateUpdate: {"status":"downloading-updates","current":3,"total":6,"progress":37}
[2026-01-30 09:15:35.633] [info]  DiscordSplash.onStateUpdate: {"status":"downloading-updates","current":3,"total":6,"progress":38}
[2026-01-30 09:15:35.634] [info]  Splash.onStateUpdate: {"status":"downloading-updates","current":3,"total":6,"progress":38}
[2026-01-30 09:15:35.689] [info]  DiscordSplash.onStateUpdate: {"status":"downloading-updates","current":3,"total":6,"progress":39}
[2026-01-30 09:15:35.690] [info]  Splash.onStateUpdate: {"status":"downloading-updates","current":3,"total":6,"progress":39}
[2026-01-30 09:15:35.701] [info]  DiscordSplash.onStateUpdate: {"status":"downloading-updates","current":3,"total":6,"progress":40}
[2026-01-30 09:15:35.701] [info]  Splash.onStateUpdate: {"status":"downloading-updates","current":3,"total":6,"progress":40}
[2026-01-30 09:15:35.724] [info]  DiscordSplash.onStateUpdate: {"status":"downloading-updates","current":3,"total":6,"progress":41}
[2026-01-30 09:15:35.724] [info]  Splash.onStateUpdate: {"status":"downloading-updates","current":3,"total":6,"progress":41}
[2026-01-30 09:15:35.763] [info]  Splash.updateCountdownSeconds: undefined
[2026-01-30 09:15:35.848] [info]  DiscordSplash.onStateUpdate: {"status":"downloading-updates","current":3,"total":6,"progress":42}
[2026-01-30 09:15:35.849] [info]  Splash.onStateUpdate: {"status":"downloading-updates","current":3,"total":6,"progress":42}
[2026-01-30 09:15:35.852] [info]  DiscordSplash.onStateUpdate: {"status":"downloading-updates","current":3,"total":6,"progress":43}
[2026-01-30 09:15:35.852] [info]  Splash.onStateUpdate: {"status":"downloading-updates","current":3,"total":6,"progress":43}
[2026-01-30 09:15:35.905] [info]  DiscordSplash.onStateUpdate: {"status":"downloading-updates","current":3,"total":6,"progress":44}
[2026-01-30 09:15:35.905] [info]  Splash.onStateUpdate: {"status":"downloading-updates","current":3,"total":6,"progress":44}
[2026-01-30 09:15:35.940] [info]  DiscordSplash.onStateUpdate: {"status":"downloading-updates","current":3,"total":6,"progress":45}
[2026-01-30 09:15:35.941] [info]  Splash.onStateUpdate: {"status":"downloading-updates","current":3,"total":6,"progress":45}
[2026-01-30 09:15:35.988] [info]  DiscordSplash.onStateUpdate: {"status":"downloading-updates","current":3,"total":6,"progress":46}
[2026-01-30 09:15:35.989] [info]  Splash.onStateUpdate: {"status":"downloading-updates","current":3,"total":6,"progress":46}
[2026-01-30 09:15:36.003] [info]  DiscordSplash.onStateUpdate: {"status":"downloading-updates","current":3,"total":6,"progress":47}
[2026-01-30 09:15:36.004] [info]  Splash.onStateUpdate: {"status":"downloading-updates","current":3,"total":6,"progress":47}
[2026-01-30 09:15:36.059] [info]  DiscordSplash.onStateUpdate: {"status":"downloading-updates","current":3,"total":6,"progress":48}
[2026-01-30 09:15:36.059] [info]  Splash.onStateUpdate: {"status":"downloading-updates","current":3,"total":6,"progress":48}
[2026-01-30 09:15:36.077] [info]  DiscordSplash.onStateUpdate: {"status":"downloading-updates","current":3,"total":6,"progress":49}
[2026-01-30 09:15:36.077] [info]  Splash.onStateUpdate: {"status":"downloading-updates","current":3,"total":6,"progress":49}
[2026-01-30 09:15:36.104] [info]  DiscordSplash.onStateUpdate: {"status":"downloading-updates","current":3,"total":6,"progress":50}
[2026-01-30 09:15:36.105] [info]  Splash.onStateUpdate: {"status":"downloading-updates","current":3,"total":6,"progress":50}
[2026-01-30 09:15:36.128] [info]  DiscordSplash.onStateUpdate: {"status":"downloading-updates","current":3,"total":6,"progress":51}
[2026-01-30 09:15:36.128] [info]  Splash.onStateUpdate: {"status":"downloading-updates","current":3,"total":6,"progress":51}
[2026-01-30 09:15:36.172] [info]  DiscordSplash.onStateUpdate: {"status":"downloading-updates","current":3,"total":6,"progress":52}
[2026-01-30 09:15:36.172] [info]  Splash.onStateUpdate: {"status":"downloading-updates","current":3,"total":6,"progress":52}
[2026-01-30 09:15:36.198] [info]  DiscordSplash.onStateUpdate: {"status":"downloading-updates","current":3,"total":6,"progress":53}
[2026-01-30 09:15:36.199] [info]  Splash.onStateUpdate: {"status":"downloading-updates","current":3,"total":6,"progress":53}
[2026-01-30 09:15:36.234] [info]  DiscordSplash.onStateUpdate: {"status":"downloading-updates","current":3,"total":6,"progress":54}
[2026-01-30 09:15:36.234] [info]  Splash.onStateUpdate: {"status":"downloading-updates","current":3,"total":6,"progress":54}
[2026-01-30 09:15:36.259] [info]  DiscordSplash.onStateUpdate: {"status":"downloading-updates","current":3,"total":6,"progress":55}
[2026-01-30 09:15:36.259] [info]  Splash.onStateUpdate: {"status":"downloading-updates","current":3,"total":6,"progress":55}
[2026-01-30 09:15:36.301] [info]  DiscordSplash.onStateUpdate: {"status":"downloading-updates","current":3,"total":6,"progress":56}
[2026-01-30 09:15:36.301] [info]  Splash.onStateUpdate: {"status":"downloading-updates","current":3,"total":6,"progress":56}
[2026-01-30 09:15:36.370] [info]  DiscordSplash.onStateUpdate: {"status":"downloading-updates","current":3,"total":6,"progress":57}
[2026-01-30 09:15:36.370] [info]  Splash.onStateUpdate: {"status":"downloading-updates","current":3,"total":6,"progress":57}
[2026-01-30 09:15:36.371] [info]  DiscordSplash.onStateUpdate: {"status":"downloading-updates","current":3,"total":6,"progress":58}
[2026-01-30 09:15:36.372] [info]  Splash.onStateUpdate: {"status":"downloading-updates","current":3,"total":6,"progress":58}
[2026-01-30 09:15:36.432] [info]  DiscordSplash.onStateUpdate: {"status":"downloading-updates","current":3,"total":6,"progress":59}
[2026-01-30 09:15:36.432] [info]  Splash.onStateUpdate: {"status":"downloading-updates","current":3,"total":6,"progress":59}
[2026-01-30 09:15:36.506] [info]  DiscordSplash.onStateUpdate: {"status":"downloading-updates","current":3,"total":6,"progress":60}
[2026-01-30 09:15:36.506] [info]  Splash.onStateUpdate: {"status":"downloading-updates","current":3,"total":6,"progress":60}
[2026-01-30 09:15:36.507] [info]  DiscordSplash.onStateUpdate: {"status":"downloading-updates","current":3,"total":6,"progress":61}
[2026-01-30 09:15:36.507] [info]  Splash.onStateUpdate: {"status":"downloading-updates","current":3,"total":6,"progress":61}
[2026-01-30 09:15:36.519] [info]  DiscordSplash.onStateUpdate: {"status":"downloading-updates","current":3,"total":6,"progress":62}
[2026-01-30 09:15:36.520] [info]  Splash.onStateUpdate: {"status":"downloading-updates","current":3,"total":6,"progress":62}
[2026-01-30 09:15:36.574] [info]  DiscordSplash.onStateUpdate: {"status":"downloading-updates","current":3,"total":6,"progress":63}
[2026-01-30 09:15:36.575] [info]  Splash.onStateUpdate: {"status":"downloading-updates","current":3,"total":6,"progress":63}
[2026-01-30 09:15:36.642] [info]  DiscordSplash.onStateUpdate: {"status":"downloading-updates","current":3,"total":6,"progress":64}
[2026-01-30 09:15:36.642] [info]  Splash.onStateUpdate: {"status":"downloading-updates","current":3,"total":6,"progress":64}
[2026-01-30 09:15:36.649] [info]  DiscordSplash.onStateUpdate: {"status":"downloading-updates","current":3,"total":6,"progress":65}
[2026-01-30 09:15:36.650] [info]  Splash.onStateUpdate: {"status":"downloading-updates","current":3,"total":6,"progress":65}
[2026-01-30 09:15:36.678] [info]  DiscordSplash.onStateUpdate: {"status":"downloading-updates","current":3,"total":6,"progress":66}
[2026-01-30 09:15:36.678] [info]  Splash.onStateUpdate: {"status":"downloading-updates","current":3,"total":6,"progress":66}
[2026-01-30 09:15:36.729] [info]  DiscordSplash.onStateUpdate: {"status":"downloading-updates","current":3,"total":6,"progress":67}
[2026-01-30 09:15:36.729] [info]  Splash.onStateUpdate: {"status":"downloading-updates","current":3,"total":6,"progress":67}
[2026-01-30 09:15:36.743] [info]  DiscordSplash.onStateUpdate: {"status":"downloading-updates","current":3,"total":6,"progress":68}
[2026-01-30 09:15:36.743] [info]  Splash.onStateUpdate: {"status":"downloading-updates","current":3,"total":6,"progress":68}
[2026-01-30 09:15:36.763] [info]  Splash.updateCountdownSeconds: undefined
[2026-01-30 09:15:36.765] [info]  DiscordSplash.onStateUpdate: {"status":"downloading-updates","current":3,"total":6,"progress":69}
[2026-01-30 09:15:36.765] [info]  Splash.onStateUpdate: {"status":"downloading-updates","current":3,"total":6,"progress":69}
[2026-01-30 09:15:36.793] [info]  DiscordSplash.onStateUpdate: {"status":"downloading-updates","current":3,"total":6,"progress":70}
[2026-01-30 09:15:36.794] [info]  Splash.onStateUpdate: {"status":"downloading-updates","current":3,"total":6,"progress":70}
[2026-01-30 09:15:36.820] [info]  DiscordSplash.onStateUpdate: {"status":"downloading-updates","current":3,"total":6,"progress":71}
[2026-01-30 09:15:36.821] [info]  Splash.onStateUpdate: {"status":"downloading-updates","current":3,"total":6,"progress":71}
[2026-01-30 09:15:36.849] [info]  DiscordSplash.onStateUpdate: {"status":"downloading-updates","current":3,"total":6,"progress":72}
[2026-01-30 09:15:36.850] [info]  Splash.onStateUpdate: {"status":"downloading-updates","current":3,"total":6,"progress":72}
[2026-01-30 09:15:36.878] [info]  DiscordSplash.onStateUpdate: {"status":"downloading-updates","current":3,"total":6,"progress":73}
[2026-01-30 09:15:36.878] [info]  Splash.onStateUpdate: {"status":"downloading-updates","current":3,"total":6,"progress":73}
[2026-01-30 09:15:36.910] [info]  DiscordSplash.onStateUpdate: {"status":"downloading-updates","current":3,"total":6,"progress":74}
[2026-01-30 09:15:36.910] [info]  Splash.onStateUpdate: {"status":"downloading-updates","current":3,"total":6,"progress":74}
[2026-01-30 09:15:36.930] [info]  DiscordSplash.onStateUpdate: {"status":"downloading-updates","current":3,"total":6,"progress":75}
[2026-01-30 09:15:36.930] [info]  Splash.onStateUpdate: {"status":"downloading-updates","current":3,"total":6,"progress":75}
[2026-01-30 09:15:36.977] [info]  DiscordSplash.onStateUpdate: {"status":"downloading-updates","current":3,"total":6,"progress":76}
[2026-01-30 09:15:36.978] [info]  Splash.onStateUpdate: {"status":"downloading-updates","current":3,"total":6,"progress":76}
[2026-01-30 09:15:37.043] [info]  DiscordSplash.onStateUpdate: {"status":"downloading-updates","current":3,"total":6,"progress":77}
[2026-01-30 09:15:37.044] [info]  Splash.onStateUpdate: {"status":"downloading-updates","current":3,"total":6,"progress":77}
[2026-01-30 09:15:37.044] [info]  DiscordSplash.onStateUpdate: {"status":"downloading-updates","current":3,"total":6,"progress":78}
[2026-01-30 09:15:37.045] [info]  Splash.onStateUpdate: {"status":"downloading-updates","current":3,"total":6,"progress":78}
[2026-01-30 09:15:37.053] [info]  DiscordSplash.onStateUpdate: {"status":"downloading-updates","current":3,"total":6,"progress":79}
[2026-01-30 09:15:37.054] [info]  Splash.onStateUpdate: {"status":"downloading-updates","current":3,"total":6,"progress":79}
[2026-01-30 09:15:37.111] [info]  DiscordSplash.onStateUpdate: {"status":"downloading-updates","current":3,"total":6,"progress":80}
[2026-01-30 09:15:37.112] [info]  Splash.onStateUpdate: {"status":"downloading-updates","current":3,"total":6,"progress":80}
[2026-01-30 09:15:37.177] [info]  DiscordSplash.onStateUpdate: {"status":"downloading-updates","current":3,"total":6,"progress":81}
[2026-01-30 09:15:37.178] [info]  Splash.onStateUpdate: {"status":"downloading-updates","current":3,"total":6,"progress":81}
[2026-01-30 09:15:37.178] [info]  DiscordSplash.onStateUpdate: {"status":"downloading-updates","current":3,"total":6,"progress":82}
[2026-01-30 09:15:37.179] [info]  Splash.onStateUpdate: {"status":"downloading-updates","current":3,"total":6,"progress":82}
[2026-01-30 09:15:37.195] [info]  DiscordSplash.onStateUpdate: {"status":"downloading-updates","current":3,"total":6,"progress":83}
[2026-01-30 09:15:37.196] [info]  Splash.onStateUpdate: {"status":"downloading-updates","current":3,"total":6,"progress":83}
[2026-01-30 09:15:37.237] [info]  DiscordSplash.onStateUpdate: {"status":"downloading-updates","current":3,"total":6,"progress":84}
[2026-01-30 09:15:37.237] [info]  Splash.onStateUpdate: {"status":"downloading-updates","current":3,"total":6,"progress":84}
[2026-01-30 09:15:37.291] [info]  DiscordSplash.onStateUpdate: {"status":"downloading-updates","current":3,"total":6,"progress":85}
[2026-01-30 09:15:37.291] [info]  Splash.onStateUpdate: {"status":"downloading-updates","current":3,"total":6,"progress":85}
[2026-01-30 09:15:37.292] [info]  DiscordSplash.onStateUpdate: {"status":"downloading-updates","current":3,"total":6,"progress":86}
[2026-01-30 09:15:37.293] [info]  Splash.onStateUpdate: {"status":"downloading-updates","current":3,"total":6,"progress":86}
[2026-01-30 09:15:37.296] [info]  DiscordSplash.onStateUpdate: {"status":"downloading-updates","current":3,"total":6,"progress":87}
[2026-01-30 09:15:37.297] [info]  Splash.onStateUpdate: {"status":"downloading-updates","current":3,"total":6,"progress":87}
[2026-01-30 09:15:37.318] [info]  DiscordSplash.onStateUpdate: {"status":"downloading-updates","current":3,"total":6,"progress":88}
[2026-01-30 09:15:37.318] [info]  Splash.onStateUpdate: {"status":"downloading-updates","current":3,"total":6,"progress":88}
[2026-01-30 09:15:37.361] [info]  DiscordSplash.onStateUpdate: {"status":"downloading-updates","current":3,"total":6,"progress":89}
[2026-01-30 09:15:37.361] [info]  Splash.onStateUpdate: {"status":"downloading-updates","current":3,"total":6,"progress":89}
[2026-01-30 09:15:37.491] [info]  DiscordSplash.onStateUpdate: {"status":"downloading-updates","current":3,"total":6,"progress":91}
[2026-01-30 09:15:37.491] [info]  Splash.onStateUpdate: {"status":"downloading-updates","current":3,"total":6,"progress":91}
[2026-01-30 09:15:37.492] [info]  DiscordSplash.onStateUpdate: {"status":"downloading-updates","current":3,"total":6,"progress":92}
[2026-01-30 09:15:37.492] [info]  Splash.onStateUpdate: {"status":"downloading-updates","current":3,"total":6,"progress":92}
[2026-01-30 09:15:37.511] [info]  DiscordSplash.onStateUpdate: {"status":"downloading-updates","current":3,"total":6,"progress":93}
[2026-01-30 09:15:37.511] [info]  Splash.onStateUpdate: {"status":"downloading-updates","current":3,"total":6,"progress":93}
[2026-01-30 09:15:37.512] [info]  DiscordSplash.onStateUpdate: {"status":"downloading-updates","current":3,"total":6,"progress":94}
[2026-01-30 09:15:37.512] [info]  Splash.onStateUpdate: {"status":"downloading-updates","current":3,"total":6,"progress":94}
[2026-01-30 09:15:37.527] [info]  DiscordSplash.onStateUpdate: {"status":"downloading-updates","current":3,"total":6,"progress":95}
[2026-01-30 09:15:37.527] [info]  Splash.onStateUpdate: {"status":"downloading-updates","current":3,"total":6,"progress":95}
[2026-01-30 09:15:37.544] [info]  DiscordSplash.onStateUpdate: {"status":"downloading-updates","current":3,"total":6,"progress":96}
[2026-01-30 09:15:37.544] [info]  Splash.onStateUpdate: {"status":"downloading-updates","current":3,"total":6,"progress":96}
[2026-01-30 09:15:37.572] [info]  DiscordSplash.onStateUpdate: {"status":"downloading-updates","current":3,"total":6,"progress":97}
[2026-01-30 09:15:37.572] [info]  Splash.onStateUpdate: {"status":"downloading-updates","current":3,"total":6,"progress":97}
[2026-01-30 09:15:37.584] [info]  DiscordSplash.onStateUpdate: {"status":"downloading-updates","current":3,"total":6,"progress":98}
[2026-01-30 09:15:37.585] [info]  Splash.onStateUpdate: {"status":"downloading-updates","current":3,"total":6,"progress":98}
[2026-01-30 09:15:37.603] [info]  DiscordSplash.onStateUpdate: {"status":"downloading-updates","current":3,"total":6,"progress":99}
[2026-01-30 09:15:37.603] [info]  Splash.onStateUpdate: {"status":"downloading-updates","current":3,"total":6,"progress":99}
[2026-01-30 09:15:37.645] [info]  DiscordSplash.onStateUpdate: {"status":"downloading-updates","current":3,"total":6,"progress":100}
[2026-01-30 09:15:37.645] [info]  Splash.onStateUpdate: {"status":"downloading-updates","current":3,"total":6,"progress":100}
[2026-01-30 09:15:37.646] [info]  DiscordSplash.onStateUpdate: {"status":"downloading-updates","current":4,"total":6}
[2026-01-30 09:15:37.646] [info]  Splash.onStateUpdate: {"status":"downloading-updates","current":4,"total":6}
[2026-01-30 09:15:37.763] [info]  Splash.updateCountdownSeconds: undefined
[2026-01-30 09:15:37.917] [info]  DiscordSplash.onStateUpdate: {"status":"downloading-updates","current":4,"total":6,"progress":1}
[2026-01-30 09:15:37.918] [info]  Splash.onStateUpdate: {"status":"downloading-updates","current":4,"total":6,"progress":1}
[2026-01-30 09:15:37.926] [info]  DiscordSplash.onStateUpdate: {"status":"downloading-updates","current":4,"total":6,"progress":2}
[2026-01-30 09:15:37.926] [info]  Splash.onStateUpdate: {"status":"downloading-updates","current":4,"total":6,"progress":2}
[2026-01-30 09:15:37.934] [info]  DiscordSplash.onStateUpdate: {"status":"downloading-updates","current":4,"total":6,"progress":3}
[2026-01-30 09:15:37.934] [info]  Splash.onStateUpdate: {"status":"downloading-updates","current":4,"total":6,"progress":3}
[2026-01-30 09:15:37.944] [info]  DiscordSplash.onStateUpdate: {"status":"downloading-updates","current":4,"total":6,"progress":4}
[2026-01-30 09:15:37.944] [info]  Splash.onStateUpdate: {"status":"downloading-updates","current":4,"total":6,"progress":4}
[2026-01-30 09:15:37.951] [info]  DiscordSplash.onStateUpdate: {"status":"downloading-updates","current":4,"total":6,"progress":5}
[2026-01-30 09:15:37.952] [info]  Splash.onStateUpdate: {"status":"downloading-updates","current":4,"total":6,"progress":5}
[2026-01-30 09:15:37.978] [info]  DiscordSplash.onStateUpdate: {"status":"downloading-updates","current":4,"total":6,"progress":6}
[2026-01-30 09:15:37.978] [info]  Splash.onStateUpdate: {"status":"downloading-updates","current":4,"total":6,"progress":6}
[2026-01-30 09:15:38.065] [info]  DiscordSplash.onStateUpdate: {"status":"downloading-updates","current":4,"total":6,"progress":7}
[2026-01-30 09:15:38.065] [info]  Splash.onStateUpdate: {"status":"downloading-updates","current":4,"total":6,"progress":7}
[2026-01-30 09:15:38.069] [info]  DiscordSplash.onStateUpdate: {"status":"downloading-updates","current":4,"total":6,"progress":8}
[2026-01-30 09:15:38.070] [info]  Splash.onStateUpdate: {"status":"downloading-updates","current":4,"total":6,"progress":8}
[2026-01-30 09:15:38.072] [info]  DiscordSplash.onStateUpdate: {"status":"downloading-updates","current":4,"total":6,"progress":11}
[2026-01-30 09:15:38.072] [info]  Splash.onStateUpdate: {"status":"downloading-updates","current":4,"total":6,"progress":11}
[2026-01-30 09:15:38.072] [info]  DiscordSplash.onStateUpdate: {"status":"downloading-updates","current":4,"total":6,"progress":14}
[2026-01-30 09:15:38.073] [info]  Splash.onStateUpdate: {"status":"downloading-updates","current":4,"total":6,"progress":14}
[2026-01-30 09:15:38.082] [info]  DiscordSplash.onStateUpdate: {"status":"downloading-updates","current":4,"total":6,"progress":15}
[2026-01-30 09:15:38.083] [info]  Splash.onStateUpdate: {"status":"downloading-updates","current":4,"total":6,"progress":15}
[2026-01-30 09:15:38.103] [info]  DiscordSplash.onStateUpdate: {"status":"downloading-updates","current":4,"total":6,"progress":16}
[2026-01-30 09:15:38.104] [info]  Splash.onStateUpdate: {"status":"downloading-updates","current":4,"total":6,"progress":16}
[2026-01-30 09:15:38.110] [info]  DiscordSplash.onStateUpdate: {"status":"downloading-updates","current":4,"total":6,"progress":17}
[2026-01-30 09:15:38.111] [info]  Splash.onStateUpdate: {"status":"downloading-updates","current":4,"total":6,"progress":17}
[2026-01-30 09:15:38.124] [info]  DiscordSplash.onStateUpdate: {"status":"downloading-updates","current":4,"total":6,"progress":18}
[2026-01-30 09:15:38.125] [info]  Splash.onStateUpdate: {"status":"downloading-updates","current":4,"total":6,"progress":18}
[2026-01-30 09:15:38.129] [info]  DiscordSplash.onStateUpdate: {"status":"downloading-updates","current":4,"total":6,"progress":19}
[2026-01-30 09:15:38.130] [info]  Splash.onStateUpdate: {"status":"downloading-updates","current":4,"total":6,"progress":19}
[2026-01-30 09:15:38.141] [info]  DiscordSplash.onStateUpdate: {"status":"downloading-updates","current":4,"total":6,"progress":20}
[2026-01-30 09:15:38.142] [info]  Splash.onStateUpdate: {"status":"downloading-updates","current":4,"total":6,"progress":20}
[2026-01-30 09:15:38.147] [info]  DiscordSplash.onStateUpdate: {"status":"downloading-updates","current":4,"total":6,"progress":21}
[2026-01-30 09:15:38.148] [info]  Splash.onStateUpdate: {"status":"downloading-updates","current":4,"total":6,"progress":21}
[2026-01-30 09:15:38.153] [info]  DiscordSplash.onStateUpdate: {"status":"downloading-updates","current":4,"total":6,"progress":22}
[2026-01-30 09:15:38.154] [info]  Splash.onStateUpdate: {"status":"downloading-updates","current":4,"total":6,"progress":22}
[2026-01-30 09:15:38.160] [info]  DiscordSplash.onStateUpdate: {"status":"downloading-updates","current":4,"total":6,"progress":23}
[2026-01-30 09:15:38.161] [info]  Splash.onStateUpdate: {"status":"downloading-updates","current":4,"total":6,"progress":23}
[2026-01-30 09:15:38.166] [info]  DiscordSplash.onStateUpdate: {"status":"downloading-updates","current":4,"total":6,"progress":24}
[2026-01-30 09:15:38.166] [info]  Splash.onStateUpdate: {"status":"downloading-updates","current":4,"total":6,"progress":24}
[2026-01-30 09:15:38.171] [info]  DiscordSplash.onStateUpdate: {"status":"downloading-updates","current":4,"total":6,"progress":25}
[2026-01-30 09:15:38.172] [info]  Splash.onStateUpdate: {"status":"downloading-updates","current":4,"total":6,"progress":25}
[2026-01-30 09:15:38.196] [info]  DiscordSplash.onStateUpdate: {"status":"downloading-updates","current":4,"total":6,"progress":26}
[2026-01-30 09:15:38.196] [info]  Splash.onStateUpdate: {"status":"downloading-updates","current":4,"total":6,"progress":26}
[2026-01-30 09:15:38.208] [info]  DiscordSplash.onStateUpdate: {"status":"downloading-updates","current":4,"total":6,"progress":27}
[2026-01-30 09:15:38.208] [info]  Splash.onStateUpdate: {"status":"downloading-updates","current":4,"total":6,"progress":27}
[2026-01-30 09:15:38.290] [info]  DiscordSplash.onStateUpdate: {"status":"downloading-updates","current":4,"total":6,"progress":28}
[2026-01-30 09:15:38.290] [info]  Splash.onStateUpdate: {"status":"downloading-updates","current":4,"total":6,"progress":28}
[2026-01-30 09:15:38.292] [info]  DiscordSplash.onStateUpdate: {"status":"downloading-updates","current":4,"total":6,"progress":31}
[2026-01-30 09:15:38.292] [info]  Splash.onStateUpdate: {"status":"downloading-updates","current":4,"total":6,"progress":31}
[2026-01-30 09:15:38.293] [info]  DiscordSplash.onStateUpdate: {"status":"downloading-updates","current":4,"total":6,"progress":33}
[2026-01-30 09:15:38.293] [info]  Splash.onStateUpdate: {"status":"downloading-updates","current":4,"total":6,"progress":33}
[2026-01-30 09:15:38.342] [info]  DiscordSplash.onStateUpdate: {"status":"downloading-updates","current":4,"total":6,"progress":35}
[2026-01-30 09:15:38.342] [info]  Splash.onStateUpdate: {"status":"downloading-updates","current":4,"total":6,"progress":35}
[2026-01-30 09:15:38.344] [info]  DiscordSplash.onStateUpdate: {"status":"downloading-updates","current":4,"total":6,"progress":37}
[2026-01-30 09:15:38.344] [info]  Splash.onStateUpdate: {"status":"downloading-updates","current":4,"total":6,"progress":37}
[2026-01-30 09:15:38.346] [info]  DiscordSplash.onStateUpdate: {"status":"downloading-updates","current":4,"total":6,"progress":41}
[2026-01-30 09:15:38.347] [info]  Splash.onStateUpdate: {"status":"downloading-updates","current":4,"total":6,"progress":41}
[2026-01-30 09:15:38.347] [info]  DiscordSplash.onStateUpdate: {"status":"downloading-updates","current":4,"total":6,"progress":42}
[2026-01-30 09:15:38.348] [info]  Splash.onStateUpdate: {"status":"downloading-updates","current":4,"total":6,"progress":42}
[2026-01-30 09:15:38.351] [info]  DiscordSplash.onStateUpdate: {"status":"downloading-updates","current":4,"total":6,"progress":43}
[2026-01-30 09:15:38.351] [info]  Splash.onStateUpdate: {"status":"downloading-updates","current":4,"total":6,"progress":43}
[2026-01-30 09:15:38.356] [info]  DiscordSplash.onStateUpdate: {"status":"downloading-updates","current":4,"total":6,"progress":44}
[2026-01-30 09:15:38.357] [info]  Splash.onStateUpdate: {"status":"downloading-updates","current":4,"total":6,"progress":44}
[2026-01-30 09:15:38.368] [info]  DiscordSplash.onStateUpdate: {"status":"downloading-updates","current":4,"total":6,"progress":45}
[2026-01-30 09:15:38.369] [info]  Splash.onStateUpdate: {"status":"downloading-updates","current":4,"total":6,"progress":45}
[2026-01-30 09:15:38.374] [info]  DiscordSplash.onStateUpdate: {"status":"downloading-updates","current":4,"total":6,"progress":46}
[2026-01-30 09:15:38.374] [info]  Splash.onStateUpdate: {"status":"downloading-updates","current":4,"total":6,"progress":46}
[2026-01-30 09:15:38.380] [info]  DiscordSplash.onStateUpdate: {"status":"downloading-updates","current":4,"total":6,"progress":47}
[2026-01-30 09:15:38.380] [info]  Splash.onStateUpdate: {"status":"downloading-updates","current":4,"total":6,"progress":47}
[2026-01-30 09:15:38.393] [info]  DiscordSplash.onStateUpdate: {"status":"downloading-updates","current":4,"total":6,"progress":48}
[2026-01-30 09:15:38.393] [info]  Splash.onStateUpdate: {"status":"downloading-updates","current":4,"total":6,"progress":48}
[2026-01-30 09:15:38.398] [info]  DiscordSplash.onStateUpdate: {"status":"downloading-updates","current":4,"total":6,"progress":49}
[2026-01-30 09:15:38.399] [info]  Splash.onStateUpdate: {"status":"downloading-updates","current":4,"total":6,"progress":49}
[2026-01-30 09:15:38.407] [info]  DiscordSplash.onStateUpdate: {"status":"downloading-updates","current":4,"total":6,"progress":50}
[2026-01-30 09:15:38.407] [info]  Splash.onStateUpdate: {"status":"downloading-updates","current":4,"total":6,"progress":50}
[2026-01-30 09:15:38.418] [info]  DiscordSplash.onStateUpdate: {"status":"downloading-updates","current":4,"total":6,"progress":51}
[2026-01-30 09:15:38.418] [info]  Splash.onStateUpdate: {"status":"downloading-updates","current":4,"total":6,"progress":51}
[2026-01-30 09:15:38.422] [info]  DiscordSplash.onStateUpdate: {"status":"downloading-updates","current":4,"total":6,"progress":52}
[2026-01-30 09:15:38.423] [info]  Splash.onStateUpdate: {"status":"downloading-updates","current":4,"total":6,"progress":52}
[2026-01-30 09:15:38.428] [info]  DiscordSplash.onStateUpdate: {"status":"downloading-updates","current":4,"total":6,"progress":53}
[2026-01-30 09:15:38.429] [info]  Splash.onStateUpdate: {"status":"downloading-updates","current":4,"total":6,"progress":53}
[2026-01-30 09:15:38.456] [info]  DiscordSplash.onStateUpdate: {"status":"downloading-updates","current":4,"total":6,"progress":54}
[2026-01-30 09:15:38.457] [info]  Splash.onStateUpdate: {"status":"downloading-updates","current":4,"total":6,"progress":54}
[2026-01-30 09:15:38.462] [info]  DiscordSplash.onStateUpdate: {"status":"downloading-updates","current":4,"total":6,"progress":55}
[2026-01-30 09:15:38.462] [info]  Splash.onStateUpdate: {"status":"downloading-updates","current":4,"total":6,"progress":55}
[2026-01-30 09:15:38.472] [info]  DiscordSplash.onStateUpdate: {"status":"downloading-updates","current":4,"total":6,"progress":56}
[2026-01-30 09:15:38.472] [info]  Splash.onStateUpdate: {"status":"downloading-updates","current":4,"total":6,"progress":56}
[2026-01-30 09:15:38.477] [info]  DiscordSplash.onStateUpdate: {"status":"downloading-updates","current":4,"total":6,"progress":57}
[2026-01-30 09:15:38.478] [info]  Splash.onStateUpdate: {"status":"downloading-updates","current":4,"total":6,"progress":57}
[2026-01-30 09:15:38.562] [info]  DiscordSplash.onStateUpdate: {"status":"downloading-updates","current":4,"total":6,"progress":58}
[2026-01-30 09:15:38.563] [info]  Splash.onStateUpdate: {"status":"downloading-updates","current":4,"total":6,"progress":58}
[2026-01-30 09:15:38.564] [info]  DiscordSplash.onStateUpdate: {"status":"downloading-updates","current":4,"total":6,"progress":61}
[2026-01-30 09:15:38.565] [info]  Splash.onStateUpdate: {"status":"downloading-updates","current":4,"total":6,"progress":61}
[2026-01-30 09:15:38.565] [info]  DiscordSplash.onStateUpdate: {"status":"downloading-updates","current":4,"total":6,"progress":64}
[2026-01-30 09:15:38.565] [info]  Splash.onStateUpdate: {"status":"downloading-updates","current":4,"total":6,"progress":64}
[2026-01-30 09:15:38.699] [info]  DiscordSplash.onStateUpdate: {"status":"downloading-updates","current":4,"total":6,"progress":66}
[2026-01-30 09:15:38.700] [info]  Splash.onStateUpdate: {"status":"downloading-updates","current":4,"total":6,"progress":66}
[2026-01-30 09:15:38.701] [info]  DiscordSplash.onStateUpdate: {"status":"downloading-updates","current":4,"total":6,"progress":68}
[2026-01-30 09:15:38.702] [info]  Splash.onStateUpdate: {"status":"downloading-updates","current":4,"total":6,"progress":68}
[2026-01-30 09:15:38.703] [info]  DiscordSplash.onStateUpdate: {"status":"downloading-updates","current":4,"total":6,"progress":74}
[2026-01-30 09:15:38.703] [info]  Splash.onStateUpdate: {"status":"downloading-updates","current":4,"total":6,"progress":74}
[2026-01-30 09:15:38.704] [info]  DiscordSplash.onStateUpdate: {"status":"downloading-updates","current":4,"total":6,"progress":77}
[2026-01-30 09:15:38.704] [info]  Splash.onStateUpdate: {"status":"downloading-updates","current":4,"total":6,"progress":77}
[2026-01-30 09:15:38.713] [info]  DiscordSplash.onStateUpdate: {"status":"downloading-updates","current":4,"total":6,"progress":78}
[2026-01-30 09:15:38.714] [info]  Splash.onStateUpdate: {"status":"downloading-updates","current":4,"total":6,"progress":78}
[2026-01-30 09:15:38.719] [info]  DiscordSplash.onStateUpdate: {"status":"downloading-updates","current":4,"total":6,"progress":79}
[2026-01-30 09:15:38.720] [info]  Splash.onStateUpdate: {"status":"downloading-updates","current":4,"total":6,"progress":79}
[2026-01-30 09:15:38.726] [info]  DiscordSplash.onStateUpdate: {"status":"downloading-updates","current":4,"total":6,"progress":80}
[2026-01-30 09:15:38.726] [info]  Splash.onStateUpdate: {"status":"downloading-updates","current":4,"total":6,"progress":80}
[2026-01-30 09:15:38.732] [info]  DiscordSplash.onStateUpdate: {"status":"downloading-updates","current":4,"total":6,"progress":81}
[2026-01-30 09:15:38.732] [info]  Splash.onStateUpdate: {"status":"downloading-updates","current":4,"total":6,"progress":81}
[2026-01-30 09:15:38.752] [info]  DiscordSplash.onStateUpdate: {"status":"downloading-updates","current":4,"total":6,"progress":82}
[2026-01-30 09:15:38.752] [info]  Splash.onStateUpdate: {"status":"downloading-updates","current":4,"total":6,"progress":82}
[2026-01-30 09:15:38.757] [info]  DiscordSplash.onStateUpdate: {"status":"downloading-updates","current":4,"total":6,"progress":83}
[2026-01-30 09:15:38.758] [info]  Splash.onStateUpdate: {"status":"downloading-updates","current":4,"total":6,"progress":83}
[2026-01-30 09:15:38.763] [info]  Splash.updateCountdownSeconds: undefined
[2026-01-30 09:15:38.765] [info]  DiscordSplash.onStateUpdate: {"status":"downloading-updates","current":4,"total":6,"progress":84}
[2026-01-30 09:15:38.765] [info]  Splash.onStateUpdate: {"status":"downloading-updates","current":4,"total":6,"progress":84}
[2026-01-30 09:15:38.769] [info]  DiscordSplash.onStateUpdate: {"status":"downloading-updates","current":4,"total":6,"progress":85}
[2026-01-30 09:15:38.770] [info]  Splash.onStateUpdate: {"status":"downloading-updates","current":4,"total":6,"progress":85}
[2026-01-30 09:15:38.776] [info]  DiscordSplash.onStateUpdate: {"status":"downloading-updates","current":4,"total":6,"progress":86}
[2026-01-30 09:15:38.777] [info]  Splash.onStateUpdate: {"status":"downloading-updates","current":4,"total":6,"progress":86}
[2026-01-30 09:15:38.781] [info]  DiscordSplash.onStateUpdate: {"status":"downloading-updates","current":4,"total":6,"progress":87}
[2026-01-30 09:15:38.782] [info]  Splash.onStateUpdate: {"status":"downloading-updates","current":4,"total":6,"progress":87}
[2026-01-30 09:15:38.791] [info]  DiscordSplash.onStateUpdate: {"status":"downloading-updates","current":4,"total":6,"progress":88}
[2026-01-30 09:15:38.791] [info]  Splash.onStateUpdate: {"status":"downloading-updates","current":4,"total":6,"progress":88}
[2026-01-30 09:15:38.797] [info]  DiscordSplash.onStateUpdate: {"status":"downloading-updates","current":4,"total":6,"progress":89}
[2026-01-30 09:15:38.798] [info]  Splash.onStateUpdate: {"status":"downloading-updates","current":4,"total":6,"progress":89}
[2026-01-30 09:15:38.803] [info]  DiscordSplash.onStateUpdate: {"status":"downloading-updates","current":4,"total":6,"progress":90}
[2026-01-30 09:15:38.803] [info]  Splash.onStateUpdate: {"status":"downloading-updates","current":4,"total":6,"progress":90}
[2026-01-30 09:15:38.814] [info]  DiscordSplash.onStateUpdate: {"status":"downloading-updates","current":4,"total":6,"progress":91}
[2026-01-30 09:15:38.814] [info]  Splash.onStateUpdate: {"status":"downloading-updates","current":4,"total":6,"progress":91}
[2026-01-30 09:15:38.830] [info]  DiscordSplash.onStateUpdate: {"status":"downloading-updates","current":4,"total":6,"progress":92}
[2026-01-30 09:15:38.831] [info]  Splash.onStateUpdate: {"status":"downloading-updates","current":4,"total":6,"progress":92}
[2026-01-30 09:15:38.836] [info]  DiscordSplash.onStateUpdate: {"status":"downloading-updates","current":4,"total":6,"progress":93}
[2026-01-30 09:15:38.836] [info]  Splash.onStateUpdate: {"status":"downloading-updates","current":4,"total":6,"progress":93}
[2026-01-30 09:15:38.842] [info]  DiscordSplash.onStateUpdate: {"status":"downloading-updates","current":4,"total":6,"progress":94}
[2026-01-30 09:15:38.843] [info]  Splash.onStateUpdate: {"status":"downloading-updates","current":4,"total":6,"progress":94}
[2026-01-30 09:15:38.907] [info]  DiscordSplash.onStateUpdate: {"status":"downloading-updates","current":4,"total":6,"progress":95}
[2026-01-30 09:15:38.907] [info]  Splash.onStateUpdate: {"status":"downloading-updates","current":4,"total":6,"progress":95}
[2026-01-30 09:15:38.912] [info]  DiscordSplash.onStateUpdate: {"status":"downloading-updates","current":4,"total":6,"progress":96}
[2026-01-30 09:15:38.912] [info]  Splash.onStateUpdate: {"status":"downloading-updates","current":4,"total":6,"progress":96}
[2026-01-30 09:15:38.915] [info]  DiscordSplash.onStateUpdate: {"status":"downloading-updates","current":4,"total":6,"progress":98}
[2026-01-30 09:15:38.915] [info]  Splash.onStateUpdate: {"status":"downloading-updates","current":4,"total":6,"progress":98}
[2026-01-30 09:15:38.921] [info]  DiscordSplash.onStateUpdate: {"status":"downloading-updates","current":4,"total":6,"progress":100}
[2026-01-30 09:15:38.921] [info]  Splash.onStateUpdate: {"status":"downloading-updates","current":4,"total":6,"progress":100}
[2026-01-30 09:15:38.921] [info]  DiscordSplash.onStateUpdate: {"status":"downloading-updates","current":5,"total":6}
[2026-01-30 09:15:38.922] [info]  Splash.onStateUpdate: {"status":"downloading-updates","current":5,"total":6}
[2026-01-30 09:15:39.310] [info]  DiscordSplash.onStateUpdate: {"status":"downloading-updates","current":5,"total":6,"progress":1}
[2026-01-30 09:15:39.310] [info]  Splash.onStateUpdate: {"status":"downloading-updates","current":5,"total":6,"progress":1}
[2026-01-30 09:15:39.507] [info]  DiscordSplash.onStateUpdate: {"status":"downloading-updates","current":5,"total":6,"progress":2}
[2026-01-30 09:15:39.507] [info]  Splash.onStateUpdate: {"status":"downloading-updates","current":5,"total":6,"progress":2}
[2026-01-30 09:15:39.638] [info]  DiscordSplash.onStateUpdate: {"status":"downloading-updates","current":5,"total":6,"progress":3}
[2026-01-30 09:15:39.639] [info]  Splash.onStateUpdate: {"status":"downloading-updates","current":5,"total":6,"progress":3}
[2026-01-30 09:15:39.641] [info]  DiscordSplash.onStateUpdate: {"status":"downloading-updates","current":5,"total":6,"progress":4}
[2026-01-30 09:15:39.642] [info]  Splash.onStateUpdate: {"status":"downloading-updates","current":5,"total":6,"progress":4}
[2026-01-30 09:15:39.644] [info]  DiscordSplash.onStateUpdate: {"status":"downloading-updates","current":5,"total":6,"progress":5}
[2026-01-30 09:15:39.644] [info]  Splash.onStateUpdate: {"status":"downloading-updates","current":5,"total":6,"progress":5}
[2026-01-30 09:15:39.763] [info]  Splash.updateCountdownSeconds: undefined
[2026-01-30 09:15:39.936] [info]  DiscordSplash.onStateUpdate: {"status":"downloading-updates","current":5,"total":6,"progress":6}
[2026-01-30 09:15:39.937] [info]  Splash.onStateUpdate: {"status":"downloading-updates","current":5,"total":6,"progress":6}
[2026-01-30 09:15:39.939] [info]  DiscordSplash.onStateUpdate: {"status":"downloading-updates","current":5,"total":6,"progress":7}
[2026-01-30 09:15:39.940] [info]  Splash.onStateUpdate: {"status":"downloading-updates","current":5,"total":6,"progress":7}
[2026-01-30 09:15:39.943] [info]  DiscordSplash.onStateUpdate: {"status":"downloading-updates","current":5,"total":6,"progress":8}
[2026-01-30 09:15:39.943] [info]  Splash.onStateUpdate: {"status":"downloading-updates","current":5,"total":6,"progress":8}
[2026-01-30 09:15:40.060] [info]  DiscordSplash.onStateUpdate: {"status":"downloading-updates","current":5,"total":6,"progress":9}
[2026-01-30 09:15:40.061] [info]  Splash.onStateUpdate: {"status":"downloading-updates","current":5,"total":6,"progress":9}
[2026-01-30 09:15:40.064] [info]  DiscordSplash.onStateUpdate: {"status":"downloading-updates","current":5,"total":6,"progress":10}
[2026-01-30 09:15:40.064] [info]  Splash.onStateUpdate: {"status":"downloading-updates","current":5,"total":6,"progress":10}
[2026-01-30 09:15:40.066] [info]  DiscordSplash.onStateUpdate: {"status":"downloading-updates","current":5,"total":6,"progress":11}
[2026-01-30 09:15:40.067] [info]  Splash.onStateUpdate: {"status":"downloading-updates","current":5,"total":6,"progress":11}
[2026-01-30 09:15:40.071] [info]  DiscordSplash.onStateUpdate: {"status":"downloading-updates","current":5,"total":6,"progress":12}
[2026-01-30 09:15:40.071] [info]  Splash.onStateUpdate: {"status":"downloading-updates","current":5,"total":6,"progress":12}
[2026-01-30 09:15:40.074] [info]  DiscordSplash.onStateUpdate: {"status":"downloading-updates","current":5,"total":6,"progress":13}
[2026-01-30 09:15:40.074] [info]  Splash.onStateUpdate: {"status":"downloading-updates","current":5,"total":6,"progress":13}
[2026-01-30 09:15:40.076] [info]  DiscordSplash.onStateUpdate: {"status":"downloading-updates","current":5,"total":6,"progress":14}
[2026-01-30 09:15:40.076] [info]  Splash.onStateUpdate: {"status":"downloading-updates","current":5,"total":6,"progress":14}
[2026-01-30 09:15:40.274] [info]  DiscordSplash.onStateUpdate: {"status":"downloading-updates","current":5,"total":6,"progress":15}
[2026-01-30 09:15:40.274] [info]  Splash.onStateUpdate: {"status":"downloading-updates","current":5,"total":6,"progress":15}
[2026-01-30 09:15:40.277] [info]  DiscordSplash.onStateUpdate: {"status":"downloading-updates","current":5,"total":6,"progress":16}
[2026-01-30 09:15:40.277] [info]  Splash.onStateUpdate: {"status":"downloading-updates","current":5,"total":6,"progress":16}
[2026-01-30 09:15:40.282] [info]  DiscordSplash.onStateUpdate: {"status":"downloading-updates","current":5,"total":6,"progress":17}
[2026-01-30 09:15:40.282] [info]  Splash.onStateUpdate: {"status":"downloading-updates","current":5,"total":6,"progress":17}
[2026-01-30 09:15:40.290] [info]  DiscordSplash.onStateUpdate: {"status":"downloading-updates","current":5,"total":6,"progress":18}
[2026-01-30 09:15:40.291] [info]  Splash.onStateUpdate: {"status":"downloading-updates","current":5,"total":6,"progress":18}
[2026-01-30 09:15:40.494] [info]  DiscordSplash.onStateUpdate: {"status":"downloading-updates","current":5,"total":6,"progress":19}
[2026-01-30 09:15:40.495] [info]  Splash.onStateUpdate: {"status":"downloading-updates","current":5,"total":6,"progress":19}
[2026-01-30 09:15:40.500] [info]  DiscordSplash.onStateUpdate: {"status":"downloading-updates","current":5,"total":6,"progress":20}
[2026-01-30 09:15:40.501] [info]  Splash.onStateUpdate: {"status":"downloading-updates","current":5,"total":6,"progress":20}
[2026-01-30 09:15:40.501] [info]  DiscordSplash.onStateUpdate: {"status":"downloading-updates","current":5,"total":6,"progress":21}
[2026-01-30 09:15:40.502] [info]  Splash.onStateUpdate: {"status":"downloading-updates","current":5,"total":6,"progress":21}
[2026-01-30 09:15:40.598] [info]  DiscordSplash.onStateUpdate: {"status":"downloading-updates","current":5,"total":6,"progress":22}
[2026-01-30 09:15:40.598] [info]  Splash.onStateUpdate: {"status":"downloading-updates","current":5,"total":6,"progress":22}
[2026-01-30 09:15:40.600] [info]  DiscordSplash.onStateUpdate: {"status":"downloading-updates","current":5,"total":6,"progress":23}
[2026-01-30 09:15:40.601] [info]  Splash.onStateUpdate: {"status":"downloading-updates","current":5,"total":6,"progress":23}
[2026-01-30 09:15:40.715] [info]  DiscordSplash.onStateUpdate: {"status":"downloading-updates","current":5,"total":6,"progress":24}
[2026-01-30 09:15:40.716] [info]  Splash.onStateUpdate: {"status":"downloading-updates","current":5,"total":6,"progress":24}
[2026-01-30 09:15:40.720] [info]  DiscordSplash.onStateUpdate: {"status":"downloading-updates","current":5,"total":6,"progress":25}
[2026-01-30 09:15:40.721] [info]  Splash.onStateUpdate: {"status":"downloading-updates","current":5,"total":6,"progress":25}
[2026-01-30 09:15:40.763] [info]  Splash.updateCountdownSeconds: undefined
[2026-01-30 09:15:40.773] [info]  DiscordSplash.onStateUpdate: {"status":"downloading-updates","current":5,"total":6,"progress":26}
[2026-01-30 09:15:40.774] [info]  Splash.onStateUpdate: {"status":"downloading-updates","current":5,"total":6,"progress":26}
[2026-01-30 09:15:40.878] [info]  DiscordSplash.onStateUpdate: {"status":"downloading-updates","current":5,"total":6,"progress":27}
[2026-01-30 09:15:40.878] [info]  Splash.onStateUpdate: {"status":"downloading-updates","current":5,"total":6,"progress":27}
[2026-01-30 09:15:40.881] [info]  DiscordSplash.onStateUpdate: {"status":"downloading-updates","current":5,"total":6,"progress":28}
[2026-01-30 09:15:40.881] [info]  Splash.onStateUpdate: {"status":"downloading-updates","current":5,"total":6,"progress":28}
[2026-01-30 09:15:41.021] [info]  DiscordSplash.onStateUpdate: {"status":"downloading-updates","current":5,"total":6,"progress":29}
[2026-01-30 09:15:41.022] [info]  Splash.onStateUpdate: {"status":"downloading-updates","current":5,"total":6,"progress":29}
[2026-01-30 09:15:41.024] [info]  DiscordSplash.onStateUpdate: {"status":"downloading-updates","current":5,"total":6,"progress":30}
[2026-01-30 09:15:41.025] [info]  Splash.onStateUpdate: {"status":"downloading-updates","current":5,"total":6,"progress":30}
[2026-01-30 09:15:41.078] [info]  DiscordSplash.onStateUpdate: {"status":"downloading-updates","current":5,"total":6,"progress":31}
[2026-01-30 09:15:41.079] [info]  Splash.onStateUpdate: {"status":"downloading-updates","current":5,"total":6,"progress":31}
[2026-01-30 09:15:41.144] [info]  DiscordSplash.onStateUpdate: {"status":"downloading-updates","current":5,"total":6,"progress":32}
[2026-01-30 09:15:41.145] [info]  Splash.onStateUpdate: {"status":"downloading-updates","current":5,"total":6,"progress":32}
[2026-01-30 09:15:41.228] [info]  DiscordSplash.onStateUpdate: {"status":"downloading-updates","current":5,"total":6,"progress":33}
[2026-01-30 09:15:41.229] [info]  Splash.onStateUpdate: {"status":"downloading-updates","current":5,"total":6,"progress":33}
[2026-01-30 09:15:41.255] [info]  DiscordSplash.onStateUpdate: {"status":"downloading-updates","current":5,"total":6,"progress":34}
[2026-01-30 09:15:41.256] [info]  Splash.onStateUpdate: {"status":"downloading-updates","current":5,"total":6,"progress":34}
[2026-01-30 09:15:41.299] [info]  DiscordSplash.onStateUpdate: {"status":"downloading-updates","current":5,"total":6,"progress":35}
[2026-01-30 09:15:41.300] [info]  Splash.onStateUpdate: {"status":"downloading-updates","current":5,"total":6,"progress":35}
[2026-01-30 09:15:41.336] [info]  DiscordSplash.onStateUpdate: {"status":"downloading-updates","current":5,"total":6,"progress":36}
[2026-01-30 09:15:41.337] [info]  Splash.onStateUpdate: {"status":"downloading-updates","current":5,"total":6,"progress":36}
[2026-01-30 09:15:41.470] [info]  DiscordSplash.onStateUpdate: {"status":"downloading-updates","current":5,"total":6,"progress":37}
[2026-01-30 09:15:41.471] [info]  Splash.onStateUpdate: {"status":"downloading-updates","current":5,"total":6,"progress":37}
[2026-01-30 09:15:41.474] [info]  DiscordSplash.onStateUpdate: {"status":"downloading-updates","current":5,"total":6,"progress":38}
[2026-01-30 09:15:41.476] [info]  Splash.onStateUpdate: {"status":"downloading-updates","current":5,"total":6,"progress":38}
[2026-01-30 09:15:41.664] [info]  DiscordSplash.onStateUpdate: {"status":"downloading-updates","current":5,"total":6,"progress":39}
[2026-01-30 09:15:41.665] [info]  Splash.onStateUpdate: {"status":"downloading-updates","current":5,"total":6,"progress":39}
[2026-01-30 09:15:41.668] [info]  DiscordSplash.onStateUpdate: {"status":"downloading-updates","current":5,"total":6,"progress":40}
[2026-01-30 09:15:41.668] [info]  Splash.onStateUpdate: {"status":"downloading-updates","current":5,"total":6,"progress":40}
[2026-01-30 09:15:41.670] [info]  DiscordSplash.onStateUpdate: {"status":"downloading-updates","current":5,"total":6,"progress":41}
[2026-01-30 09:15:41.670] [info]  Splash.onStateUpdate: {"status":"downloading-updates","current":5,"total":6,"progress":41}
[2026-01-30 09:15:41.764] [info]  Splash.updateCountdownSeconds: undefined
[2026-01-30 09:15:41.766] [info]  DiscordSplash.onStateUpdate: {"status":"downloading-updates","current":5,"total":6,"progress":42}
[2026-01-30 09:15:41.767] [info]  Splash.onStateUpdate: {"status":"downloading-updates","current":5,"total":6,"progress":42}
[2026-01-30 09:15:41.814] [info]  DiscordSplash.onStateUpdate: {"status":"downloading-updates","current":5,"total":6,"progress":43}
[2026-01-30 09:15:41.815] [info]  Splash.onStateUpdate: {"status":"downloading-updates","current":5,"total":6,"progress":43}
[2026-01-30 09:15:41.817] [info]  DiscordSplash.onStateUpdate: {"status":"downloading-updates","current":5,"total":6,"progress":44}
[2026-01-30 09:15:41.818] [info]  Splash.onStateUpdate: {"status":"downloading-updates","current":5,"total":6,"progress":44}
[2026-01-30 09:15:41.899] [info]  DiscordSplash.onStateUpdate: {"status":"downloading-updates","current":5,"total":6,"progress":45}
[2026-01-30 09:15:41.900] [info]  Splash.onStateUpdate: {"status":"downloading-updates","current":5,"total":6,"progress":45}
[2026-01-30 09:15:41.907] [info]  DiscordSplash.onStateUpdate: {"status":"downloading-updates","current":5,"total":6,"progress":46}
[2026-01-30 09:15:41.908] [info]  Splash.onStateUpdate: {"status":"downloading-updates","current":5,"total":6,"progress":46}
[2026-01-30 09:15:41.944] [info]  DiscordSplash.onStateUpdate: {"status":"downloading-updates","current":5,"total":6,"progress":47}
[2026-01-30 09:15:41.945] [info]  Splash.onStateUpdate: {"status":"downloading-updates","current":5,"total":6,"progress":47}
[2026-01-30 09:15:42.140] [info]  DiscordSplash.onStateUpdate: {"status":"downloading-updates","current":5,"total":6,"progress":48}
[2026-01-30 09:15:42.142] [info]  Splash.onStateUpdate: {"status":"downloading-updates","current":5,"total":6,"progress":48}
[2026-01-30 09:15:42.143] [info]  DiscordSplash.onStateUpdate: {"status":"downloading-updates","current":5,"total":6,"progress":49}
[2026-01-30 09:15:42.143] [info]  Splash.onStateUpdate: {"status":"downloading-updates","current":5,"total":6,"progress":49}
[2026-01-30 09:15:42.145] [info]  DiscordSplash.onStateUpdate: {"status":"downloading-updates","current":5,"total":6,"progress":50}
[2026-01-30 09:15:42.146] [info]  Splash.onStateUpdate: {"status":"downloading-updates","current":5,"total":6,"progress":50}
[2026-01-30 09:15:42.217] [info]  DiscordSplash.onStateUpdate: {"status":"downloading-updates","current":5,"total":6,"progress":51}
[2026-01-30 09:15:42.218] [info]  Splash.onStateUpdate: {"status":"downloading-updates","current":5,"total":6,"progress":51}
[2026-01-30 09:15:42.236] [info]  DiscordSplash.onStateUpdate: {"status":"downloading-updates","current":5,"total":6,"progress":52}
[2026-01-30 09:15:42.236] [info]  Splash.onStateUpdate: {"status":"downloading-updates","current":5,"total":6,"progress":52}
[2026-01-30 09:15:42.292] [info]  DiscordSplash.onStateUpdate: {"status":"downloading-updates","current":5,"total":6,"progress":53}
[2026-01-30 09:15:42.292] [info]  Splash.onStateUpdate: {"status":"downloading-updates","current":5,"total":6,"progress":53}
[2026-01-30 09:15:42.347] [info]  DiscordSplash.onStateUpdate: {"status":"downloading-updates","current":5,"total":6,"progress":54}
[2026-01-30 09:15:42.348] [info]  Splash.onStateUpdate: {"status":"downloading-updates","current":5,"total":6,"progress":54}
[2026-01-30 09:15:42.409] [info]  DiscordSplash.onStateUpdate: {"status":"downloading-updates","current":5,"total":6,"progress":55}
[2026-01-30 09:15:42.410] [info]  Splash.onStateUpdate: {"status":"downloading-updates","current":5,"total":6,"progress":55}
[2026-01-30 09:15:42.521] [info]  DiscordSplash.onStateUpdate: {"status":"downloading-updates","current":5,"total":6,"progress":56}
[2026-01-30 09:15:42.521] [info]  Splash.onStateUpdate: {"status":"downloading-updates","current":5,"total":6,"progress":56}
[2026-01-30 09:15:42.624] [info]  DiscordSplash.onStateUpdate: {"status":"downloading-updates","current":5,"total":6,"progress":57}
[2026-01-30 09:15:42.624] [info]  Splash.onStateUpdate: {"status":"downloading-updates","current":5,"total":6,"progress":57}
[2026-01-30 09:15:42.627] [info]  DiscordSplash.onStateUpdate: {"status":"downloading-updates","current":5,"total":6,"progress":58}
[2026-01-30 09:15:42.627] [info]  Splash.onStateUpdate: {"status":"downloading-updates","current":5,"total":6,"progress":58}
[2026-01-30 09:15:42.628] [info]  DiscordSplash.onStateUpdate: {"status":"downloading-updates","current":5,"total":6,"progress":59}
[2026-01-30 09:15:42.629] [info]  Splash.onStateUpdate: {"status":"downloading-updates","current":5,"total":6,"progress":59}
[2026-01-30 09:15:42.717] [info]  DiscordSplash.onStateUpdate: {"status":"downloading-updates","current":5,"total":6,"progress":60}
[2026-01-30 09:15:42.717] [info]  Splash.onStateUpdate: {"status":"downloading-updates","current":5,"total":6,"progress":60}
[2026-01-30 09:15:42.763] [info]  Splash.updateCountdownSeconds: undefined
[2026-01-30 09:15:42.965] [info]  DiscordSplash.onStateUpdate: {"status":"downloading-updates","current":5,"total":6,"progress":61}
[2026-01-30 09:15:42.965] [info]  Splash.onStateUpdate: {"status":"downloading-updates","current":5,"total":6,"progress":61}
[2026-01-30 09:15:42.968] [info]  DiscordSplash.onStateUpdate: {"status":"downloading-updates","current":5,"total":6,"progress":62}
[2026-01-30 09:15:42.968] [info]  Splash.onStateUpdate: {"status":"downloading-updates","current":5,"total":6,"progress":62}
[2026-01-30 09:15:42.972] [info]  DiscordSplash.onStateUpdate: {"status":"downloading-updates","current":5,"total":6,"progress":63}
[2026-01-30 09:15:42.973] [info]  Splash.onStateUpdate: {"status":"downloading-updates","current":5,"total":6,"progress":63}
[2026-01-30 09:15:42.975] [info]  DiscordSplash.onStateUpdate: {"status":"downloading-updates","current":5,"total":6,"progress":64}
[2026-01-30 09:15:42.975] [info]  Splash.onStateUpdate: {"status":"downloading-updates","current":5,"total":6,"progress":64}
[2026-01-30 09:15:43.010] [info]  DiscordSplash.onStateUpdate: {"status":"downloading-updates","current":5,"total":6,"progress":65}
[2026-01-30 09:15:43.011] [info]  Splash.onStateUpdate: {"status":"downloading-updates","current":5,"total":6,"progress":65}
[2026-01-30 09:15:43.067] [info]  DiscordSplash.onStateUpdate: {"status":"downloading-updates","current":5,"total":6,"progress":66}
[2026-01-30 09:15:43.068] [info]  Splash.onStateUpdate: {"status":"downloading-updates","current":5,"total":6,"progress":66}
[2026-01-30 09:15:43.267] [info]  DiscordSplash.onStateUpdate: {"status":"downloading-updates","current":5,"total":6,"progress":67}
[2026-01-30 09:15:43.267] [info]  Splash.onStateUpdate: {"status":"downloading-updates","current":5,"total":6,"progress":67}
[2026-01-30 09:15:43.272] [info]  DiscordSplash.onStateUpdate: {"status":"downloading-updates","current":5,"total":6,"progress":68}
[2026-01-30 09:15:43.272] [info]  Splash.onStateUpdate: {"status":"downloading-updates","current":5,"total":6,"progress":68}
[2026-01-30 09:15:43.297] [info]  DiscordSplash.onStateUpdate: {"status":"downloading-updates","current":5,"total":6,"progress":69}
[2026-01-30 09:15:43.298] [info]  Splash.onStateUpdate: {"status":"downloading-updates","current":5,"total":6,"progress":69}
[2026-01-30 09:15:43.439] [info]  DiscordSplash.onStateUpdate: {"status":"downloading-updates","current":5,"total":6,"progress":70}
[2026-01-30 09:15:43.439] [info]  Splash.onStateUpdate: {"status":"downloading-updates","current":5,"total":6,"progress":70}
[2026-01-30 09:15:43.444] [info]  DiscordSplash.onStateUpdate: {"status":"downloading-updates","current":5,"total":6,"progress":71}
[2026-01-30 09:15:43.445] [info]  Splash.onStateUpdate: {"status":"downloading-updates","current":5,"total":6,"progress":71}
[2026-01-30 09:15:43.451] [info]  DiscordSplash.onStateUpdate: {"status":"downloading-updates","current":5,"total":6,"progress":72}
[2026-01-30 09:15:43.452] [info]  Splash.onStateUpdate: {"status":"downloading-updates","current":5,"total":6,"progress":72}
[2026-01-30 09:15:43.547] [info]  DiscordSplash.onStateUpdate: {"status":"downloading-updates","current":5,"total":6,"progress":73}
[2026-01-30 09:15:43.547] [info]  Splash.onStateUpdate: {"status":"downloading-updates","current":5,"total":6,"progress":73}
[2026-01-30 09:15:43.627] [info]  DiscordSplash.onStateUpdate: {"status":"downloading-updates","current":5,"total":6,"progress":74}
[2026-01-30 09:15:43.627] [info]  Splash.onStateUpdate: {"status":"downloading-updates","current":5,"total":6,"progress":74}
[2026-01-30 09:15:43.645] [info]  DiscordSplash.onStateUpdate: {"status":"downloading-updates","current":5,"total":6,"progress":75}
[2026-01-30 09:15:43.646] [info]  Splash.onStateUpdate: {"status":"downloading-updates","current":5,"total":6,"progress":75}
[2026-01-30 09:15:43.763] [info]  Splash.updateCountdownSeconds: undefined
[2026-01-30 09:15:43.845] [info]  DiscordSplash.onStateUpdate: {"status":"downloading-updates","current":5,"total":6,"progress":76}
[2026-01-30 09:15:43.846] [info]  Splash.onStateUpdate: {"status":"downloading-updates","current":5,"total":6,"progress":76}
[2026-01-30 09:15:43.848] [info]  DiscordSplash.onStateUpdate: {"status":"downloading-updates","current":5,"total":6,"progress":77}
[2026-01-30 09:15:43.849] [info]  Splash.onStateUpdate: {"status":"downloading-updates","current":5,"total":6,"progress":77}
[2026-01-30 09:15:43.851] [info]  DiscordSplash.onStateUpdate: {"status":"downloading-updates","current":5,"total":6,"progress":78}
[2026-01-30 09:15:43.851] [info]  Splash.onStateUpdate: {"status":"downloading-updates","current":5,"total":6,"progress":78}
[2026-01-30 09:15:43.966] [info]  DiscordSplash.onStateUpdate: {"status":"downloading-updates","current":5,"total":6,"progress":79}
[2026-01-30 09:15:43.967] [info]  Splash.onStateUpdate: {"status":"downloading-updates","current":5,"total":6,"progress":79}
[2026-01-30 09:15:43.997] [info]  DiscordSplash.onStateUpdate: {"status":"downloading-updates","current":5,"total":6,"progress":80}
[2026-01-30 09:15:43.997] [info]  Splash.onStateUpdate: {"status":"downloading-updates","current":5,"total":6,"progress":80}
[2026-01-30 09:15:44.077] [info]  DiscordSplash.onStateUpdate: {"status":"downloading-updates","current":5,"total":6,"progress":81}
[2026-01-30 09:15:44.078] [info]  Splash.onStateUpdate: {"status":"downloading-updates","current":5,"total":6,"progress":81}
[2026-01-30 09:15:44.355] [info]  DiscordSplash.onStateUpdate: {"status":"downloading-updates","current":5,"total":6,"progress":82}
[2026-01-30 09:15:44.356] [info]  Splash.onStateUpdate: {"status":"downloading-updates","current":5,"total":6,"progress":82}
[2026-01-30 09:15:44.358] [info]  DiscordSplash.onStateUpdate: {"status":"downloading-updates","current":5,"total":6,"progress":83}
[2026-01-30 09:15:44.358] [info]  Splash.onStateUpdate: {"status":"downloading-updates","current":5,"total":6,"progress":83}
[2026-01-30 09:15:44.366] [info]  DiscordSplash.onStateUpdate: {"status":"downloading-updates","current":5,"total":6,"progress":84}
[2026-01-30 09:15:44.367] [info]  Splash.onStateUpdate: {"status":"downloading-updates","current":5,"total":6,"progress":84}
[2026-01-30 09:15:44.494] [info]  DiscordSplash.onStateUpdate: {"status":"downloading-updates","current":5,"total":6,"progress":85}
[2026-01-30 09:15:44.495] [info]  Splash.onStateUpdate: {"status":"downloading-updates","current":5,"total":6,"progress":85}
[2026-01-30 09:15:44.498] [info]  DiscordSplash.onStateUpdate: {"status":"downloading-updates","current":5,"total":6,"progress":86}
[2026-01-30 09:15:44.499] [info]  Splash.onStateUpdate: {"status":"downloading-updates","current":5,"total":6,"progress":86}
[2026-01-30 09:15:44.503] [info]  DiscordSplash.onStateUpdate: {"status":"downloading-updates","current":5,"total":6,"progress":87}
[2026-01-30 09:15:44.504] [info]  Splash.onStateUpdate: {"status":"downloading-updates","current":5,"total":6,"progress":87}
[2026-01-30 09:15:44.552] [info]  DiscordSplash.onStateUpdate: {"status":"downloading-updates","current":5,"total":6,"progress":88}
[2026-01-30 09:15:44.553] [info]  Splash.onStateUpdate: {"status":"downloading-updates","current":5,"total":6,"progress":88}
[2026-01-30 09:15:44.670] [info]  DiscordSplash.onStateUpdate: {"status":"downloading-updates","current":5,"total":6,"progress":89}
[2026-01-30 09:15:44.671] [info]  Splash.onStateUpdate: {"status":"downloading-updates","current":5,"total":6,"progress":89}
[2026-01-30 09:15:44.714] [info]  DiscordSplash.onStateUpdate: {"status":"downloading-updates","current":5,"total":6,"progress":90}
[2026-01-30 09:15:44.714] [info]  Splash.onStateUpdate: {"status":"downloading-updates","current":5,"total":6,"progress":90}
[2026-01-30 09:15:44.763] [info]  Splash.updateCountdownSeconds: undefined
[2026-01-30 09:15:44.774] [info]  DiscordSplash.onStateUpdate: {"status":"downloading-updates","current":5,"total":6,"progress":91}
[2026-01-30 09:15:44.775] [info]  Splash.onStateUpdate: {"status":"downloading-updates","current":5,"total":6,"progress":91}
[2026-01-30 09:15:44.776] [info]  DiscordSplash.onStateUpdate: {"status":"downloading-updates","current":5,"total":6,"progress":92}
[2026-01-30 09:15:44.777] [info]  Splash.onStateUpdate: {"status":"downloading-updates","current":5,"total":6,"progress":92}
[2026-01-30 09:15:44.838] [info]  DiscordSplash.onStateUpdate: {"status":"downloading-updates","current":5,"total":6,"progress":93}
[2026-01-30 09:15:44.839] [info]  Splash.onStateUpdate: {"status":"downloading-updates","current":5,"total":6,"progress":93}
[2026-01-30 09:15:44.968] [info]  DiscordSplash.onStateUpdate: {"status":"downloading-updates","current":5,"total":6,"progress":94}
[2026-01-30 09:15:44.970] [info]  Splash.onStateUpdate: {"status":"downloading-updates","current":5,"total":6,"progress":94}
[2026-01-30 09:15:44.971] [info]  DiscordSplash.onStateUpdate: {"status":"downloading-updates","current":5,"total":6,"progress":95}
[2026-01-30 09:15:44.972] [info]  Splash.onStateUpdate: {"status":"downloading-updates","current":5,"total":6,"progress":95}
[2026-01-30 09:15:45.038] [info]  DiscordSplash.onStateUpdate: {"status":"downloading-updates","current":5,"total":6,"progress":96}
[2026-01-30 09:15:45.039] [info]  Splash.onStateUpdate: {"status":"downloading-updates","current":5,"total":6,"progress":96}
[2026-01-30 09:15:45.086] [info]  DiscordSplash.onStateUpdate: {"status":"downloading-updates","current":5,"total":6,"progress":97}
[2026-01-30 09:15:45.087] [info]  Splash.onStateUpdate: {"status":"downloading-updates","current":5,"total":6,"progress":97}
[2026-01-30 09:15:45.238] [info]  DiscordSplash.onStateUpdate: {"status":"downloading-updates","current":5,"total":6,"progress":98}
[2026-01-30 09:15:45.240] [info]  Splash.onStateUpdate: {"status":"downloading-updates","current":5,"total":6,"progress":98}
[2026-01-30 09:15:45.281] [info]  DiscordSplash.onStateUpdate: {"status":"downloading-updates","current":5,"total":6,"progress":99}
[2026-01-30 09:15:45.282] [info]  Splash.onStateUpdate: {"status":"downloading-updates","current":5,"total":6,"progress":99}
[2026-01-30 09:15:45.412] [info]  DiscordSplash.onStateUpdate: {"status":"downloading-updates","current":5,"total":6,"progress":100}
[2026-01-30 09:15:45.413] [info]  Splash.onStateUpdate: {"status":"downloading-updates","current":5,"total":6,"progress":100}
[2026-01-30 09:15:45.413] [info]  DiscordSplash.onStateUpdate: {"status":"downloading-updates","current":6,"total":6}
[2026-01-30 09:15:45.413] [info]  Splash.onStateUpdate: {"status":"downloading-updates","current":6,"total":6}
[2026-01-30 09:15:45.672] [info]  DiscordSplash.onStateUpdate: {"status":"downloading-updates","current":6,"total":6,"progress":1}
[2026-01-30 09:15:45.672] [info]  Splash.onStateUpdate: {"status":"downloading-updates","current":6,"total":6,"progress":1}
[2026-01-30 09:15:45.675] [info]  DiscordSplash.onStateUpdate: {"status":"downloading-updates","current":6,"total":6,"progress":8}
[2026-01-30 09:15:45.676] [info]  Splash.onStateUpdate: {"status":"downloading-updates","current":6,"total":6,"progress":8}
[2026-01-30 09:15:45.677] [info]  DiscordSplash.onStateUpdate: {"status":"downloading-updates","current":6,"total":6,"progress":10}
[2026-01-30 09:15:45.677] [info]  Splash.onStateUpdate: {"status":"downloading-updates","current":6,"total":6,"progress":10}
[2026-01-30 09:15:45.679] [info]  DiscordSplash.onStateUpdate: {"status":"downloading-updates","current":6,"total":6,"progress":15}
[2026-01-30 09:15:45.679] [info]  Splash.onStateUpdate: {"status":"downloading-updates","current":6,"total":6,"progress":15}
[2026-01-30 09:15:45.681] [info]  DiscordSplash.onStateUpdate: {"status":"downloading-updates","current":6,"total":6,"progress":18}
[2026-01-30 09:15:45.681] [info]  Splash.onStateUpdate: {"status":"downloading-updates","current":6,"total":6,"progress":18}
[2026-01-30 09:15:45.683] [info]  DiscordSplash.onStateUpdate: {"status":"downloading-updates","current":6,"total":6,"progress":24}
[2026-01-30 09:15:45.683] [info]  Splash.onStateUpdate: {"status":"downloading-updates","current":6,"total":6,"progress":24}
[2026-01-30 09:15:45.685] [info]  DiscordSplash.onStateUpdate: {"status":"downloading-updates","current":6,"total":6,"progress":29}
[2026-01-30 09:15:45.686] [info]  Splash.onStateUpdate: {"status":"downloading-updates","current":6,"total":6,"progress":29}
[2026-01-30 09:15:45.687] [info]  DiscordSplash.onStateUpdate: {"status":"downloading-updates","current":6,"total":6,"progress":32}
[2026-01-30 09:15:45.688] [info]  Splash.onStateUpdate: {"status":"downloading-updates","current":6,"total":6,"progress":32}
[2026-01-30 09:15:45.689] [info]  DiscordSplash.onStateUpdate: {"status":"downloading-updates","current":6,"total":6,"progress":39}
[2026-01-30 09:15:45.690] [info]  Splash.onStateUpdate: {"status":"downloading-updates","current":6,"total":6,"progress":39}
[2026-01-30 09:15:45.691] [info]  DiscordSplash.onStateUpdate: {"status":"downloading-updates","current":6,"total":6,"progress":44}
[2026-01-30 09:15:45.691] [info]  Splash.onStateUpdate: {"status":"downloading-updates","current":6,"total":6,"progress":44}
[2026-01-30 09:15:45.691] [info]  DiscordSplash.onStateUpdate: {"status":"downloading-updates","current":6,"total":6,"progress":46}
[2026-01-30 09:15:45.692] [info]  Splash.onStateUpdate: {"status":"downloading-updates","current":6,"total":6,"progress":46}
[2026-01-30 09:15:45.694] [info]  DiscordSplash.onStateUpdate: {"status":"downloading-updates","current":6,"total":6,"progress":47}
[2026-01-30 09:15:45.695] [info]  Splash.onStateUpdate: {"status":"downloading-updates","current":6,"total":6,"progress":47}
[2026-01-30 09:15:45.696] [info]  DiscordSplash.onStateUpdate: {"status":"downloading-updates","current":6,"total":6,"progress":48}
[2026-01-30 09:15:45.697] [info]  Splash.onStateUpdate: {"status":"downloading-updates","current":6,"total":6,"progress":48}
[2026-01-30 09:15:45.698] [info]  DiscordSplash.onStateUpdate: {"status":"downloading-updates","current":6,"total":6,"progress":53}
[2026-01-30 09:15:45.699] [info]  Splash.onStateUpdate: {"status":"downloading-updates","current":6,"total":6,"progress":53}
[2026-01-30 09:15:45.701] [info]  DiscordSplash.onStateUpdate: {"status":"downloading-updates","current":6,"total":6,"progress":58}
[2026-01-30 09:15:45.701] [info]  Splash.onStateUpdate: {"status":"downloading-updates","current":6,"total":6,"progress":58}
[2026-01-30 09:15:45.703] [info]  DiscordSplash.onStateUpdate: {"status":"downloading-updates","current":6,"total":6,"progress":64}
[2026-01-30 09:15:45.704] [info]  Splash.onStateUpdate: {"status":"downloading-updates","current":6,"total":6,"progress":64}
[2026-01-30 09:15:45.705] [info]  DiscordSplash.onStateUpdate: {"status":"downloading-updates","current":6,"total":6,"progress":68}
[2026-01-30 09:15:45.705] [info]  Splash.onStateUpdate: {"status":"downloading-updates","current":6,"total":6,"progress":68}
[2026-01-30 09:15:45.706] [info]  DiscordSplash.onStateUpdate: {"status":"downloading-updates","current":6,"total":6,"progress":74}
[2026-01-30 09:15:45.707] [info]  Splash.onStateUpdate: {"status":"downloading-updates","current":6,"total":6,"progress":74}
[2026-01-30 09:15:45.707] [info]  DiscordSplash.onStateUpdate: {"status":"downloading-updates","current":6,"total":6,"progress":75}
[2026-01-30 09:15:45.707] [info]  Splash.onStateUpdate: {"status":"downloading-updates","current":6,"total":6,"progress":75}
[2026-01-30 09:15:45.762] [info]  DiscordSplash.onStateUpdate: {"status":"downloading-updates","current":6,"total":6,"progress":77}
[2026-01-30 09:15:45.762] [info]  Splash.onStateUpdate: {"status":"downloading-updates","current":6,"total":6,"progress":77}
[2026-01-30 09:15:45.763] [info]  DiscordSplash.onStateUpdate: {"status":"downloading-updates","current":6,"total":6,"progress":79}
[2026-01-30 09:15:45.764] [info]  Splash.onStateUpdate: {"status":"downloading-updates","current":6,"total":6,"progress":79}
[2026-01-30 09:15:45.765] [info]  Splash.updateCountdownSeconds: undefined
[2026-01-30 09:15:45.767] [info]  DiscordSplash.onStateUpdate: {"status":"downloading-updates","current":6,"total":6,"progress":84}
[2026-01-30 09:15:45.767] [info]  Splash.onStateUpdate: {"status":"downloading-updates","current":6,"total":6,"progress":84}
[2026-01-30 09:15:45.769] [info]  DiscordSplash.onStateUpdate: {"status":"downloading-updates","current":6,"total":6,"progress":88}
[2026-01-30 09:15:45.769] [info]  Splash.onStateUpdate: {"status":"downloading-updates","current":6,"total":6,"progress":88}
[2026-01-30 09:15:45.771] [info]  DiscordSplash.onStateUpdate: {"status":"downloading-updates","current":6,"total":6,"progress":95}
[2026-01-30 09:15:45.771] [info]  Splash.onStateUpdate: {"status":"downloading-updates","current":6,"total":6,"progress":95}
[2026-01-30 09:15:45.773] [info]  DiscordSplash.onStateUpdate: {"status":"downloading-updates","current":6,"total":6,"progress":99}
[2026-01-30 09:15:45.773] [info]  Splash.onStateUpdate: {"status":"downloading-updates","current":6,"total":6,"progress":99}
[2026-01-30 09:15:45.776] [info]  DiscordSplash.onStateUpdate: {"status":"downloading-updates","current":6,"total":6,"progress":100}
[2026-01-30 09:15:45.776] [info]  Splash.onStateUpdate: {"status":"downloading-updates","current":6,"total":6,"progress":100}
[2026-01-30 09:15:45.778] [info]  DiscordSplash.onStateUpdate: {"status":"installing-updates","current":1,"total":6}
[2026-01-30 09:15:45.778] [info]  Splash.onStateUpdate: {"status":"installing-updates","current":1,"total":6}
[2026-01-30 09:15:45.783] [info]  DiscordSplash.onStateUpdate: {"status":"installing-updates","current":1,"total":6,"progress":33}
[2026-01-30 09:15:45.783] [info]  Splash.onStateUpdate: {"status":"installing-updates","current":1,"total":6,"progress":33}
[2026-01-30 09:15:45.794] [info]  DiscordSplash.onStateUpdate: {"status":"installing-updates","current":1,"total":6,"progress":66}
[2026-01-30 09:15:45.795] [info]  Splash.onStateUpdate: {"status":"installing-updates","current":1,"total":6,"progress":66}
[2026-01-30 09:15:45.902] [info]  DiscordSplash.onStateUpdate: {"status":"installing-updates","current":1,"total":6,"progress":100}
[2026-01-30 09:15:45.902] [info]  Splash.onStateUpdate: {"status":"installing-updates","current":1,"total":6,"progress":100}
[2026-01-30 09:15:45.905] [info]  DiscordSplash.onStateUpdate: {"status":"installing-updates","current":2,"total":6}
[2026-01-30 09:15:45.905] [info]  Splash.onStateUpdate: {"status":"installing-updates","current":2,"total":6}
[2026-01-30 09:15:45.907] [info]  DiscordSplash.onStateUpdate: {"status":"installing-updates","current":2,"total":6,"progress":25}
[2026-01-30 09:15:45.907] [info]  Splash.onStateUpdate: {"status":"installing-updates","current":2,"total":6,"progress":25}
[2026-01-30 09:15:45.909] [info]  DiscordSplash.onStateUpdate: {"status":"installing-updates","current":2,"total":6,"progress":50}
[2026-01-30 09:15:45.910] [info]  Splash.onStateUpdate: {"status":"installing-updates","current":2,"total":6,"progress":50}
[2026-01-30 09:15:45.991] [info]  DiscordSplash.onStateUpdate: {"status":"installing-updates","current":2,"total":6,"progress":75}
[2026-01-30 09:15:45.992] [info]  Splash.onStateUpdate: {"status":"installing-updates","current":2,"total":6,"progress":75}
[2026-01-30 09:15:45.994] [info]  DiscordSplash.onStateUpdate: {"status":"installing-updates","current":2,"total":6,"progress":100}
[2026-01-30 09:15:45.994] [info]  Splash.onStateUpdate: {"status":"installing-updates","current":2,"total":6,"progress":100}
[2026-01-30 09:15:45.997] [info]  DiscordSplash.onStateUpdate: {"status":"installing-updates","current":3,"total":6}
[2026-01-30 09:15:45.997] [info]  Splash.onStateUpdate: {"status":"installing-updates","current":3,"total":6}
[2026-01-30 09:15:45.999] [info]  DiscordSplash.onStateUpdate: {"status":"installing-updates","current":3,"total":6,"progress":0}
[2026-01-30 09:15:45.999] [info]  Splash.onStateUpdate: {"status":"installing-updates","current":3,"total":6,"progress":0}
[2026-01-30 09:15:46.002] [info]  DiscordSplash.onStateUpdate: {"status":"installing-updates","current":3,"total":6,"progress":0}
[2026-01-30 09:15:46.003] [info]  Splash.onStateUpdate: {"status":"installing-updates","current":3,"total":6,"progress":0}
[2026-01-30 09:15:46.005] [info]  DiscordSplash.onStateUpdate: {"status":"installing-updates","current":3,"total":6,"progress":0}
[2026-01-30 09:15:46.005] [info]  Splash.onStateUpdate: {"status":"installing-updates","current":3,"total":6,"progress":0}
[2026-01-30 09:15:46.007] [info]  DiscordSplash.onStateUpdate: {"status":"installing-updates","current":3,"total":6,"progress":0}
[2026-01-30 09:15:46.007] [info]  Splash.onStateUpdate: {"status":"installing-updates","current":3,"total":6,"progress":0}
[2026-01-30 09:15:46.009] [info]  DiscordSplash.onStateUpdate: {"status":"installing-updates","current":3,"total":6,"progress":0}
[2026-01-30 09:15:46.010] [info]  Splash.onStateUpdate: {"status":"installing-updates","current":3,"total":6,"progress":0}
[2026-01-30 09:15:46.012] [info]  DiscordSplash.onStateUpdate: {"status":"installing-updates","current":3,"total":6,"progress":0}
[2026-01-30 09:15:46.012] [info]  Splash.onStateUpdate: {"status":"installing-updates","current":3,"total":6,"progress":0}
[2026-01-30 09:15:46.014] [info]  DiscordSplash.onStateUpdate: {"status":"installing-updates","current":3,"total":6,"progress":1}
[2026-01-30 09:15:46.014] [info]  Splash.onStateUpdate: {"status":"installing-updates","current":3,"total":6,"progress":1}
[2026-01-30 09:15:46.016] [info]  DiscordSplash.onStateUpdate: {"status":"installing-updates","current":3,"total":6,"progress":1}
[2026-01-30 09:15:46.016] [info]  Splash.onStateUpdate: {"status":"installing-updates","current":3,"total":6,"progress":1}
[2026-01-30 09:15:46.018] [info]  DiscordSplash.onStateUpdate: {"status":"installing-updates","current":3,"total":6,"progress":1}
[2026-01-30 09:15:46.019] [info]  Splash.onStateUpdate: {"status":"installing-updates","current":3,"total":6,"progress":1}
[2026-01-30 09:15:46.021] [info]  DiscordSplash.onStateUpdate: {"status":"installing-updates","current":3,"total":6,"progress":1}
[2026-01-30 09:15:46.021] [info]  Splash.onStateUpdate: {"status":"installing-updates","current":3,"total":6,"progress":1}
[2026-01-30 09:15:46.023] [info]  DiscordSplash.onStateUpdate: {"status":"installing-updates","current":3,"total":6,"progress":1}
[2026-01-30 09:15:46.023] [info]  Splash.onStateUpdate: {"status":"installing-updates","current":3,"total":6,"progress":1}
[2026-01-30 09:15:46.026] [info]  DiscordSplash.onStateUpdate: {"status":"installing-updates","current":3,"total":6,"progress":1}
[2026-01-30 09:15:46.026] [info]  Splash.onStateUpdate: {"status":"installing-updates","current":3,"total":6,"progress":1}
[2026-01-30 09:15:46.028] [info]  DiscordSplash.onStateUpdate: {"status":"installing-updates","current":3,"total":6,"progress":2}
[2026-01-30 09:15:46.029] [info]  Splash.onStateUpdate: {"status":"installing-updates","current":3,"total":6,"progress":2}
[2026-01-30 09:15:46.030] [info]  DiscordSplash.onStateUpdate: {"status":"installing-updates","current":3,"total":6,"progress":2}
[2026-01-30 09:15:46.031] [info]  Splash.onStateUpdate: {"status":"installing-updates","current":3,"total":6,"progress":2}
[2026-01-30 09:15:46.033] [info]  DiscordSplash.onStateUpdate: {"status":"installing-updates","current":3,"total":6,"progress":2}
[2026-01-30 09:15:46.033] [info]  Splash.onStateUpdate: {"status":"installing-updates","current":3,"total":6,"progress":2}
[2026-01-30 09:15:46.035] [info]  DiscordSplash.onStateUpdate: {"status":"installing-updates","current":3,"total":6,"progress":2}
[2026-01-30 09:15:46.036] [info]  Splash.onStateUpdate: {"status":"installing-updates","current":3,"total":6,"progress":2}
[2026-01-30 09:15:46.038] [info]  DiscordSplash.onStateUpdate: {"status":"installing-updates","current":3,"total":6,"progress":2}
[2026-01-30 09:15:46.038] [info]  Splash.onStateUpdate: {"status":"installing-updates","current":3,"total":6,"progress":2}
[2026-01-30 09:15:46.040] [info]  DiscordSplash.onStateUpdate: {"status":"installing-updates","current":3,"total":6,"progress":2}
[2026-01-30 09:15:46.040] [info]  Splash.onStateUpdate: {"status":"installing-updates","current":3,"total":6,"progress":2}
[2026-01-30 09:15:46.042] [info]  DiscordSplash.onStateUpdate: {"status":"installing-updates","current":3,"total":6,"progress":3}
[2026-01-30 09:15:46.042] [info]  Splash.onStateUpdate: {"status":"installing-updates","current":3,"total":6,"progress":3}
[2026-01-30 09:15:46.044] [info]  DiscordSplash.onStateUpdate: {"status":"installing-updates","current":3,"total":6,"progress":3}
[2026-01-30 09:15:46.044] [info]  Splash.onStateUpdate: {"status":"installing-updates","current":3,"total":6,"progress":3}
[2026-01-30 09:15:46.045] [info]  DiscordSplash.onStateUpdate: {"status":"installing-updates","current":3,"total":6,"progress":3}
[2026-01-30 09:15:46.046] [info]  Splash.onStateUpdate: {"status":"installing-updates","current":3,"total":6,"progress":3}
[2026-01-30 09:15:46.047] [info]  DiscordSplash.onStateUpdate: {"status":"installing-updates","current":3,"total":6,"progress":3}
[2026-01-30 09:15:46.048] [info]  Splash.onStateUpdate: {"status":"installing-updates","current":3,"total":6,"progress":3}
[2026-01-30 09:15:46.049] [info]  DiscordSplash.onStateUpdate: {"status":"installing-updates","current":3,"total":6,"progress":3}
[2026-01-30 09:15:46.049] [info]  Splash.onStateUpdate: {"status":"installing-updates","current":3,"total":6,"progress":3}
[2026-01-30 09:15:46.051] [info]  DiscordSplash.onStateUpdate: {"status":"installing-updates","current":3,"total":6,"progress":3}
[2026-01-30 09:15:46.052] [info]  Splash.onStateUpdate: {"status":"installing-updates","current":3,"total":6,"progress":3}
[2026-01-30 09:15:46.053] [info]  DiscordSplash.onStateUpdate: {"status":"installing-updates","current":3,"total":6,"progress":4}
[2026-01-30 09:15:46.054] [info]  Splash.onStateUpdate: {"status":"installing-updates","current":3,"total":6,"progress":4}
[2026-01-30 09:15:46.055] [info]  DiscordSplash.onStateUpdate: {"status":"installing-updates","current":3,"total":6,"progress":4}
[2026-01-30 09:15:46.055] [info]  Splash.onStateUpdate: {"status":"installing-updates","current":3,"total":6,"progress":4}
[2026-01-30 09:15:46.057] [info]  DiscordSplash.onStateUpdate: {"status":"installing-updates","current":3,"total":6,"progress":4}
[2026-01-30 09:15:46.057] [info]  Splash.onStateUpdate: {"status":"installing-updates","current":3,"total":6,"progress":4}
[2026-01-30 09:15:46.059] [info]  DiscordSplash.onStateUpdate: {"status":"installing-updates","current":3,"total":6,"progress":4}
[2026-01-30 09:15:46.059] [info]  Splash.onStateUpdate: {"status":"installing-updates","current":3,"total":6,"progress":4}
[2026-01-30 09:15:46.061] [info]  DiscordSplash.onStateUpdate: {"status":"installing-updates","current":3,"total":6,"progress":4}
[2026-01-30 09:15:46.061] [info]  Splash.onStateUpdate: {"status":"installing-updates","current":3,"total":6,"progress":4}
[2026-01-30 09:15:46.062] [info]  DiscordSplash.onStateUpdate: {"status":"installing-updates","current":3,"total":6,"progress":4}
[2026-01-30 09:15:46.062] [info]  Splash.onStateUpdate: {"status":"installing-updates","current":3,"total":6,"progress":4}
[2026-01-30 09:15:46.064] [info]  DiscordSplash.onStateUpdate: {"status":"installing-updates","current":3,"total":6,"progress":5}
[2026-01-30 09:15:46.064] [info]  Splash.onStateUpdate: {"status":"installing-updates","current":3,"total":6,"progress":5}
[2026-01-30 09:15:46.066] [info]  DiscordSplash.onStateUpdate: {"status":"installing-updates","current":3,"total":6,"progress":5}
[2026-01-30 09:15:46.066] [info]  Splash.onStateUpdate: {"status":"installing-updates","current":3,"total":6,"progress":5}
[2026-01-30 09:15:46.068] [info]  DiscordSplash.onStateUpdate: {"status":"installing-updates","current":3,"total":6,"progress":5}
[2026-01-30 09:15:46.068] [info]  Splash.onStateUpdate: {"status":"installing-updates","current":3,"total":6,"progress":5}
[2026-01-30 09:15:46.070] [info]  DiscordSplash.onStateUpdate: {"status":"installing-updates","current":3,"total":6,"progress":5}
[2026-01-30 09:15:46.070] [info]  Splash.onStateUpdate: {"status":"installing-updates","current":3,"total":6,"progress":5}
[2026-01-30 09:15:46.072] [info]  DiscordSplash.onStateUpdate: {"status":"installing-updates","current":3,"total":6,"progress":5}
[2026-01-30 09:15:46.072] [info]  Splash.onStateUpdate: {"status":"installing-updates","current":3,"total":6,"progress":5}
[2026-01-30 09:15:46.073] [info]  DiscordSplash.onStateUpdate: {"status":"installing-updates","current":3,"total":6,"progress":5}
[2026-01-30 09:15:46.073] [info]  Splash.onStateUpdate: {"status":"installing-updates","current":3,"total":6,"progress":5}
[2026-01-30 09:15:46.074] [info]  DiscordSplash.onStateUpdate: {"status":"installing-updates","current":3,"total":6,"progress":5}
[2026-01-30 09:15:46.075] [info]  Splash.onStateUpdate: {"status":"installing-updates","current":3,"total":6,"progress":5}
[2026-01-30 09:15:46.076] [info]  DiscordSplash.onStateUpdate: {"status":"installing-updates","current":3,"total":6,"progress":6}
[2026-01-30 09:15:46.076] [info]  Splash.onStateUpdate: {"status":"installing-updates","current":3,"total":6,"progress":6}
[2026-01-30 09:15:46.077] [info]  DiscordSplash.onStateUpdate: {"status":"installing-updates","current":3,"total":6,"progress":6}
[2026-01-30 09:15:46.078] [info]  Splash.onStateUpdate: {"status":"installing-updates","current":3,"total":6,"progress":6}
[2026-01-30 09:15:46.079] [info]  DiscordSplash.onStateUpdate: {"status":"installing-updates","current":3,"total":6,"progress":6}
[2026-01-30 09:15:46.079] [info]  Splash.onStateUpdate: {"status":"installing-updates","current":3,"total":6,"progress":6}
[2026-01-30 09:15:46.080] [info]  DiscordSplash.onStateUpdate: {"status":"installing-updates","current":3,"total":6,"progress":6}
[2026-01-30 09:15:46.081] [info]  Splash.onStateUpdate: {"status":"installing-updates","current":3,"total":6,"progress":6}
[2026-01-30 09:15:46.082] [info]  DiscordSplash.onStateUpdate: {"status":"installing-updates","current":3,"total":6,"progress":6}
[2026-01-30 09:15:46.082] [info]  Splash.onStateUpdate: {"status":"installing-updates","current":3,"total":6,"progress":6}
[2026-01-30 09:15:46.084] [info]  DiscordSplash.onStateUpdate: {"status":"installing-updates","current":3,"total":6,"progress":6}
[2026-01-30 09:15:46.084] [info]  Splash.onStateUpdate: {"status":"installing-updates","current":3,"total":6,"progress":6}
[2026-01-30 09:15:46.086] [info]  DiscordSplash.onStateUpdate: {"status":"installing-updates","current":3,"total":6,"progress":7}
[2026-01-30 09:15:46.087] [info]  Splash.onStateUpdate: {"status":"installing-updates","current":3,"total":6,"progress":7}
[2026-01-30 09:15:46.088] [info]  DiscordSplash.onStateUpdate: {"status":"installing-updates","current":3,"total":6,"progress":7}
[2026-01-30 09:15:46.089] [info]  Splash.onStateUpdate: {"status":"installing-updates","current":3,"total":6,"progress":7}
[2026-01-30 09:15:46.090] [info]  DiscordSplash.onStateUpdate: {"status":"installing-updates","current":3,"total":6,"progress":7}
[2026-01-30 09:15:46.090] [info]  Splash.onStateUpdate: {"status":"installing-updates","current":3,"total":6,"progress":7}
[2026-01-30 09:15:46.092] [info]  DiscordSplash.onStateUpdate: {"status":"installing-updates","current":3,"total":6,"progress":7}
[2026-01-30 09:15:46.092] [info]  Splash.onStateUpdate: {"status":"installing-updates","current":3,"total":6,"progress":7}
[2026-01-30 09:15:46.094] [info]  DiscordSplash.onStateUpdate: {"status":"installing-updates","current":3,"total":6,"progress":7}
[2026-01-30 09:15:46.094] [info]  Splash.onStateUpdate: {"status":"installing-updates","current":3,"total":6,"progress":7}
[2026-01-30 09:15:46.096] [info]  DiscordSplash.onStateUpdate: {"status":"installing-updates","current":3,"total":6,"progress":7}
[2026-01-30 09:15:46.096] [info]  Splash.onStateUpdate: {"status":"installing-updates","current":3,"total":6,"progress":7}
[2026-01-30 09:15:46.098] [info]  DiscordSplash.onStateUpdate: {"status":"installing-updates","current":3,"total":6,"progress":8}
[2026-01-30 09:15:46.098] [info]  Splash.onStateUpdate: {"status":"installing-updates","current":3,"total":6,"progress":8}
[2026-01-30 09:15:46.101] [info]  DiscordSplash.onStateUpdate: {"status":"installing-updates","current":3,"total":6,"progress":8}
[2026-01-30 09:15:46.101] [info]  Splash.onStateUpdate: {"status":"installing-updates","current":3,"total":6,"progress":8}
[2026-01-30 09:15:46.103] [info]  DiscordSplash.onStateUpdate: {"status":"installing-updates","current":3,"total":6,"progress":8}
[2026-01-30 09:15:46.103] [info]  Splash.onStateUpdate: {"status":"installing-updates","current":3,"total":6,"progress":8}
[2026-01-30 09:15:46.105] [info]  DiscordSplash.onStateUpdate: {"status":"installing-updates","current":3,"total":6,"progress":8}
[2026-01-30 09:15:46.105] [info]  Splash.onStateUpdate: {"status":"installing-updates","current":3,"total":6,"progress":8}
[2026-01-30 09:15:46.106] [info]  DiscordSplash.onStateUpdate: {"status":"installing-updates","current":3,"total":6,"progress":8}
[2026-01-30 09:15:46.107] [info]  Splash.onStateUpdate: {"status":"installing-updates","current":3,"total":6,"progress":8}
[2026-01-30 09:15:46.108] [info]  DiscordSplash.onStateUpdate: {"status":"installing-updates","current":3,"total":6,"progress":8}
[2026-01-30 09:15:46.108] [info]  Splash.onStateUpdate: {"status":"installing-updates","current":3,"total":6,"progress":8}
[2026-01-30 09:15:46.109] [info]  DiscordSplash.onStateUpdate: {"status":"installing-updates","current":3,"total":6,"progress":9}
[2026-01-30 09:15:46.109] [info]  Splash.onStateUpdate: {"status":"installing-updates","current":3,"total":6,"progress":9}
[2026-01-30 09:15:46.111] [info]  DiscordSplash.onStateUpdate: {"status":"installing-updates","current":3,"total":6,"progress":9}
[2026-01-30 09:15:46.111] [info]  Splash.onStateUpdate: {"status":"installing-updates","current":3,"total":6,"progress":9}
[2026-01-30 09:15:46.112] [info]  DiscordSplash.onStateUpdate: {"status":"installing-updates","current":3,"total":6,"progress":9}
[2026-01-30 09:15:46.113] [info]  Splash.onStateUpdate: {"status":"installing-updates","current":3,"total":6,"progress":9}
[2026-01-30 09:15:46.114] [info]  DiscordSplash.onStateUpdate: {"status":"installing-updates","current":3,"total":6,"progress":9}
[2026-01-30 09:15:46.114] [info]  Splash.onStateUpdate: {"status":"installing-updates","current":3,"total":6,"progress":9}
[2026-01-30 09:15:46.116] [info]  DiscordSplash.onStateUpdate: {"status":"installing-updates","current":3,"total":6,"progress":9}
[2026-01-30 09:15:46.116] [info]  Splash.onStateUpdate: {"status":"installing-updates","current":3,"total":6,"progress":9}
[2026-01-30 09:15:46.117] [info]  DiscordSplash.onStateUpdate: {"status":"installing-updates","current":3,"total":6,"progress":9}
[2026-01-30 09:15:46.118] [info]  Splash.onStateUpdate: {"status":"installing-updates","current":3,"total":6,"progress":9}
[2026-01-30 09:15:46.119] [info]  DiscordSplash.onStateUpdate: {"status":"installing-updates","current":3,"total":6,"progress":10}
[2026-01-30 09:15:46.119] [info]  Splash.onStateUpdate: {"status":"installing-updates","current":3,"total":6,"progress":10}
[2026-01-30 09:15:46.120] [info]  DiscordSplash.onStateUpdate: {"status":"installing-updates","current":3,"total":6,"progress":10}
[2026-01-30 09:15:46.121] [info]  Splash.onStateUpdate: {"status":"installing-updates","current":3,"total":6,"progress":10}
[2026-01-30 09:15:46.122] [info]  DiscordSplash.onStateUpdate: {"status":"installing-updates","current":3,"total":6,"progress":10}
[2026-01-30 09:15:46.122] [info]  Splash.onStateUpdate: {"status":"installing-updates","current":3,"total":6,"progress":10}
[2026-01-30 09:15:46.123] [info]  DiscordSplash.onStateUpdate: {"status":"installing-updates","current":3,"total":6,"progress":10}
[2026-01-30 09:15:46.123] [info]  Splash.onStateUpdate: {"status":"installing-updates","current":3,"total":6,"progress":10}
[2026-01-30 09:15:46.125] [info]  DiscordSplash.onStateUpdate: {"status":"installing-updates","current":3,"total":6,"progress":10}
[2026-01-30 09:15:46.125] [info]  Splash.onStateUpdate: {"status":"installing-updates","current":3,"total":6,"progress":10}
[2026-01-30 09:15:46.126] [info]  DiscordSplash.onStateUpdate: {"status":"installing-updates","current":3,"total":6,"progress":10}
[2026-01-30 09:15:46.126] [info]  Splash.onStateUpdate: {"status":"installing-updates","current":3,"total":6,"progress":10}
[2026-01-30 09:15:46.128] [info]  DiscordSplash.onStateUpdate: {"status":"installing-updates","current":3,"total":6,"progress":11}
[2026-01-30 09:15:46.128] [info]  Splash.onStateUpdate: {"status":"installing-updates","current":3,"total":6,"progress":11}
[2026-01-30 09:15:46.129] [info]  DiscordSplash.onStateUpdate: {"status":"installing-updates","current":3,"total":6,"progress":11}
[2026-01-30 09:15:46.130] [info]  Splash.onStateUpdate: {"status":"installing-updates","current":3,"total":6,"progress":11}
[2026-01-30 09:15:46.131] [info]  DiscordSplash.onStateUpdate: {"status":"installing-updates","current":3,"total":6,"progress":11}
[2026-01-30 09:15:46.131] [info]  Splash.onStateUpdate: {"status":"installing-updates","current":3,"total":6,"progress":11}
[2026-01-30 09:15:46.132] [info]  DiscordSplash.onStateUpdate: {"status":"installing-updates","current":3,"total":6,"progress":11}
[2026-01-30 09:15:46.133] [info]  Splash.onStateUpdate: {"status":"installing-updates","current":3,"total":6,"progress":11}
[2026-01-30 09:15:46.134] [info]  DiscordSplash.onStateUpdate: {"status":"installing-updates","current":3,"total":6,"progress":11}
[2026-01-30 09:15:46.134] [info]  Splash.onStateUpdate: {"status":"installing-updates","current":3,"total":6,"progress":11}
[2026-01-30 09:15:46.136] [info]  DiscordSplash.onStateUpdate: {"status":"installing-updates","current":3,"total":6,"progress":11}
[2026-01-30 09:15:46.136] [info]  Splash.onStateUpdate: {"status":"installing-updates","current":3,"total":6,"progress":11}
[2026-01-30 09:15:46.137] [info]  DiscordSplash.onStateUpdate: {"status":"installing-updates","current":3,"total":6,"progress":11}
[2026-01-30 09:15:46.137] [info]  Splash.onStateUpdate: {"status":"installing-updates","current":3,"total":6,"progress":11}
[2026-01-30 09:15:46.138] [info]  DiscordSplash.onStateUpdate: {"status":"installing-updates","current":3,"total":6,"progress":12}
[2026-01-30 09:15:46.139] [info]  Splash.onStateUpdate: {"status":"installing-updates","current":3,"total":6,"progress":12}
[2026-01-30 09:15:46.141] [info]  DiscordSplash.onStateUpdate: {"status":"installing-updates","current":3,"total":6,"progress":12}
[2026-01-30 09:15:46.142] [info]  Splash.onStateUpdate: {"status":"installing-updates","current":3,"total":6,"progress":12}
[2026-01-30 09:15:46.143] [info]  DiscordSplash.onStateUpdate: {"status":"installing-updates","current":3,"total":6,"progress":12}
[2026-01-30 09:15:46.143] [info]  Splash.onStateUpdate: {"status":"installing-updates","current":3,"total":6,"progress":12}
[2026-01-30 09:15:46.145] [info]  DiscordSplash.onStateUpdate: {"status":"installing-updates","current":3,"total":6,"progress":12}
[2026-01-30 09:15:46.145] [info]  Splash.onStateUpdate: {"status":"installing-updates","current":3,"total":6,"progress":12}
[2026-01-30 09:15:46.146] [info]  DiscordSplash.onStateUpdate: {"status":"installing-updates","current":3,"total":6,"progress":12}
[2026-01-30 09:15:46.146] [info]  Splash.onStateUpdate: {"status":"installing-updates","current":3,"total":6,"progress":12}
[2026-01-30 09:15:46.147] [info]  DiscordSplash.onStateUpdate: {"status":"installing-updates","current":3,"total":6,"progress":12}
[2026-01-30 09:15:46.147] [info]  Splash.onStateUpdate: {"status":"installing-updates","current":3,"total":6,"progress":12}
[2026-01-30 09:15:46.149] [info]  DiscordSplash.onStateUpdate: {"status":"installing-updates","current":3,"total":6,"progress":13}
[2026-01-30 09:15:46.149] [info]  Splash.onStateUpdate: {"status":"installing-updates","current":3,"total":6,"progress":13}
[2026-01-30 09:15:46.151] [info]  DiscordSplash.onStateUpdate: {"status":"installing-updates","current":3,"total":6,"progress":13}
[2026-01-30 09:15:46.152] [info]  Splash.onStateUpdate: {"status":"installing-updates","current":3,"total":6,"progress":13}
[2026-01-30 09:15:46.153] [info]  DiscordSplash.onStateUpdate: {"status":"installing-updates","current":3,"total":6,"progress":13}
[2026-01-30 09:15:46.154] [info]  Splash.onStateUpdate: {"status":"installing-updates","current":3,"total":6,"progress":13}
[2026-01-30 09:15:46.155] [info]  DiscordSplash.onStateUpdate: {"status":"installing-updates","current":3,"total":6,"progress":13}
[2026-01-30 09:15:46.155] [info]  Splash.onStateUpdate: {"status":"installing-updates","current":3,"total":6,"progress":13}
[2026-01-30 09:15:46.157] [info]  DiscordSplash.onStateUpdate: {"status":"installing-updates","current":3,"total":6,"progress":13}
[2026-01-30 09:15:46.157] [info]  Splash.onStateUpdate: {"status":"installing-updates","current":3,"total":6,"progress":13}
[2026-01-30 09:15:46.159] [info]  DiscordSplash.onStateUpdate: {"status":"installing-updates","current":3,"total":6,"progress":13}
[2026-01-30 09:15:46.159] [info]  Splash.onStateUpdate: {"status":"installing-updates","current":3,"total":6,"progress":13}
[2026-01-30 09:15:46.162] [info]  DiscordSplash.onStateUpdate: {"status":"installing-updates","current":3,"total":6,"progress":14}
[2026-01-30 09:15:46.162] [info]  Splash.onStateUpdate: {"status":"installing-updates","current":3,"total":6,"progress":14}
[2026-01-30 09:15:46.164] [info]  DiscordSplash.onStateUpdate: {"status":"installing-updates","current":3,"total":6,"progress":14}
[2026-01-30 09:15:46.164] [info]  Splash.onStateUpdate: {"status":"installing-updates","current":3,"total":6,"progress":14}
[2026-01-30 09:15:46.165] [info]  DiscordSplash.onStateUpdate: {"status":"installing-updates","current":3,"total":6,"progress":14}
[2026-01-30 09:15:46.166] [info]  Splash.onStateUpdate: {"status":"installing-updates","current":3,"total":6,"progress":14}
[2026-01-30 09:15:46.168] [info]  DiscordSplash.onStateUpdate: {"status":"installing-updates","current":3,"total":6,"progress":14}
[2026-01-30 09:15:46.168] [info]  Splash.onStateUpdate: {"status":"installing-updates","current":3,"total":6,"progress":14}
[2026-01-30 09:15:46.169] [info]  DiscordSplash.onStateUpdate: {"status":"installing-updates","current":3,"total":6,"progress":14}
[2026-01-30 09:15:46.169] [info]  Splash.onStateUpdate: {"status":"installing-updates","current":3,"total":6,"progress":14}
[2026-01-30 09:15:46.171] [info]  DiscordSplash.onStateUpdate: {"status":"installing-updates","current":3,"total":6,"progress":14}
[2026-01-30 09:15:46.171] [info]  Splash.onStateUpdate: {"status":"installing-updates","current":3,"total":6,"progress":14}
[2026-01-30 09:15:46.172] [info]  DiscordSplash.onStateUpdate: {"status":"installing-updates","current":3,"total":6,"progress":15}
[2026-01-30 09:15:46.172] [info]  Splash.onStateUpdate: {"status":"installing-updates","current":3,"total":6,"progress":15}
[2026-01-30 09:15:46.174] [info]  DiscordSplash.onStateUpdate: {"status":"installing-updates","current":3,"total":6,"progress":15}
[2026-01-30 09:15:46.174] [info]  Splash.onStateUpdate: {"status":"installing-updates","current":3,"total":6,"progress":15}
[2026-01-30 09:15:46.175] [info]  DiscordSplash.onStateUpdate: {"status":"installing-updates","current":3,"total":6,"progress":15}
[2026-01-30 09:15:46.175] [info]  Splash.onStateUpdate: {"status":"installing-updates","current":3,"total":6,"progress":15}
[2026-01-30 09:15:46.176] [info]  DiscordSplash.onStateUpdate: {"status":"installing-updates","current":3,"total":6,"progress":15}
[2026-01-30 09:15:46.176] [info]  Splash.onStateUpdate: {"status":"installing-updates","current":3,"total":6,"progress":15}
[2026-01-30 09:15:46.178] [info]  DiscordSplash.onStateUpdate: {"status":"installing-updates","current":3,"total":6,"progress":15}
[2026-01-30 09:15:46.178] [info]  Splash.onStateUpdate: {"status":"installing-updates","current":3,"total":6,"progress":15}
[2026-01-30 09:15:46.179] [info]  DiscordSplash.onStateUpdate: {"status":"installing-updates","current":3,"total":6,"progress":15}
[2026-01-30 09:15:46.179] [info]  Splash.onStateUpdate: {"status":"installing-updates","current":3,"total":6,"progress":15}
[2026-01-30 09:15:46.180] [info]  DiscordSplash.onStateUpdate: {"status":"installing-updates","current":3,"total":6,"progress":16}
[2026-01-30 09:15:46.181] [info]  Splash.onStateUpdate: {"status":"installing-updates","current":3,"total":6,"progress":16}
[2026-01-30 09:15:46.182] [info]  DiscordSplash.onStateUpdate: {"status":"installing-updates","current":3,"total":6,"progress":16}
[2026-01-30 09:15:46.182] [info]  Splash.onStateUpdate: {"status":"installing-updates","current":3,"total":6,"progress":16}
[2026-01-30 09:15:46.184] [info]  DiscordSplash.onStateUpdate: {"status":"installing-updates","current":3,"total":6,"progress":16}
[2026-01-30 09:15:46.184] [info]  Splash.onStateUpdate: {"status":"installing-updates","current":3,"total":6,"progress":16}
[2026-01-30 09:15:46.186] [info]  DiscordSplash.onStateUpdate: {"status":"installing-updates","current":3,"total":6,"progress":16}
[2026-01-30 09:15:46.186] [info]  Splash.onStateUpdate: {"status":"installing-updates","current":3,"total":6,"progress":16}
[2026-01-30 09:15:46.187] [info]  DiscordSplash.onStateUpdate: {"status":"installing-updates","current":3,"total":6,"progress":16}
[2026-01-30 09:15:46.188] [info]  Splash.onStateUpdate: {"status":"installing-updates","current":3,"total":6,"progress":16}
[2026-01-30 09:15:46.189] [info]  DiscordSplash.onStateUpdate: {"status":"installing-updates","current":3,"total":6,"progress":16}
[2026-01-30 09:15:46.189] [info]  Splash.onStateUpdate: {"status":"installing-updates","current":3,"total":6,"progress":16}
[2026-01-30 09:15:46.190] [info]  DiscordSplash.onStateUpdate: {"status":"installing-updates","current":3,"total":6,"progress":17}
[2026-01-30 09:15:46.190] [info]  Splash.onStateUpdate: {"status":"installing-updates","current":3,"total":6,"progress":17}
[2026-01-30 09:15:46.191] [info]  DiscordSplash.onStateUpdate: {"status":"installing-updates","current":3,"total":6,"progress":17}
[2026-01-30 09:15:46.192] [info]  Splash.onStateUpdate: {"status":"installing-updates","current":3,"total":6,"progress":17}
[2026-01-30 09:15:46.193] [info]  DiscordSplash.onStateUpdate: {"status":"installing-updates","current":3,"total":6,"progress":17}
[2026-01-30 09:15:46.193] [info]  Splash.onStateUpdate: {"status":"installing-updates","current":3,"total":6,"progress":17}
[2026-01-30 09:15:46.194] [info]  DiscordSplash.onStateUpdate: {"status":"installing-updates","current":3,"total":6,"progress":17}
[2026-01-30 09:15:46.194] [info]  Splash.onStateUpdate: {"status":"installing-updates","current":3,"total":6,"progress":17}
[2026-01-30 09:15:46.195] [info]  DiscordSplash.onStateUpdate: {"status":"installing-updates","current":3,"total":6,"progress":17}
[2026-01-30 09:15:46.196] [info]  Splash.onStateUpdate: {"status":"installing-updates","current":3,"total":6,"progress":17}
[2026-01-30 09:15:46.197] [info]  DiscordSplash.onStateUpdate: {"status":"installing-updates","current":3,"total":6,"progress":17}
[2026-01-30 09:15:46.197] [info]  Splash.onStateUpdate: {"status":"installing-updates","current":3,"total":6,"progress":17}
[2026-01-30 09:15:46.198] [info]  DiscordSplash.onStateUpdate: {"status":"installing-updates","current":3,"total":6,"progress":17}
[2026-01-30 09:15:46.199] [info]  Splash.onStateUpdate: {"status":"installing-updates","current":3,"total":6,"progress":17}
[2026-01-30 09:15:46.200] [info]  DiscordSplash.onStateUpdate: {"status":"installing-updates","current":3,"total":6,"progress":18}
[2026-01-30 09:15:46.200] [info]  Splash.onStateUpdate: {"status":"installing-updates","current":3,"total":6,"progress":18}
[2026-01-30 09:15:46.202] [info]  DiscordSplash.onStateUpdate: {"status":"installing-updates","current":3,"total":6,"progress":18}
[2026-01-30 09:15:46.202] [info]  Splash.onStateUpdate: {"status":"installing-updates","current":3,"total":6,"progress":18}
[2026-01-30 09:15:46.203] [info]  DiscordSplash.onStateUpdate: {"status":"installing-updates","current":3,"total":6,"progress":18}
[2026-01-30 09:15:46.203] [info]  Splash.onStateUpdate: {"status":"installing-updates","current":3,"total":6,"progress":18}
[2026-01-30 09:15:46.205] [info]  DiscordSplash.onStateUpdate: {"status":"installing-updates","current":3,"total":6,"progress":18}
[2026-01-30 09:15:46.205] [info]  Splash.onStateUpdate: {"status":"installing-updates","current":3,"total":6,"progress":18}
[2026-01-30 09:15:46.206] [info]  DiscordSplash.onStateUpdate: {"status":"installing-updates","current":3,"total":6,"progress":18}
[2026-01-30 09:15:46.206] [info]  Splash.onStateUpdate: {"status":"installing-updates","current":3,"total":6,"progress":18}
[2026-01-30 09:15:46.207] [info]  DiscordSplash.onStateUpdate: {"status":"installing-updates","current":3,"total":6,"progress":18}
[2026-01-30 09:15:46.208] [info]  Splash.onStateUpdate: {"status":"installing-updates","current":3,"total":6,"progress":18}
[2026-01-30 09:15:46.209] [info]  DiscordSplash.onStateUpdate: {"status":"installing-updates","current":3,"total":6,"progress":19}
[2026-01-30 09:15:46.209] [info]  Splash.onStateUpdate: {"status":"installing-updates","current":3,"total":6,"progress":19}
[2026-01-30 09:15:46.210] [info]  DiscordSplash.onStateUpdate: {"status":"installing-updates","current":3,"total":6,"progress":19}
[2026-01-30 09:15:46.210] [info]  Splash.onStateUpdate: {"status":"installing-updates","current":3,"total":6,"progress":19}
[2026-01-30 09:15:46.211] [info]  DiscordSplash.onStateUpdate: {"status":"installing-updates","current":3,"total":6,"progress":19}
[2026-01-30 09:15:46.212] [info]  Splash.onStateUpdate: {"status":"installing-updates","current":3,"total":6,"progress":19}
[2026-01-30 09:15:46.213] [info]  DiscordSplash.onStateUpdate: {"status":"installing-updates","current":3,"total":6,"progress":19}
[2026-01-30 09:15:46.213] [info]  Splash.onStateUpdate: {"status":"installing-updates","current":3,"total":6,"progress":19}
[2026-01-30 09:15:46.214] [info]  DiscordSplash.onStateUpdate: {"status":"installing-updates","current":3,"total":6,"progress":19}
[2026-01-30 09:15:46.214] [info]  Splash.onStateUpdate: {"status":"installing-updates","current":3,"total":6,"progress":19}
[2026-01-30 09:15:46.216] [info]  DiscordSplash.onStateUpdate: {"status":"installing-updates","current":3,"total":6,"progress":19}
[2026-01-30 09:15:46.216] [info]  Splash.onStateUpdate: {"status":"installing-updates","current":3,"total":6,"progress":19}
[2026-01-30 09:15:46.217] [info]  DiscordSplash.onStateUpdate: {"status":"installing-updates","current":3,"total":6,"progress":20}
[2026-01-30 09:15:46.218] [info]  Splash.onStateUpdate: {"status":"installing-updates","current":3,"total":6,"progress":20}
[2026-01-30 09:15:46.219] [info]  DiscordSplash.onStateUpdate: {"status":"installing-updates","current":3,"total":6,"progress":20}
[2026-01-30 09:15:46.219] [info]  Splash.onStateUpdate: {"status":"installing-updates","current":3,"total":6,"progress":20}
[2026-01-30 09:15:46.220] [info]  DiscordSplash.onStateUpdate: {"status":"installing-updates","current":3,"total":6,"progress":20}
[2026-01-30 09:15:46.221] [info]  Splash.onStateUpdate: {"status":"installing-updates","current":3,"total":6,"progress":20}
[2026-01-30 09:15:46.222] [info]  DiscordSplash.onStateUpdate: {"status":"installing-updates","current":3,"total":6,"progress":20}
[2026-01-30 09:15:46.222] [info]  Splash.onStateUpdate: {"status":"installing-updates","current":3,"total":6,"progress":20}
[2026-01-30 09:15:46.223] [info]  DiscordSplash.onStateUpdate: {"status":"installing-updates","current":3,"total":6,"progress":20}
[2026-01-30 09:15:46.223] [info]  Splash.onStateUpdate: {"status":"installing-updates","current":3,"total":6,"progress":20}
[2026-01-30 09:15:46.224] [info]  DiscordSplash.onStateUpdate: {"status":"installing-updates","current":3,"total":6,"progress":20}
[2026-01-30 09:15:46.225] [info]  Splash.onStateUpdate: {"status":"installing-updates","current":3,"total":6,"progress":20}
[2026-01-30 09:15:46.226] [info]  DiscordSplash.onStateUpdate: {"status":"installing-updates","current":3,"total":6,"progress":21}
[2026-01-30 09:15:46.226] [info]  Splash.onStateUpdate: {"status":"installing-updates","current":3,"total":6,"progress":21}
[2026-01-30 09:15:46.227] [info]  DiscordSplash.onStateUpdate: {"status":"installing-updates","current":3,"total":6,"progress":21}
[2026-01-30 09:15:46.228] [info]  Splash.onStateUpdate: {"status":"installing-updates","current":3,"total":6,"progress":21}
[2026-01-30 09:15:46.229] [info]  DiscordSplash.onStateUpdate: {"status":"installing-updates","current":3,"total":6,"progress":21}
[2026-01-30 09:15:46.229] [info]  Splash.onStateUpdate: {"status":"installing-updates","current":3,"total":6,"progress":21}
[2026-01-30 09:15:46.230] [info]  DiscordSplash.onStateUpdate: {"status":"installing-updates","current":3,"total":6,"progress":21}
[2026-01-30 09:15:46.230] [info]  Splash.onStateUpdate: {"status":"installing-updates","current":3,"total":6,"progress":21}
[2026-01-30 09:15:46.231] [info]  DiscordSplash.onStateUpdate: {"status":"installing-updates","current":3,"total":6,"progress":21}
[2026-01-30 09:15:46.231] [info]  Splash.onStateUpdate: {"status":"installing-updates","current":3,"total":6,"progress":21}
[2026-01-30 09:15:46.233] [info]  DiscordSplash.onStateUpdate: {"status":"installing-updates","current":3,"total":6,"progress":21}
[2026-01-30 09:15:46.233] [info]  Splash.onStateUpdate: {"status":"installing-updates","current":3,"total":6,"progress":21}
[2026-01-30 09:15:46.234] [info]  DiscordSplash.onStateUpdate: {"status":"installing-updates","current":3,"total":6,"progress":22}
[2026-01-30 09:15:46.235] [info]  Splash.onStateUpdate: {"status":"installing-updates","current":3,"total":6,"progress":22}
[2026-01-30 09:15:46.236] [info]  DiscordSplash.onStateUpdate: {"status":"installing-updates","current":3,"total":6,"progress":22}
[2026-01-30 09:15:46.236] [info]  Splash.onStateUpdate: {"status":"installing-updates","current":3,"total":6,"progress":22}
[2026-01-30 09:15:46.237] [info]  DiscordSplash.onStateUpdate: {"status":"installing-updates","current":3,"total":6,"progress":22}
[2026-01-30 09:15:46.237] [info]  Splash.onStateUpdate: {"status":"installing-updates","current":3,"total":6,"progress":22}
[2026-01-30 09:15:46.239] [info]  DiscordSplash.onStateUpdate: {"status":"installing-updates","current":3,"total":6,"progress":22}
[2026-01-30 09:15:46.239] [info]  Splash.onStateUpdate: {"status":"installing-updates","current":3,"total":6,"progress":22}
[2026-01-30 09:15:46.240] [info]  DiscordSplash.onStateUpdate: {"status":"installing-updates","current":3,"total":6,"progress":22}
[2026-01-30 09:15:46.240] [info]  Splash.onStateUpdate: {"status":"installing-updates","current":3,"total":6,"progress":22}
[2026-01-30 09:15:46.241] [info]  DiscordSplash.onStateUpdate: {"status":"installing-updates","current":3,"total":6,"progress":22}
[2026-01-30 09:15:46.242] [info]  Splash.onStateUpdate: {"status":"installing-updates","current":3,"total":6,"progress":22}
[2026-01-30 09:15:46.243] [info]  DiscordSplash.onStateUpdate: {"status":"installing-updates","current":3,"total":6,"progress":23}
[2026-01-30 09:15:46.243] [info]  Splash.onStateUpdate: {"status":"installing-updates","current":3,"total":6,"progress":23}
[2026-01-30 09:15:46.244] [info]  DiscordSplash.onStateUpdate: {"status":"installing-updates","current":3,"total":6,"progress":23}
[2026-01-30 09:15:46.244] [info]  Splash.onStateUpdate: {"status":"installing-updates","current":3,"total":6,"progress":23}
[2026-01-30 09:15:46.245] [info]  DiscordSplash.onStateUpdate: {"status":"installing-updates","current":3,"total":6,"progress":23}
[2026-01-30 09:15:46.246] [info]  Splash.onStateUpdate: {"status":"installing-updates","current":3,"total":6,"progress":23}
[2026-01-30 09:15:46.247] [info]  DiscordSplash.onStateUpdate: {"status":"installing-updates","current":3,"total":6,"progress":23}
[2026-01-30 09:15:46.247] [info]  Splash.onStateUpdate: {"status":"installing-updates","current":3,"total":6,"progress":23}
[2026-01-30 09:15:46.248] [info]  DiscordSplash.onStateUpdate: {"status":"installing-updates","current":3,"total":6,"progress":23}
[2026-01-30 09:15:46.248] [info]  Splash.onStateUpdate: {"status":"installing-updates","current":3,"total":6,"progress":23}
[2026-01-30 09:15:46.250] [info]  DiscordSplash.onStateUpdate: {"status":"installing-updates","current":3,"total":6,"progress":23}
[2026-01-30 09:15:46.250] [info]  Splash.onStateUpdate: {"status":"installing-updates","current":3,"total":6,"progress":23}
[2026-01-30 09:15:46.251] [info]  DiscordSplash.onStateUpdate: {"status":"installing-updates","current":3,"total":6,"progress":23}
[2026-01-30 09:15:46.252] [info]  Splash.onStateUpdate: {"status":"installing-updates","current":3,"total":6,"progress":23}
[2026-01-30 09:15:46.253] [info]  DiscordSplash.onStateUpdate: {"status":"installing-updates","current":3,"total":6,"progress":24}
[2026-01-30 09:15:46.253] [info]  Splash.onStateUpdate: {"status":"installing-updates","current":3,"total":6,"progress":24}
[2026-01-30 09:15:46.254] [info]  DiscordSplash.onStateUpdate: {"status":"installing-updates","current":3,"total":6,"progress":24}
[2026-01-30 09:15:46.254] [info]  Splash.onStateUpdate: {"status":"installing-updates","current":3,"total":6,"progress":24}
[2026-01-30 09:15:46.255] [info]  DiscordSplash.onStateUpdate: {"status":"installing-updates","current":3,"total":6,"progress":24}
[2026-01-30 09:15:46.256] [info]  Splash.onStateUpdate: {"status":"installing-updates","current":3,"total":6,"progress":24}
[2026-01-30 09:15:46.257] [info]  DiscordSplash.onStateUpdate: {"status":"installing-updates","current":3,"total":6,"progress":24}
[2026-01-30 09:15:46.257] [info]  Splash.onStateUpdate: {"status":"installing-updates","current":3,"total":6,"progress":24}
[2026-01-30 09:15:46.258] [info]  DiscordSplash.onStateUpdate: {"status":"installing-updates","current":3,"total":6,"progress":24}
[2026-01-30 09:15:46.258] [info]  Splash.onStateUpdate: {"status":"installing-updates","current":3,"total":6,"progress":24}
[2026-01-30 09:15:46.260] [info]  DiscordSplash.onStateUpdate: {"status":"installing-updates","current":3,"total":6,"progress":24}
[2026-01-30 09:15:46.260] [info]  Splash.onStateUpdate: {"status":"installing-updates","current":3,"total":6,"progress":24}
[2026-01-30 09:15:46.261] [info]  DiscordSplash.onStateUpdate: {"status":"installing-updates","current":3,"total":6,"progress":25}
[2026-01-30 09:15:46.262] [info]  Splash.onStateUpdate: {"status":"installing-updates","current":3,"total":6,"progress":25}
[2026-01-30 09:15:46.263] [info]  DiscordSplash.onStateUpdate: {"status":"installing-updates","current":3,"total":6,"progress":25}
[2026-01-30 09:15:46.264] [info]  Splash.onStateUpdate: {"status":"installing-updates","current":3,"total":6,"progress":25}
[2026-01-30 09:15:46.265] [info]  DiscordSplash.onStateUpdate: {"status":"installing-updates","current":3,"total":6,"progress":25}
[2026-01-30 09:15:46.265] [info]  Splash.onStateUpdate: {"status":"installing-updates","current":3,"total":6,"progress":25}
[2026-01-30 09:15:46.268] [info]  DiscordSplash.onStateUpdate: {"status":"installing-updates","current":3,"total":6,"progress":25}
[2026-01-30 09:15:46.268] [info]  Splash.onStateUpdate: {"status":"installing-updates","current":3,"total":6,"progress":25}
[2026-01-30 09:15:46.269] [info]  DiscordSplash.onStateUpdate: {"status":"installing-updates","current":3,"total":6,"progress":25}
[2026-01-30 09:15:46.270] [info]  Splash.onStateUpdate: {"status":"installing-updates","current":3,"total":6,"progress":25}
[2026-01-30 09:15:46.271] [info]  DiscordSplash.onStateUpdate: {"status":"installing-updates","current":3,"total":6,"progress":25}
[2026-01-30 09:15:46.271] [info]  Splash.onStateUpdate: {"status":"installing-updates","current":3,"total":6,"progress":25}
[2026-01-30 09:15:46.272] [info]  DiscordSplash.onStateUpdate: {"status":"installing-updates","current":3,"total":6,"progress":26}
[2026-01-30 09:15:46.272] [info]  Splash.onStateUpdate: {"status":"installing-updates","current":3,"total":6,"progress":26}
[2026-01-30 09:15:46.274] [info]  DiscordSplash.onStateUpdate: {"status":"installing-updates","current":3,"total":6,"progress":26}
[2026-01-30 09:15:46.274] [info]  Splash.onStateUpdate: {"status":"installing-updates","current":3,"total":6,"progress":26}
[2026-01-30 09:15:46.275] [info]  DiscordSplash.onStateUpdate: {"status":"installing-updates","current":3,"total":6,"progress":26}
[2026-01-30 09:15:46.276] [info]  Splash.onStateUpdate: {"status":"installing-updates","current":3,"total":6,"progress":26}
[2026-01-30 09:15:46.277] [info]  DiscordSplash.onStateUpdate: {"status":"installing-updates","current":3,"total":6,"progress":26}
[2026-01-30 09:15:46.278] [info]  Splash.onStateUpdate: {"status":"installing-updates","current":3,"total":6,"progress":26}
[2026-01-30 09:15:46.279] [info]  DiscordSplash.onStateUpdate: {"status":"installing-updates","current":3,"total":6,"progress":26}
[2026-01-30 09:15:46.280] [info]  Splash.onStateUpdate: {"status":"installing-updates","current":3,"total":6,"progress":26}
[2026-01-30 09:15:46.281] [info]  DiscordSplash.onStateUpdate: {"status":"installing-updates","current":3,"total":6,"progress":26}
[2026-01-30 09:15:46.281] [info]  Splash.onStateUpdate: {"status":"installing-updates","current":3,"total":6,"progress":26}
[2026-01-30 09:15:46.283] [info]  DiscordSplash.onStateUpdate: {"status":"installing-updates","current":3,"total":6,"progress":27}
[2026-01-30 09:15:46.283] [info]  Splash.onStateUpdate: {"status":"installing-updates","current":3,"total":6,"progress":27}
[2026-01-30 09:15:46.284] [info]  DiscordSplash.onStateUpdate: {"status":"installing-updates","current":3,"total":6,"progress":27}
[2026-01-30 09:15:46.284] [info]  Splash.onStateUpdate: {"status":"installing-updates","current":3,"total":6,"progress":27}
[2026-01-30 09:15:46.285] [info]  DiscordSplash.onStateUpdate: {"status":"installing-updates","current":3,"total":6,"progress":27}
[2026-01-30 09:15:46.286] [info]  Splash.onStateUpdate: {"status":"installing-updates","current":3,"total":6,"progress":27}
[2026-01-30 09:15:46.287] [info]  DiscordSplash.onStateUpdate: {"status":"installing-updates","current":3,"total":6,"progress":27}
[2026-01-30 09:15:46.287] [info]  Splash.onStateUpdate: {"status":"installing-updates","current":3,"total":6,"progress":27}
[2026-01-30 09:15:46.289] [info]  DiscordSplash.onStateUpdate: {"status":"installing-updates","current":3,"total":6,"progress":27}
[2026-01-30 09:15:46.289] [info]  Splash.onStateUpdate: {"status":"installing-updates","current":3,"total":6,"progress":27}
[2026-01-30 09:15:46.290] [info]  DiscordSplash.onStateUpdate: {"status":"installing-updates","current":3,"total":6,"progress":27}
[2026-01-30 09:15:46.290] [info]  Splash.onStateUpdate: {"status":"installing-updates","current":3,"total":6,"progress":27}
[2026-01-30 09:15:46.292] [info]  DiscordSplash.onStateUpdate: {"status":"installing-updates","current":3,"total":6,"progress":28}
[2026-01-30 09:15:46.292] [info]  Splash.onStateUpdate: {"status":"installing-updates","current":3,"total":6,"progress":28}
[2026-01-30 09:15:46.294] [info]  DiscordSplash.onStateUpdate: {"status":"installing-updates","current":3,"total":6,"progress":28}
[2026-01-30 09:15:46.294] [info]  Splash.onStateUpdate: {"status":"installing-updates","current":3,"total":6,"progress":28}
[2026-01-30 09:15:46.295] [info]  DiscordSplash.onStateUpdate: {"status":"installing-updates","current":3,"total":6,"progress":28}
[2026-01-30 09:15:46.296] [info]  Splash.onStateUpdate: {"status":"installing-updates","current":3,"total":6,"progress":28}
[2026-01-30 09:15:46.297] [info]  DiscordSplash.onStateUpdate: {"status":"installing-updates","current":3,"total":6,"progress":28}
[2026-01-30 09:15:46.297] [info]  Splash.onStateUpdate: {"status":"installing-updates","current":3,"total":6,"progress":28}
[2026-01-30 09:15:46.298] [info]  DiscordSplash.onStateUpdate: {"status":"installing-updates","current":3,"total":6,"progress":28}
[2026-01-30 09:15:46.299] [info]  Splash.onStateUpdate: {"status":"installing-updates","current":3,"total":6,"progress":28}
[2026-01-30 09:15:46.300] [info]  DiscordSplash.onStateUpdate: {"status":"installing-updates","current":3,"total":6,"progress":28}
[2026-01-30 09:15:46.300] [info]  Splash.onStateUpdate: {"status":"installing-updates","current":3,"total":6,"progress":28}
[2026-01-30 09:15:46.301] [info]  DiscordSplash.onStateUpdate: {"status":"installing-updates","current":3,"total":6,"progress":29}
[2026-01-30 09:15:46.301] [info]  Splash.onStateUpdate: {"status":"installing-updates","current":3,"total":6,"progress":29}
[2026-01-30 09:15:46.302] [info]  DiscordSplash.onStateUpdate: {"status":"installing-updates","current":3,"total":6,"progress":29}
[2026-01-30 09:15:46.302] [info]  Splash.onStateUpdate: {"status":"installing-updates","current":3,"total":6,"progress":29}
[2026-01-30 09:15:46.303] [info]  DiscordSplash.onStateUpdate: {"status":"installing-updates","current":3,"total":6,"progress":29}
[2026-01-30 09:15:46.304] [info]  Splash.onStateUpdate: {"status":"installing-updates","current":3,"total":6,"progress":29}
[2026-01-30 09:15:46.305] [info]  DiscordSplash.onStateUpdate: {"status":"installing-updates","current":3,"total":6,"progress":29}
[2026-01-30 09:15:46.305] [info]  Splash.onStateUpdate: {"status":"installing-updates","current":3,"total":6,"progress":29}
[2026-01-30 09:15:46.306] [info]  DiscordSplash.onStateUpdate: {"status":"installing-updates","current":3,"total":6,"progress":29}
[2026-01-30 09:15:46.306] [info]  Splash.onStateUpdate: {"status":"installing-updates","current":3,"total":6,"progress":29}
[2026-01-30 09:15:46.307] [info]  DiscordSplash.onStateUpdate: {"status":"installing-updates","current":3,"total":6,"progress":29}
[2026-01-30 09:15:46.308] [info]  Splash.onStateUpdate: {"status":"installing-updates","current":3,"total":6,"progress":29}
[2026-01-30 09:15:46.309] [info]  DiscordSplash.onStateUpdate: {"status":"installing-updates","current":3,"total":6,"progress":29}
[2026-01-30 09:15:46.309] [info]  Splash.onStateUpdate: {"status":"installing-updates","current":3,"total":6,"progress":29}
[2026-01-30 09:15:46.311] [info]  DiscordSplash.onStateUpdate: {"status":"installing-updates","current":3,"total":6,"progress":30}
[2026-01-30 09:15:46.311] [info]  Splash.onStateUpdate: {"status":"installing-updates","current":3,"total":6,"progress":30}
[2026-01-30 09:15:46.313] [info]  DiscordSplash.onStateUpdate: {"status":"installing-updates","current":3,"total":6,"progress":30}
[2026-01-30 09:15:46.313] [info]  Splash.onStateUpdate: {"status":"installing-updates","current":3,"total":6,"progress":30}
[2026-01-30 09:15:46.314] [info]  DiscordSplash.onStateUpdate: {"status":"installing-updates","current":3,"total":6,"progress":30}
[2026-01-30 09:15:46.314] [info]  Splash.onStateUpdate: {"status":"installing-updates","current":3,"total":6,"progress":30}
[2026-01-30 09:15:46.315] [info]  DiscordSplash.onStateUpdate: {"status":"installing-updates","current":3,"total":6,"progress":30}
[2026-01-30 09:15:46.316] [info]  Splash.onStateUpdate: {"status":"installing-updates","current":3,"total":6,"progress":30}
[2026-01-30 09:15:46.317] [info]  DiscordSplash.onStateUpdate: {"status":"installing-updates","current":3,"total":6,"progress":30}
[2026-01-30 09:15:46.317] [info]  Splash.onStateUpdate: {"status":"installing-updates","current":3,"total":6,"progress":30}
[2026-01-30 09:15:46.318] [info]  DiscordSplash.onStateUpdate: {"status":"installing-updates","current":3,"total":6,"progress":30}
[2026-01-30 09:15:46.318] [info]  Splash.onStateUpdate: {"status":"installing-updates","current":3,"total":6,"progress":30}
[2026-01-30 09:15:46.319] [info]  DiscordSplash.onStateUpdate: {"status":"installing-updates","current":3,"total":6,"progress":31}
[2026-01-30 09:15:46.320] [info]  Splash.onStateUpdate: {"status":"installing-updates","current":3,"total":6,"progress":31}
[2026-01-30 09:15:46.321] [info]  DiscordSplash.onStateUpdate: {"status":"installing-updates","current":3,"total":6,"progress":31}
[2026-01-30 09:15:46.321] [info]  Splash.onStateUpdate: {"status":"installing-updates","current":3,"total":6,"progress":31}
[2026-01-30 09:15:46.322] [info]  DiscordSplash.onStateUpdate: {"status":"installing-updates","current":3,"total":6,"progress":31}
[2026-01-30 09:15:46.322] [info]  Splash.onStateUpdate: {"status":"installing-updates","current":3,"total":6,"progress":31}
[2026-01-30 09:15:46.323] [info]  DiscordSplash.onStateUpdate: {"status":"installing-updates","current":3,"total":6,"progress":31}
[2026-01-30 09:15:46.323] [info]  Splash.onStateUpdate: {"status":"installing-updates","current":3,"total":6,"progress":31}
[2026-01-30 09:15:46.325] [info]  DiscordSplash.onStateUpdate: {"status":"installing-updates","current":3,"total":6,"progress":31}
[2026-01-30 09:15:46.325] [info]  Splash.onStateUpdate: {"status":"installing-updates","current":3,"total":6,"progress":31}
[2026-01-30 09:15:46.327] [info]  DiscordSplash.onStateUpdate: {"status":"installing-updates","current":3,"total":6,"progress":31}
[2026-01-30 09:15:46.327] [info]  Splash.onStateUpdate: {"status":"installing-updates","current":3,"total":6,"progress":31}
[2026-01-30 09:15:46.329] [info]  DiscordSplash.onStateUpdate: {"status":"installing-updates","current":3,"total":6,"progress":32}
[2026-01-30 09:15:46.329] [info]  Splash.onStateUpdate: {"status":"installing-updates","current":3,"total":6,"progress":32}
[2026-01-30 09:15:46.330] [info]  DiscordSplash.onStateUpdate: {"status":"installing-updates","current":3,"total":6,"progress":32}
[2026-01-30 09:15:46.330] [info]  Splash.onStateUpdate: {"status":"installing-updates","current":3,"total":6,"progress":32}
[2026-01-30 09:15:46.331] [info]  DiscordSplash.onStateUpdate: {"status":"installing-updates","current":3,"total":6,"progress":32}
[2026-01-30 09:15:46.332] [info]  Splash.onStateUpdate: {"status":"installing-updates","current":3,"total":6,"progress":32}
[2026-01-30 09:15:46.333] [info]  DiscordSplash.onStateUpdate: {"status":"installing-updates","current":3,"total":6,"progress":32}
[2026-01-30 09:15:46.333] [info]  Splash.onStateUpdate: {"status":"installing-updates","current":3,"total":6,"progress":32}
[2026-01-30 09:15:46.334] [info]  DiscordSplash.onStateUpdate: {"status":"installing-updates","current":3,"total":6,"progress":32}
[2026-01-30 09:15:46.334] [info]  Splash.onStateUpdate: {"status":"installing-updates","current":3,"total":6,"progress":32}
[2026-01-30 09:15:46.336] [info]  DiscordSplash.onStateUpdate: {"status":"installing-updates","current":3,"total":6,"progress":32}
[2026-01-30 09:15:46.336] [info]  Splash.onStateUpdate: {"status":"installing-updates","current":3,"total":6,"progress":32}
[2026-01-30 09:15:46.337] [info]  DiscordSplash.onStateUpdate: {"status":"installing-updates","current":3,"total":6,"progress":33}
[2026-01-30 09:15:46.338] [info]  Splash.onStateUpdate: {"status":"installing-updates","current":3,"total":6,"progress":33}
[2026-01-30 09:15:46.339] [info]  DiscordSplash.onStateUpdate: {"status":"installing-updates","current":3,"total":6,"progress":33}
[2026-01-30 09:15:46.339] [info]  Splash.onStateUpdate: {"status":"installing-updates","current":3,"total":6,"progress":33}
[2026-01-30 09:15:46.341] [info]  DiscordSplash.onStateUpdate: {"status":"installing-updates","current":3,"total":6,"progress":33}
[2026-01-30 09:15:46.341] [info]  Splash.onStateUpdate: {"status":"installing-updates","current":3,"total":6,"progress":33}
[2026-01-30 09:15:46.343] [info]  DiscordSplash.onStateUpdate: {"status":"installing-updates","current":3,"total":6,"progress":33}
[2026-01-30 09:15:46.344] [info]  Splash.onStateUpdate: {"status":"installing-updates","current":3,"total":6,"progress":33}
[2026-01-30 09:15:46.345] [info]  DiscordSplash.onStateUpdate: {"status":"installing-updates","current":3,"total":6,"progress":33}
[2026-01-30 09:15:46.346] [info]  Splash.onStateUpdate: {"status":"installing-updates","current":3,"total":6,"progress":33}
[2026-01-30 09:15:46.347] [info]  DiscordSplash.onStateUpdate: {"status":"installing-updates","current":3,"total":6,"progress":33}
[2026-01-30 09:15:46.347] [info]  Splash.onStateUpdate: {"status":"installing-updates","current":3,"total":6,"progress":33}
[2026-01-30 09:15:46.349] [info]  DiscordSplash.onStateUpdate: {"status":"installing-updates","current":3,"total":6,"progress":34}
[2026-01-30 09:15:46.349] [info]  Splash.onStateUpdate: {"status":"installing-updates","current":3,"total":6,"progress":34}
[2026-01-30 09:15:46.351] [info]  DiscordSplash.onStateUpdate: {"status":"installing-updates","current":3,"total":6,"progress":34}
[2026-01-30 09:15:46.351] [info]  Splash.onStateUpdate: {"status":"installing-updates","current":3,"total":6,"progress":34}
[2026-01-30 09:15:46.352] [info]  DiscordSplash.onStateUpdate: {"status":"installing-updates","current":3,"total":6,"progress":34}
[2026-01-30 09:15:46.352] [info]  Splash.onStateUpdate: {"status":"installing-updates","current":3,"total":6,"progress":34}
[2026-01-30 09:15:46.353] [info]  DiscordSplash.onStateUpdate: {"status":"installing-updates","current":3,"total":6,"progress":34}
[2026-01-30 09:15:46.353] [info]  Splash.onStateUpdate: {"status":"installing-updates","current":3,"total":6,"progress":34}
[2026-01-30 09:15:46.354] [info]  DiscordSplash.onStateUpdate: {"status":"installing-updates","current":3,"total":6,"progress":34}
[2026-01-30 09:15:46.355] [info]  Splash.onStateUpdate: {"status":"installing-updates","current":3,"total":6,"progress":34}
[2026-01-30 09:15:46.356] [info]  DiscordSplash.onStateUpdate: {"status":"installing-updates","current":3,"total":6,"progress":34}
[2026-01-30 09:15:46.356] [info]  Splash.onStateUpdate: {"status":"installing-updates","current":3,"total":6,"progress":34}
[2026-01-30 09:15:46.357] [info]  DiscordSplash.onStateUpdate: {"status":"installing-updates","current":3,"total":6,"progress":35}
[2026-01-30 09:15:46.357] [info]  Splash.onStateUpdate: {"status":"installing-updates","current":3,"total":6,"progress":35}
[2026-01-30 09:15:46.358] [info]  DiscordSplash.onStateUpdate: {"status":"installing-updates","current":3,"total":6,"progress":35}
[2026-01-30 09:15:46.359] [info]  Splash.onStateUpdate: {"status":"installing-updates","current":3,"total":6,"progress":35}
[2026-01-30 09:15:46.360] [info]  DiscordSplash.onStateUpdate: {"status":"installing-updates","current":3,"total":6,"progress":35}
[2026-01-30 09:15:46.361] [info]  Splash.onStateUpdate: {"status":"installing-updates","current":3,"total":6,"progress":35}
[2026-01-30 09:15:46.362] [info]  DiscordSplash.onStateUpdate: {"status":"installing-updates","current":3,"total":6,"progress":35}
[2026-01-30 09:15:46.362] [info]  Splash.onStateUpdate: {"status":"installing-updates","current":3,"total":6,"progress":35}
[2026-01-30 09:15:46.363] [info]  DiscordSplash.onStateUpdate: {"status":"installing-updates","current":3,"total":6,"progress":35}
[2026-01-30 09:15:46.363] [info]  Splash.onStateUpdate: {"status":"installing-updates","current":3,"total":6,"progress":35}
[2026-01-30 09:15:46.364] [info]  DiscordSplash.onStateUpdate: {"status":"installing-updates","current":3,"total":6,"progress":35}
[2026-01-30 09:15:46.364] [info]  Splash.onStateUpdate: {"status":"installing-updates","current":3,"total":6,"progress":35}
[2026-01-30 09:15:46.365] [info]  DiscordSplash.onStateUpdate: {"status":"installing-updates","current":3,"total":6,"progress":35}
[2026-01-30 09:15:46.366] [info]  Splash.onStateUpdate: {"status":"installing-updates","current":3,"total":6,"progress":35}
[2026-01-30 09:15:46.367] [info]  DiscordSplash.onStateUpdate: {"status":"installing-updates","current":3,"total":6,"progress":36}
[2026-01-30 09:15:46.367] [info]  Splash.onStateUpdate: {"status":"installing-updates","current":3,"total":6,"progress":36}
[2026-01-30 09:15:46.368] [info]  DiscordSplash.onStateUpdate: {"status":"installing-updates","current":3,"total":6,"progress":36}
[2026-01-30 09:15:46.368] [info]  Splash.onStateUpdate: {"status":"installing-updates","current":3,"total":6,"progress":36}
[2026-01-30 09:15:46.369] [info]  DiscordSplash.onStateUpdate: {"status":"installing-updates","current":3,"total":6,"progress":36}
[2026-01-30 09:15:46.370] [info]  Splash.onStateUpdate: {"status":"installing-updates","current":3,"total":6,"progress":36}
[2026-01-30 09:15:46.371] [info]  DiscordSplash.onStateUpdate: {"status":"installing-updates","current":3,"total":6,"progress":36}
[2026-01-30 09:15:46.371] [info]  Splash.onStateUpdate: {"status":"installing-updates","current":3,"total":6,"progress":36}
[2026-01-30 09:15:46.372] [info]  DiscordSplash.onStateUpdate: {"status":"installing-updates","current":3,"total":6,"progress":36}
[2026-01-30 09:15:46.372] [info]  Splash.onStateUpdate: {"status":"installing-updates","current":3,"total":6,"progress":36}
[2026-01-30 09:15:46.373] [info]  DiscordSplash.onStateUpdate: {"status":"installing-updates","current":3,"total":6,"progress":36}
[2026-01-30 09:15:46.373] [info]  Splash.onStateUpdate: {"status":"installing-updates","current":3,"total":6,"progress":36}
[2026-01-30 09:15:46.375] [info]  DiscordSplash.onStateUpdate: {"status":"installing-updates","current":3,"total":6,"progress":37}
[2026-01-30 09:15:46.375] [info]  Splash.onStateUpdate: {"status":"installing-updates","current":3,"total":6,"progress":37}
[2026-01-30 09:15:46.377] [info]  DiscordSplash.onStateUpdate: {"status":"installing-updates","current":3,"total":6,"progress":37}
[2026-01-30 09:15:46.377] [info]  Splash.onStateUpdate: {"status":"installing-updates","current":3,"total":6,"progress":37}
[2026-01-30 09:15:46.379] [info]  DiscordSplash.onStateUpdate: {"status":"installing-updates","current":3,"total":6,"progress":37}
[2026-01-30 09:15:46.379] [info]  Splash.onStateUpdate: {"status":"installing-updates","current":3,"total":6,"progress":37}
[2026-01-30 09:15:46.380] [info]  DiscordSplash.onStateUpdate: {"status":"installing-updates","current":3,"total":6,"progress":37}
[2026-01-30 09:15:46.380] [info]  Splash.onStateUpdate: {"status":"installing-updates","current":3,"total":6,"progress":37}
[2026-01-30 09:15:46.381] [info]  DiscordSplash.onStateUpdate: {"status":"installing-updates","current":3,"total":6,"progress":37}
[2026-01-30 09:15:46.381] [info]  Splash.onStateUpdate: {"status":"installing-updates","current":3,"total":6,"progress":37}
[2026-01-30 09:15:46.382] [info]  DiscordSplash.onStateUpdate: {"status":"installing-updates","current":3,"total":6,"progress":37}
[2026-01-30 09:15:46.382] [info]  Splash.onStateUpdate: {"status":"installing-updates","current":3,"total":6,"progress":37}
[2026-01-30 09:15:46.384] [info]  DiscordSplash.onStateUpdate: {"status":"installing-updates","current":3,"total":6,"progress":38}
[2026-01-30 09:15:46.384] [info]  Splash.onStateUpdate: {"status":"installing-updates","current":3,"total":6,"progress":38}
[2026-01-30 09:15:46.385] [info]  DiscordSplash.onStateUpdate: {"status":"installing-updates","current":3,"total":6,"progress":38}
[2026-01-30 09:15:46.385] [info]  Splash.onStateUpdate: {"status":"installing-updates","current":3,"total":6,"progress":38}
[2026-01-30 09:15:46.386] [info]  DiscordSplash.onStateUpdate: {"status":"installing-updates","current":3,"total":6,"progress":38}
[2026-01-30 09:15:46.386] [info]  Splash.onStateUpdate: {"status":"installing-updates","current":3,"total":6,"progress":38}
[2026-01-30 09:15:46.388] [info]  DiscordSplash.onStateUpdate: {"status":"installing-updates","current":3,"total":6,"progress":38}
[2026-01-30 09:15:46.388] [info]  Splash.onStateUpdate: {"status":"installing-updates","current":3,"total":6,"progress":38}
[2026-01-30 09:15:46.389] [info]  DiscordSplash.onStateUpdate: {"status":"installing-updates","current":3,"total":6,"progress":38}
[2026-01-30 09:15:46.389] [info]  Splash.onStateUpdate: {"status":"installing-updates","current":3,"total":6,"progress":38}
[2026-01-30 09:15:46.390] [info]  DiscordSplash.onStateUpdate: {"status":"installing-updates","current":3,"total":6,"progress":38}
[2026-01-30 09:15:46.390] [info]  Splash.onStateUpdate: {"status":"installing-updates","current":3,"total":6,"progress":38}
[2026-01-30 09:15:46.393] [info]  DiscordSplash.onStateUpdate: {"status":"installing-updates","current":3,"total":6,"progress":39}
[2026-01-30 09:15:46.394] [info]  Splash.onStateUpdate: {"status":"installing-updates","current":3,"total":6,"progress":39}
[2026-01-30 09:15:46.395] [info]  DiscordSplash.onStateUpdate: {"status":"installing-updates","current":3,"total":6,"progress":39}
[2026-01-30 09:15:46.395] [info]  Splash.onStateUpdate: {"status":"installing-updates","current":3,"total":6,"progress":39}
[2026-01-30 09:15:46.396] [info]  DiscordSplash.onStateUpdate: {"status":"installing-updates","current":3,"total":6,"progress":39}
[2026-01-30 09:15:46.396] [info]  Splash.onStateUpdate: {"status":"installing-updates","current":3,"total":6,"progress":39}
[2026-01-30 09:15:46.397] [info]  DiscordSplash.onStateUpdate: {"status":"installing-updates","current":3,"total":6,"progress":39}
[2026-01-30 09:15:46.398] [info]  Splash.onStateUpdate: {"status":"installing-updates","current":3,"total":6,"progress":39}
[2026-01-30 09:15:46.399] [info]  DiscordSplash.onStateUpdate: {"status":"installing-updates","current":3,"total":6,"progress":39}
[2026-01-30 09:15:46.399] [info]  Splash.onStateUpdate: {"status":"installing-updates","current":3,"total":6,"progress":39}
[2026-01-30 09:15:46.400] [info]  DiscordSplash.onStateUpdate: {"status":"installing-updates","current":3,"total":6,"progress":39}
[2026-01-30 09:15:46.401] [info]  Splash.onStateUpdate: {"status":"installing-updates","current":3,"total":6,"progress":39}
[2026-01-30 09:15:46.402] [info]  DiscordSplash.onStateUpdate: {"status":"installing-updates","current":3,"total":6,"progress":40}
[2026-01-30 09:15:46.402] [info]  Splash.onStateUpdate: {"status":"installing-updates","current":3,"total":6,"progress":40}
[2026-01-30 09:15:46.403] [info]  DiscordSplash.onStateUpdate: {"status":"installing-updates","current":3,"total":6,"progress":40}
[2026-01-30 09:15:46.404] [info]  Splash.onStateUpdate: {"status":"installing-updates","current":3,"total":6,"progress":40}
[2026-01-30 09:15:46.405] [info]  DiscordSplash.onStateUpdate: {"status":"installing-updates","current":3,"total":6,"progress":40}
[2026-01-30 09:15:46.405] [info]  Splash.onStateUpdate: {"status":"installing-updates","current":3,"total":6,"progress":40}
[2026-01-30 09:15:46.407] [info]  DiscordSplash.onStateUpdate: {"status":"installing-updates","current":3,"total":6,"progress":40}
[2026-01-30 09:15:46.407] [info]  Splash.onStateUpdate: {"status":"installing-updates","current":3,"total":6,"progress":40}
[2026-01-30 09:15:46.408] [info]  DiscordSplash.onStateUpdate: {"status":"installing-updates","current":3,"total":6,"progress":40}
[2026-01-30 09:15:46.408] [info]  Splash.onStateUpdate: {"status":"installing-updates","current":3,"total":6,"progress":40}
[2026-01-30 09:15:46.410] [info]  DiscordSplash.onStateUpdate: {"status":"installing-updates","current":3,"total":6,"progress":40}
[2026-01-30 09:15:46.410] [info]  Splash.onStateUpdate: {"status":"installing-updates","current":3,"total":6,"progress":40}
[2026-01-30 09:15:46.412] [info]  DiscordSplash.onStateUpdate: {"status":"installing-updates","current":3,"total":6,"progress":41}
[2026-01-30 09:15:46.412] [info]  Splash.onStateUpdate: {"status":"installing-updates","current":3,"total":6,"progress":41}
[2026-01-30 09:15:46.413] [info]  DiscordSplash.onStateUpdate: {"status":"installing-updates","current":3,"total":6,"progress":41}
[2026-01-30 09:15:46.413] [info]  Splash.onStateUpdate: {"status":"installing-updates","current":3,"total":6,"progress":41}
[2026-01-30 09:15:46.414] [info]  DiscordSplash.onStateUpdate: {"status":"installing-updates","current":3,"total":6,"progress":41}
[2026-01-30 09:15:46.415] [info]  Splash.onStateUpdate: {"status":"installing-updates","current":3,"total":6,"progress":41}
[2026-01-30 09:15:46.416] [info]  DiscordSplash.onStateUpdate: {"status":"installing-updates","current":3,"total":6,"progress":41}
[2026-01-30 09:15:46.416] [info]  Splash.onStateUpdate: {"status":"installing-updates","current":3,"total":6,"progress":41}
[2026-01-30 09:15:46.417] [info]  DiscordSplash.onStateUpdate: {"status":"installing-updates","current":3,"total":6,"progress":41}
[2026-01-30 09:15:46.418] [info]  Splash.onStateUpdate: {"status":"installing-updates","current":3,"total":6,"progress":41}
[2026-01-30 09:15:46.419] [info]  DiscordSplash.onStateUpdate: {"status":"installing-updates","current":3,"total":6,"progress":41}
[2026-01-30 09:15:46.419] [info]  Splash.onStateUpdate: {"status":"installing-updates","current":3,"total":6,"progress":41}
[2026-01-30 09:15:46.420] [info]  DiscordSplash.onStateUpdate: {"status":"installing-updates","current":3,"total":6,"progress":41}
[2026-01-30 09:15:46.420] [info]  Splash.onStateUpdate: {"status":"installing-updates","current":3,"total":6,"progress":41}
[2026-01-30 09:15:46.421] [info]  DiscordSplash.onStateUpdate: {"status":"installing-updates","current":3,"total":6,"progress":42}
[2026-01-30 09:15:46.422] [info]  Splash.onStateUpdate: {"status":"installing-updates","current":3,"total":6,"progress":42}
[2026-01-30 09:15:46.423] [info]  DiscordSplash.onStateUpdate: {"status":"installing-updates","current":3,"total":6,"progress":42}
[2026-01-30 09:15:46.423] [info]  Splash.onStateUpdate: {"status":"installing-updates","current":3,"total":6,"progress":42}
[2026-01-30 09:15:46.424] [info]  DiscordSplash.onStateUpdate: {"status":"installing-updates","current":3,"total":6,"progress":42}
[2026-01-30 09:15:46.424] [info]  Splash.onStateUpdate: {"status":"installing-updates","current":3,"total":6,"progress":42}
[2026-01-30 09:15:46.425] [info]  DiscordSplash.onStateUpdate: {"status":"installing-updates","current":3,"total":6,"progress":42}
[2026-01-30 09:15:46.426] [info]  Splash.onStateUpdate: {"status":"installing-updates","current":3,"total":6,"progress":42}
[2026-01-30 09:15:46.427] [info]  DiscordSplash.onStateUpdate: {"status":"installing-updates","current":3,"total":6,"progress":42}
[2026-01-30 09:15:46.427] [info]  Splash.onStateUpdate: {"status":"installing-updates","current":3,"total":6,"progress":42}
[2026-01-30 09:15:46.429] [info]  DiscordSplash.onStateUpdate: {"status":"installing-updates","current":3,"total":6,"progress":42}
[2026-01-30 09:15:46.429] [info]  Splash.onStateUpdate: {"status":"installing-updates","current":3,"total":6,"progress":42}
[2026-01-30 09:15:46.430] [info]  DiscordSplash.onStateUpdate: {"status":"installing-updates","current":3,"total":6,"progress":43}
[2026-01-30 09:15:46.430] [info]  Splash.onStateUpdate: {"status":"installing-updates","current":3,"total":6,"progress":43}
[2026-01-30 09:15:46.431] [info]  DiscordSplash.onStateUpdate: {"status":"installing-updates","current":3,"total":6,"progress":43}
[2026-01-30 09:15:46.431] [info]  Splash.onStateUpdate: {"status":"installing-updates","current":3,"total":6,"progress":43}
[2026-01-30 09:15:46.433] [info]  DiscordSplash.onStateUpdate: {"status":"installing-updates","current":3,"total":6,"progress":43}
[2026-01-30 09:15:46.433] [info]  Splash.onStateUpdate: {"status":"installing-updates","current":3,"total":6,"progress":43}
[2026-01-30 09:15:46.434] [info]  DiscordSplash.onStateUpdate: {"status":"installing-updates","current":3,"total":6,"progress":43}
[2026-01-30 09:15:46.434] [info]  Splash.onStateUpdate: {"status":"installing-updates","current":3,"total":6,"progress":43}
[2026-01-30 09:15:46.435] [info]  DiscordSplash.onStateUpdate: {"status":"installing-updates","current":3,"total":6,"progress":43}
[2026-01-30 09:15:46.435] [info]  Splash.onStateUpdate: {"status":"installing-updates","current":3,"total":6,"progress":43}
[2026-01-30 09:15:46.436] [info]  DiscordSplash.onStateUpdate: {"status":"installing-updates","current":3,"total":6,"progress":43}
[2026-01-30 09:15:46.437] [info]  Splash.onStateUpdate: {"status":"installing-updates","current":3,"total":6,"progress":43}
[2026-01-30 09:15:46.438] [info]  DiscordSplash.onStateUpdate: {"status":"installing-updates","current":3,"total":6,"progress":44}
[2026-01-30 09:15:46.438] [info]  Splash.onStateUpdate: {"status":"installing-updates","current":3,"total":6,"progress":44}
[2026-01-30 09:15:46.440] [info]  DiscordSplash.onStateUpdate: {"status":"installing-updates","current":3,"total":6,"progress":44}
[2026-01-30 09:15:46.440] [info]  Splash.onStateUpdate: {"status":"installing-updates","current":3,"total":6,"progress":44}
[2026-01-30 09:15:46.442] [info]  DiscordSplash.onStateUpdate: {"status":"installing-updates","current":3,"total":6,"progress":44}
[2026-01-30 09:15:46.443] [info]  Splash.onStateUpdate: {"status":"installing-updates","current":3,"total":6,"progress":44}
[2026-01-30 09:15:46.444] [info]  DiscordSplash.onStateUpdate: {"status":"installing-updates","current":3,"total":6,"progress":44}
[2026-01-30 09:15:46.445] [info]  Splash.onStateUpdate: {"status":"installing-updates","current":3,"total":6,"progress":44}
[2026-01-30 09:15:46.447] [info]  DiscordSplash.onStateUpdate: {"status":"installing-updates","current":3,"total":6,"progress":44}
[2026-01-30 09:15:46.447] [info]  Splash.onStateUpdate: {"status":"installing-updates","current":3,"total":6,"progress":44}
[2026-01-30 09:15:46.448] [info]  DiscordSplash.onStateUpdate: {"status":"installing-updates","current":3,"total":6,"progress":44}
[2026-01-30 09:15:46.449] [info]  Splash.onStateUpdate: {"status":"installing-updates","current":3,"total":6,"progress":44}
[2026-01-30 09:15:46.450] [info]  DiscordSplash.onStateUpdate: {"status":"installing-updates","current":3,"total":6,"progress":45}
[2026-01-30 09:15:46.450] [info]  Splash.onStateUpdate: {"status":"installing-updates","current":3,"total":6,"progress":45}
[2026-01-30 09:15:46.452] [info]  DiscordSplash.onStateUpdate: {"status":"installing-updates","current":3,"total":6,"progress":45}
[2026-01-30 09:15:46.452] [info]  Splash.onStateUpdate: {"status":"installing-updates","current":3,"total":6,"progress":45}
[2026-01-30 09:15:46.454] [info]  DiscordSplash.onStateUpdate: {"status":"installing-updates","current":3,"total":6,"progress":45}
[2026-01-30 09:15:46.454] [info]  Splash.onStateUpdate: {"status":"installing-updates","current":3,"total":6,"progress":45}
[2026-01-30 09:15:46.455] [info]  DiscordSplash.onStateUpdate: {"status":"installing-updates","current":3,"total":6,"progress":45}
[2026-01-30 09:15:46.455] [info]  Splash.onStateUpdate: {"status":"installing-updates","current":3,"total":6,"progress":45}
[2026-01-30 09:15:46.456] [info]  DiscordSplash.onStateUpdate: {"status":"installing-updates","current":3,"total":6,"progress":45}
[2026-01-30 09:15:46.457] [info]  Splash.onStateUpdate: {"status":"installing-updates","current":3,"total":6,"progress":45}
[2026-01-30 09:15:46.458] [info]  DiscordSplash.onStateUpdate: {"status":"installing-updates","current":3,"total":6,"progress":45}
[2026-01-30 09:15:46.458] [info]  Splash.onStateUpdate: {"status":"installing-updates","current":3,"total":6,"progress":45}
[2026-01-30 09:15:46.460] [info]  DiscordSplash.onStateUpdate: {"status":"installing-updates","current":3,"total":6,"progress":46}
[2026-01-30 09:15:46.460] [info]  Splash.onStateUpdate: {"status":"installing-updates","current":3,"total":6,"progress":46}
[2026-01-30 09:15:46.462] [info]  DiscordSplash.onStateUpdate: {"status":"installing-updates","current":3,"total":6,"progress":46}
[2026-01-30 09:15:46.462] [info]  Splash.onStateUpdate: {"status":"installing-updates","current":3,"total":6,"progress":46}
[2026-01-30 09:15:46.463] [info]  DiscordSplash.onStateUpdate: {"status":"installing-updates","current":3,"total":6,"progress":46}
[2026-01-30 09:15:46.463] [info]  Splash.onStateUpdate: {"status":"installing-updates","current":3,"total":6,"progress":46}
[2026-01-30 09:15:46.465] [info]  DiscordSplash.onStateUpdate: {"status":"installing-updates","current":3,"total":6,"progress":46}
[2026-01-30 09:15:46.465] [info]  Splash.onStateUpdate: {"status":"installing-updates","current":3,"total":6,"progress":46}
[2026-01-30 09:15:46.467] [info]  DiscordSplash.onStateUpdate: {"status":"installing-updates","current":3,"total":6,"progress":46}
[2026-01-30 09:15:46.467] [info]  Splash.onStateUpdate: {"status":"installing-updates","current":3,"total":6,"progress":46}
[2026-01-30 09:15:46.468] [info]  DiscordSplash.onStateUpdate: {"status":"installing-updates","current":3,"total":6,"progress":46}
[2026-01-30 09:15:46.468] [info]  Splash.onStateUpdate: {"status":"installing-updates","current":3,"total":6,"progress":46}
[2026-01-30 09:15:46.469] [info]  DiscordSplash.onStateUpdate: {"status":"installing-updates","current":3,"total":6,"progress":47}
[2026-01-30 09:15:46.469] [info]  Splash.onStateUpdate: {"status":"installing-updates","current":3,"total":6,"progress":47}
[2026-01-30 09:15:46.470] [info]  DiscordSplash.onStateUpdate: {"status":"installing-updates","current":3,"total":6,"progress":47}
[2026-01-30 09:15:46.471] [info]  Splash.onStateUpdate: {"status":"installing-updates","current":3,"total":6,"progress":47}
[2026-01-30 09:15:46.472] [info]  DiscordSplash.onStateUpdate: {"status":"installing-updates","current":3,"total":6,"progress":47}
[2026-01-30 09:15:46.472] [info]  Splash.onStateUpdate: {"status":"installing-updates","current":3,"total":6,"progress":47}
[2026-01-30 09:15:46.473] [info]  DiscordSplash.onStateUpdate: {"status":"installing-updates","current":3,"total":6,"progress":47}
[2026-01-30 09:15:46.473] [info]  Splash.onStateUpdate: {"status":"installing-updates","current":3,"total":6,"progress":47}
[2026-01-30 09:15:46.475] [info]  DiscordSplash.onStateUpdate: {"status":"installing-updates","current":3,"total":6,"progress":47}
[2026-01-30 09:15:46.475] [info]  Splash.onStateUpdate: {"status":"installing-updates","current":3,"total":6,"progress":47}
[2026-01-30 09:15:46.477] [info]  DiscordSplash.onStateUpdate: {"status":"installing-updates","current":3,"total":6,"progress":47}
[2026-01-30 09:15:46.477] [info]  Splash.onStateUpdate: {"status":"installing-updates","current":3,"total":6,"progress":47}
[2026-01-30 09:15:46.479] [info]  DiscordSplash.onStateUpdate: {"status":"installing-updates","current":3,"total":6,"progress":47}
[2026-01-30 09:15:46.479] [info]  Splash.onStateUpdate: {"status":"installing-updates","current":3,"total":6,"progress":47}
[2026-01-30 09:15:46.480] [info]  DiscordSplash.onStateUpdate: {"status":"installing-updates","current":3,"total":6,"progress":48}
[2026-01-30 09:15:46.481] [info]  Splash.onStateUpdate: {"status":"installing-updates","current":3,"total":6,"progress":48}
[2026-01-30 09:15:46.482] [info]  DiscordSplash.onStateUpdate: {"status":"installing-updates","current":3,"total":6,"progress":48}
[2026-01-30 09:15:46.483] [info]  Splash.onStateUpdate: {"status":"installing-updates","current":3,"total":6,"progress":48}
[2026-01-30 09:15:46.484] [info]  DiscordSplash.onStateUpdate: {"status":"installing-updates","current":3,"total":6,"progress":48}
[2026-01-30 09:15:46.484] [info]  Splash.onStateUpdate: {"status":"installing-updates","current":3,"total":6,"progress":48}
[2026-01-30 09:15:46.485] [info]  DiscordSplash.onStateUpdate: {"status":"installing-updates","current":3,"total":6,"progress":48}
[2026-01-30 09:15:46.486] [info]  Splash.onStateUpdate: {"status":"installing-updates","current":3,"total":6,"progress":48}
[2026-01-30 09:15:46.487] [info]  DiscordSplash.onStateUpdate: {"status":"installing-updates","current":3,"total":6,"progress":48}
[2026-01-30 09:15:46.488] [info]  Splash.onStateUpdate: {"status":"installing-updates","current":3,"total":6,"progress":48}
[2026-01-30 09:15:46.489] [info]  DiscordSplash.onStateUpdate: {"status":"installing-updates","current":3,"total":6,"progress":48}
[2026-01-30 09:15:46.489] [info]  Splash.onStateUpdate: {"status":"installing-updates","current":3,"total":6,"progress":48}
[2026-01-30 09:15:46.491] [info]  DiscordSplash.onStateUpdate: {"status":"installing-updates","current":3,"total":6,"progress":49}
[2026-01-30 09:15:46.491] [info]  Splash.onStateUpdate: {"status":"installing-updates","current":3,"total":6,"progress":49}
[2026-01-30 09:15:46.493] [info]  DiscordSplash.onStateUpdate: {"status":"installing-updates","current":3,"total":6,"progress":49}
[2026-01-30 09:15:46.493] [info]  Splash.onStateUpdate: {"status":"installing-updates","current":3,"total":6,"progress":49}
[2026-01-30 09:15:46.495] [info]  DiscordSplash.onStateUpdate: {"status":"installing-updates","current":3,"total":6,"progress":49}
[2026-01-30 09:15:46.495] [info]  Splash.onStateUpdate: {"status":"installing-updates","current":3,"total":6,"progress":49}
[2026-01-30 09:15:46.497] [info]  DiscordSplash.onStateUpdate: {"status":"installing-updates","current":3,"total":6,"progress":49}
[2026-01-30 09:15:46.497] [info]  Splash.onStateUpdate: {"status":"installing-updates","current":3,"total":6,"progress":49}
[2026-01-30 09:15:46.498] [info]  DiscordSplash.onStateUpdate: {"status":"installing-updates","current":3,"total":6,"progress":49}
[2026-01-30 09:15:46.499] [info]  Splash.onStateUpdate: {"status":"installing-updates","current":3,"total":6,"progress":49}
[2026-01-30 09:15:46.500] [info]  DiscordSplash.onStateUpdate: {"status":"installing-updates","current":3,"total":6,"progress":49}
[2026-01-30 09:15:46.500] [info]  Splash.onStateUpdate: {"status":"installing-updates","current":3,"total":6,"progress":49}
[2026-01-30 09:15:46.501] [info]  DiscordSplash.onStateUpdate: {"status":"installing-updates","current":3,"total":6,"progress":50}
[2026-01-30 09:15:46.501] [info]  Splash.onStateUpdate: {"status":"installing-updates","current":3,"total":6,"progress":50}
[2026-01-30 09:15:46.502] [info]  DiscordSplash.onStateUpdate: {"status":"installing-updates","current":3,"total":6,"progress":50}
[2026-01-30 09:15:46.503] [info]  Splash.onStateUpdate: {"status":"installing-updates","current":3,"total":6,"progress":50}
[2026-01-30 09:15:46.504] [info]  DiscordSplash.onStateUpdate: {"status":"installing-updates","current":3,"total":6,"progress":50}
[2026-01-30 09:15:46.504] [info]  Splash.onStateUpdate: {"status":"installing-updates","current":3,"total":6,"progress":50}
[2026-01-30 09:15:46.505] [info]  DiscordSplash.onStateUpdate: {"status":"installing-updates","current":3,"total":6,"progress":50}
[2026-01-30 09:15:46.505] [info]  Splash.onStateUpdate: {"status":"installing-updates","current":3,"total":6,"progress":50}
[2026-01-30 09:15:46.506] [info]  DiscordSplash.onStateUpdate: {"status":"installing-updates","current":3,"total":6,"progress":50}
[2026-01-30 09:15:46.507] [info]  Splash.onStateUpdate: {"status":"installing-updates","current":3,"total":6,"progress":50}
[2026-01-30 09:15:46.508] [info]  DiscordSplash.onStateUpdate: {"status":"installing-updates","current":3,"total":6,"progress":50}
[2026-01-30 09:15:46.508] [info]  Splash.onStateUpdate: {"status":"installing-updates","current":3,"total":6,"progress":50}
[2026-01-30 09:15:46.509] [info]  DiscordSplash.onStateUpdate: {"status":"installing-updates","current":3,"total":6,"progress":51}
[2026-01-30 09:15:46.510] [info]  Splash.onStateUpdate: {"status":"installing-updates","current":3,"total":6,"progress":51}
[2026-01-30 09:15:46.511] [info]  DiscordSplash.onStateUpdate: {"status":"installing-updates","current":3,"total":6,"progress":51}
[2026-01-30 09:15:46.512] [info]  Splash.onStateUpdate: {"status":"installing-updates","current":3,"total":6,"progress":51}
[2026-01-30 09:15:46.513] [info]  DiscordSplash.onStateUpdate: {"status":"installing-updates","current":3,"total":6,"progress":51}
[2026-01-30 09:15:46.513] [info]  Splash.onStateUpdate: {"status":"installing-updates","current":3,"total":6,"progress":51}
[2026-01-30 09:15:46.515] [info]  DiscordSplash.onStateUpdate: {"status":"installing-updates","current":3,"total":6,"progress":51}
[2026-01-30 09:15:46.515] [info]  Splash.onStateUpdate: {"status":"installing-updates","current":3,"total":6,"progress":51}
[2026-01-30 09:15:46.516] [info]  DiscordSplash.onStateUpdate: {"status":"installing-updates","current":3,"total":6,"progress":51}
[2026-01-30 09:15:46.516] [info]  Splash.onStateUpdate: {"status":"installing-updates","current":3,"total":6,"progress":51}
[2026-01-30 09:15:46.517] [info]  DiscordSplash.onStateUpdate: {"status":"installing-updates","current":3,"total":6,"progress":51}
[2026-01-30 09:15:46.518] [info]  Splash.onStateUpdate: {"status":"installing-updates","current":3,"total":6,"progress":51}
[2026-01-30 09:15:46.519] [info]  DiscordSplash.onStateUpdate: {"status":"installing-updates","current":3,"total":6,"progress":52}
[2026-01-30 09:15:46.519] [info]  Splash.onStateUpdate: {"status":"installing-updates","current":3,"total":6,"progress":52}
[2026-01-30 09:15:46.520] [info]  DiscordSplash.onStateUpdate: {"status":"installing-updates","current":3,"total":6,"progress":52}
[2026-01-30 09:15:46.520] [info]  Splash.onStateUpdate: {"status":"installing-updates","current":3,"total":6,"progress":52}
[2026-01-30 09:15:46.521] [info]  DiscordSplash.onStateUpdate: {"status":"installing-updates","current":3,"total":6,"progress":52}
[2026-01-30 09:15:46.522] [info]  Splash.onStateUpdate: {"status":"installing-updates","current":3,"total":6,"progress":52}
[2026-01-30 09:15:46.523] [info]  DiscordSplash.onStateUpdate: {"status":"installing-updates","current":3,"total":6,"progress":52}
[2026-01-30 09:15:46.523] [info]  Splash.onStateUpdate: {"status":"installing-updates","current":3,"total":6,"progress":52}
[2026-01-30 09:15:46.524] [info]  DiscordSplash.onStateUpdate: {"status":"installing-updates","current":3,"total":6,"progress":52}
[2026-01-30 09:15:46.525] [info]  Splash.onStateUpdate: {"status":"installing-updates","current":3,"total":6,"progress":52}
[2026-01-30 09:15:46.528] [info]  DiscordSplash.onStateUpdate: {"status":"installing-updates","current":3,"total":6,"progress":52}
[2026-01-30 09:15:46.528] [info]  Splash.onStateUpdate: {"status":"installing-updates","current":3,"total":6,"progress":52}
[2026-01-30 09:15:46.529] [info]  DiscordSplash.onStateUpdate: {"status":"installing-updates","current":3,"total":6,"progress":52}
[2026-01-30 09:15:46.530] [info]  Splash.onStateUpdate: {"status":"installing-updates","current":3,"total":6,"progress":52}
[2026-01-30 09:15:46.531] [info]  DiscordSplash.onStateUpdate: {"status":"installing-updates","current":3,"total":6,"progress":53}
[2026-01-30 09:15:46.531] [info]  Splash.onStateUpdate: {"status":"installing-updates","current":3,"total":6,"progress":53}
[2026-01-30 09:15:46.532] [info]  DiscordSplash.onStateUpdate: {"status":"installing-updates","current":3,"total":6,"progress":53}
[2026-01-30 09:15:46.532] [info]  Splash.onStateUpdate: {"status":"installing-updates","current":3,"total":6,"progress":53}
[2026-01-30 09:15:46.534] [info]  DiscordSplash.onStateUpdate: {"status":"installing-updates","current":3,"total":6,"progress":53}
[2026-01-30 09:15:46.534] [info]  Splash.onStateUpdate: {"status":"installing-updates","current":3,"total":6,"progress":53}
[2026-01-30 09:15:46.535] [info]  DiscordSplash.onStateUpdate: {"status":"installing-updates","current":3,"total":6,"progress":53}
[2026-01-30 09:15:46.535] [info]  Splash.onStateUpdate: {"status":"installing-updates","current":3,"total":6,"progress":53}
[2026-01-30 09:15:46.536] [info]  DiscordSplash.onStateUpdate: {"status":"installing-updates","current":3,"total":6,"progress":53}
[2026-01-30 09:15:46.537] [info]  Splash.onStateUpdate: {"status":"installing-updates","current":3,"total":6,"progress":53}
[2026-01-30 09:15:46.538] [info]  DiscordSplash.onStateUpdate: {"status":"installing-updates","current":3,"total":6,"progress":53}
[2026-01-30 09:15:46.538] [info]  Splash.onStateUpdate: {"status":"installing-updates","current":3,"total":6,"progress":53}
[2026-01-30 09:15:46.540] [info]  DiscordSplash.onStateUpdate: {"status":"installing-updates","current":3,"total":6,"progress":54}
[2026-01-30 09:15:46.540] [info]  Splash.onStateUpdate: {"status":"installing-updates","current":3,"total":6,"progress":54}
[2026-01-30 09:15:46.541] [info]  DiscordSplash.onStateUpdate: {"status":"installing-updates","current":3,"total":6,"progress":54}
[2026-01-30 09:15:46.541] [info]  Splash.onStateUpdate: {"status":"installing-updates","current":3,"total":6,"progress":54}
[2026-01-30 09:15:46.543] [info]  DiscordSplash.onStateUpdate: {"status":"installing-updates","current":3,"total":6,"progress":54}
[2026-01-30 09:15:46.543] [info]  Splash.onStateUpdate: {"status":"installing-updates","current":3,"total":6,"progress":54}
[2026-01-30 09:15:46.544] [info]  DiscordSplash.onStateUpdate: {"status":"installing-updates","current":3,"total":6,"progress":54}
[2026-01-30 09:15:46.545] [info]  Splash.onStateUpdate: {"status":"installing-updates","current":3,"total":6,"progress":54}
[2026-01-30 09:15:46.546] [info]  DiscordSplash.onStateUpdate: {"status":"installing-updates","current":3,"total":6,"progress":54}
[2026-01-30 09:15:46.546] [info]  Splash.onStateUpdate: {"status":"installing-updates","current":3,"total":6,"progress":54}
[2026-01-30 09:15:46.547] [info]  DiscordSplash.onStateUpdate: {"status":"installing-updates","current":3,"total":6,"progress":54}
[2026-01-30 09:15:46.547] [info]  Splash.onStateUpdate: {"status":"installing-updates","current":3,"total":6,"progress":54}
[2026-01-30 09:15:46.548] [info]  DiscordSplash.onStateUpdate: {"status":"installing-updates","current":3,"total":6,"progress":55}
[2026-01-30 09:15:46.549] [info]  Splash.onStateUpdate: {"status":"installing-updates","current":3,"total":6,"progress":55}
[2026-01-30 09:15:46.550] [info]  DiscordSplash.onStateUpdate: {"status":"installing-updates","current":3,"total":6,"progress":55}
[2026-01-30 09:15:46.550] [info]  Splash.onStateUpdate: {"status":"installing-updates","current":3,"total":6,"progress":55}
[2026-01-30 09:15:46.551] [info]  DiscordSplash.onStateUpdate: {"status":"installing-updates","current":3,"total":6,"progress":55}
[2026-01-30 09:15:46.551] [info]  Splash.onStateUpdate: {"status":"installing-updates","current":3,"total":6,"progress":55}
[2026-01-30 09:15:46.552] [info]  DiscordSplash.onStateUpdate: {"status":"installing-updates","current":3,"total":6,"progress":55}
[2026-01-30 09:15:46.553] [info]  Splash.onStateUpdate: {"status":"installing-updates","current":3,"total":6,"progress":55}
[2026-01-30 09:15:46.554] [info]  DiscordSplash.onStateUpdate: {"status":"installing-updates","current":3,"total":6,"progress":55}
[2026-01-30 09:15:46.554] [info]  Splash.onStateUpdate: {"status":"installing-updates","current":3,"total":6,"progress":55}
[2026-01-30 09:15:46.555] [info]  DiscordSplash.onStateUpdate: {"status":"installing-updates","current":3,"total":6,"progress":55}
[2026-01-30 09:15:46.555] [info]  Splash.onStateUpdate: {"status":"installing-updates","current":3,"total":6,"progress":55}
[2026-01-30 09:15:46.557] [info]  DiscordSplash.onStateUpdate: {"status":"installing-updates","current":3,"total":6,"progress":56}
[2026-01-30 09:15:46.557] [info]  Splash.onStateUpdate: {"status":"installing-updates","current":3,"total":6,"progress":56}
[2026-01-30 09:15:46.558] [info]  DiscordSplash.onStateUpdate: {"status":"installing-updates","current":3,"total":6,"progress":56}
[2026-01-30 09:15:46.558] [info]  Splash.onStateUpdate: {"status":"installing-updates","current":3,"total":6,"progress":56}
[2026-01-30 09:15:46.560] [info]  DiscordSplash.onStateUpdate: {"status":"installing-updates","current":3,"total":6,"progress":56}
[2026-01-30 09:15:46.560] [info]  Splash.onStateUpdate: {"status":"installing-updates","current":3,"total":6,"progress":56}
[2026-01-30 09:15:46.562] [info]  DiscordSplash.onStateUpdate: {"status":"installing-updates","current":3,"total":6,"progress":56}
[2026-01-30 09:15:46.562] [info]  Splash.onStateUpdate: {"status":"installing-updates","current":3,"total":6,"progress":56}
[2026-01-30 09:15:46.563] [info]  DiscordSplash.onStateUpdate: {"status":"installing-updates","current":3,"total":6,"progress":56}
[2026-01-30 09:15:46.563] [info]  Splash.onStateUpdate: {"status":"installing-updates","current":3,"total":6,"progress":56}
[2026-01-30 09:15:46.564] [info]  DiscordSplash.onStateUpdate: {"status":"installing-updates","current":3,"total":6,"progress":56}
[2026-01-30 09:15:46.564] [info]  Splash.onStateUpdate: {"status":"installing-updates","current":3,"total":6,"progress":56}
[2026-01-30 09:15:46.566] [info]  DiscordSplash.onStateUpdate: {"status":"installing-updates","current":3,"total":6,"progress":57}
[2026-01-30 09:15:46.566] [info]  Splash.onStateUpdate: {"status":"installing-updates","current":3,"total":6,"progress":57}
[2026-01-30 09:15:46.567] [info]  DiscordSplash.onStateUpdate: {"status":"installing-updates","current":3,"total":6,"progress":57}
[2026-01-30 09:15:46.568] [info]  Splash.onStateUpdate: {"status":"installing-updates","current":3,"total":6,"progress":57}
[2026-01-30 09:15:46.569] [info]  DiscordSplash.onStateUpdate: {"status":"installing-updates","current":3,"total":6,"progress":57}
[2026-01-30 09:15:46.569] [info]  Splash.onStateUpdate: {"status":"installing-updates","current":3,"total":6,"progress":57}
[2026-01-30 09:15:46.570] [info]  DiscordSplash.onStateUpdate: {"status":"installing-updates","current":3,"total":6,"progress":57}
[2026-01-30 09:15:46.570] [info]  Splash.onStateUpdate: {"status":"installing-updates","current":3,"total":6,"progress":57}
[2026-01-30 09:15:46.571] [info]  DiscordSplash.onStateUpdate: {"status":"installing-updates","current":3,"total":6,"progress":57}
[2026-01-30 09:15:46.572] [info]  Splash.onStateUpdate: {"status":"installing-updates","current":3,"total":6,"progress":57}
[2026-01-30 09:15:46.574] [info]  DiscordSplash.onStateUpdate: {"status":"installing-updates","current":3,"total":6,"progress":57}
[2026-01-30 09:15:46.574] [info]  Splash.onStateUpdate: {"status":"installing-updates","current":3,"total":6,"progress":57}
[2026-01-30 09:15:46.576] [info]  DiscordSplash.onStateUpdate: {"status":"installing-updates","current":3,"total":6,"progress":58}
[2026-01-30 09:15:46.576] [info]  Splash.onStateUpdate: {"status":"installing-updates","current":3,"total":6,"progress":58}
[2026-01-30 09:15:46.578] [info]  DiscordSplash.onStateUpdate: {"status":"installing-updates","current":3,"total":6,"progress":58}
[2026-01-30 09:15:46.578] [info]  Splash.onStateUpdate: {"status":"installing-updates","current":3,"total":6,"progress":58}
[2026-01-30 09:15:46.580] [info]  DiscordSplash.onStateUpdate: {"status":"installing-updates","current":3,"total":6,"progress":58}
[2026-01-30 09:15:46.581] [info]  Splash.onStateUpdate: {"status":"installing-updates","current":3,"total":6,"progress":58}
[2026-01-30 09:15:46.583] [info]  DiscordSplash.onStateUpdate: {"status":"installing-updates","current":3,"total":6,"progress":58}
[2026-01-30 09:15:46.583] [info]  Splash.onStateUpdate: {"status":"installing-updates","current":3,"total":6,"progress":58}
[2026-01-30 09:15:46.586] [info]  DiscordSplash.onStateUpdate: {"status":"installing-updates","current":3,"total":6,"progress":58}
[2026-01-30 09:15:46.586] [info]  Splash.onStateUpdate: {"status":"installing-updates","current":3,"total":6,"progress":58}
[2026-01-30 09:15:46.587] [info]  DiscordSplash.onStateUpdate: {"status":"installing-updates","current":3,"total":6,"progress":58}
[2026-01-30 09:15:46.588] [info]  Splash.onStateUpdate: {"status":"installing-updates","current":3,"total":6,"progress":58}
[2026-01-30 09:15:46.590] [info]  DiscordSplash.onStateUpdate: {"status":"installing-updates","current":3,"total":6,"progress":58}
[2026-01-30 09:15:46.590] [info]  Splash.onStateUpdate: {"status":"installing-updates","current":3,"total":6,"progress":58}
[2026-01-30 09:15:46.595] [info]  DiscordSplash.onStateUpdate: {"status":"installing-updates","current":3,"total":6,"progress":59}
[2026-01-30 09:15:46.596] [info]  Splash.onStateUpdate: {"status":"installing-updates","current":3,"total":6,"progress":59}
[2026-01-30 09:15:46.597] [info]  DiscordSplash.onStateUpdate: {"status":"installing-updates","current":3,"total":6,"progress":59}
[2026-01-30 09:15:46.597] [info]  Splash.onStateUpdate: {"status":"installing-updates","current":3,"total":6,"progress":59}
[2026-01-30 09:15:46.599] [info]  DiscordSplash.onStateUpdate: {"status":"installing-updates","current":3,"total":6,"progress":59}
[2026-01-30 09:15:46.599] [info]  Splash.onStateUpdate: {"status":"installing-updates","current":3,"total":6,"progress":59}
[2026-01-30 09:15:46.600] [info]  DiscordSplash.onStateUpdate: {"status":"installing-updates","current":3,"total":6,"progress":59}
[2026-01-30 09:15:46.600] [info]  Splash.onStateUpdate: {"status":"installing-updates","current":3,"total":6,"progress":59}
[2026-01-30 09:15:46.601] [info]  DiscordSplash.onStateUpdate: {"status":"installing-updates","current":3,"total":6,"progress":59}
[2026-01-30 09:15:46.602] [info]  Splash.onStateUpdate: {"status":"installing-updates","current":3,"total":6,"progress":59}
[2026-01-30 09:15:46.603] [info]  DiscordSplash.onStateUpdate: {"status":"installing-updates","current":3,"total":6,"progress":59}
[2026-01-30 09:15:46.603] [info]  Splash.onStateUpdate: {"status":"installing-updates","current":3,"total":6,"progress":59}
[2026-01-30 09:15:46.604] [info]  DiscordSplash.onStateUpdate: {"status":"installing-updates","current":3,"total":6,"progress":60}
[2026-01-30 09:15:46.604] [info]  Splash.onStateUpdate: {"status":"installing-updates","current":3,"total":6,"progress":60}
[2026-01-30 09:15:46.605] [info]  DiscordSplash.onStateUpdate: {"status":"installing-updates","current":3,"total":6,"progress":60}
[2026-01-30 09:15:46.606] [info]  Splash.onStateUpdate: {"status":"installing-updates","current":3,"total":6,"progress":60}
[2026-01-30 09:15:46.607] [info]  DiscordSplash.onStateUpdate: {"status":"installing-updates","current":3,"total":6,"progress":60}
[2026-01-30 09:15:46.607] [info]  Splash.onStateUpdate: {"status":"installing-updates","current":3,"total":6,"progress":60}
[2026-01-30 09:15:46.608] [info]  DiscordSplash.onStateUpdate: {"status":"installing-updates","current":3,"total":6,"progress":60}
[2026-01-30 09:15:46.609] [info]  Splash.onStateUpdate: {"status":"installing-updates","current":3,"total":6,"progress":60}
[2026-01-30 09:15:46.610] [info]  DiscordSplash.onStateUpdate: {"status":"installing-updates","current":3,"total":6,"progress":60}
[2026-01-30 09:15:46.611] [info]  Splash.onStateUpdate: {"status":"installing-updates","current":3,"total":6,"progress":60}
[2026-01-30 09:15:46.612] [info]  DiscordSplash.onStateUpdate: {"status":"installing-updates","current":3,"total":6,"progress":60}
[2026-01-30 09:15:46.612] [info]  Splash.onStateUpdate: {"status":"installing-updates","current":3,"total":6,"progress":60}
[2026-01-30 09:15:46.613] [info]  DiscordSplash.onStateUpdate: {"status":"installing-updates","current":3,"total":6,"progress":61}
[2026-01-30 09:15:46.613] [info]  Splash.onStateUpdate: {"status":"installing-updates","current":3,"total":6,"progress":61}
[2026-01-30 09:15:46.615] [info]  DiscordSplash.onStateUpdate: {"status":"installing-updates","current":3,"total":6,"progress":61}
[2026-01-30 09:15:46.615] [info]  Splash.onStateUpdate: {"status":"installing-updates","current":3,"total":6,"progress":61}
[2026-01-30 09:15:46.616] [info]  DiscordSplash.onStateUpdate: {"status":"installing-updates","current":3,"total":6,"progress":61}
[2026-01-30 09:15:46.617] [info]  Splash.onStateUpdate: {"status":"installing-updates","current":3,"total":6,"progress":61}
[2026-01-30 09:15:46.618] [info]  DiscordSplash.onStateUpdate: {"status":"installing-updates","current":3,"total":6,"progress":61}
[2026-01-30 09:15:46.618] [info]  Splash.onStateUpdate: {"status":"installing-updates","current":3,"total":6,"progress":61}
[2026-01-30 09:15:46.619] [info]  DiscordSplash.onStateUpdate: {"status":"installing-updates","current":3,"total":6,"progress":61}
[2026-01-30 09:15:46.619] [info]  Splash.onStateUpdate: {"status":"installing-updates","current":3,"total":6,"progress":61}
[2026-01-30 09:15:46.620] [info]  DiscordSplash.onStateUpdate: {"status":"installing-updates","current":3,"total":6,"progress":61}
[2026-01-30 09:15:46.621] [info]  Splash.onStateUpdate: {"status":"installing-updates","current":3,"total":6,"progress":61}
[2026-01-30 09:15:46.622] [info]  DiscordSplash.onStateUpdate: {"status":"installing-updates","current":3,"total":6,"progress":62}
[2026-01-30 09:15:46.622] [info]  Splash.onStateUpdate: {"status":"installing-updates","current":3,"total":6,"progress":62}
[2026-01-30 09:15:46.624] [info]  DiscordSplash.onStateUpdate: {"status":"installing-updates","current":3,"total":6,"progress":62}
[2026-01-30 09:15:46.624] [info]  Splash.onStateUpdate: {"status":"installing-updates","current":3,"total":6,"progress":62}
[2026-01-30 09:15:46.625] [info]  DiscordSplash.onStateUpdate: {"status":"installing-updates","current":3,"total":6,"progress":62}
[2026-01-30 09:15:46.625] [info]  Splash.onStateUpdate: {"status":"installing-updates","current":3,"total":6,"progress":62}
[2026-01-30 09:15:46.627] [info]  DiscordSplash.onStateUpdate: {"status":"installing-updates","current":3,"total":6,"progress":62}
[2026-01-30 09:15:46.628] [info]  Splash.onStateUpdate: {"status":"installing-updates","current":3,"total":6,"progress":62}
[2026-01-30 09:15:46.629] [info]  DiscordSplash.onStateUpdate: {"status":"installing-updates","current":3,"total":6,"progress":62}
[2026-01-30 09:15:46.629] [info]  Splash.onStateUpdate: {"status":"installing-updates","current":3,"total":6,"progress":62}
[2026-01-30 09:15:46.630] [info]  DiscordSplash.onStateUpdate: {"status":"installing-updates","current":3,"total":6,"progress":62}
[2026-01-30 09:15:46.631] [info]  Splash.onStateUpdate: {"status":"installing-updates","current":3,"total":6,"progress":62}
[2026-01-30 09:15:46.632] [info]  DiscordSplash.onStateUpdate: {"status":"installing-updates","current":3,"total":6,"progress":63}
[2026-01-30 09:15:46.632] [info]  Splash.onStateUpdate: {"status":"installing-updates","current":3,"total":6,"progress":63}
[2026-01-30 09:15:46.633] [info]  DiscordSplash.onStateUpdate: {"status":"installing-updates","current":3,"total":6,"progress":63}
[2026-01-30 09:15:46.634] [info]  Splash.onStateUpdate: {"status":"installing-updates","current":3,"total":6,"progress":63}
[2026-01-30 09:15:46.635] [info]  DiscordSplash.onStateUpdate: {"status":"installing-updates","current":3,"total":6,"progress":63}
[2026-01-30 09:15:46.635] [info]  Splash.onStateUpdate: {"status":"installing-updates","current":3,"total":6,"progress":63}
[2026-01-30 09:15:46.636] [info]  DiscordSplash.onStateUpdate: {"status":"installing-updates","current":3,"total":6,"progress":63}
[2026-01-30 09:15:46.637] [info]  Splash.onStateUpdate: {"status":"installing-updates","current":3,"total":6,"progress":63}
[2026-01-30 09:15:46.638] [info]  DiscordSplash.onStateUpdate: {"status":"installing-updates","current":3,"total":6,"progress":63}
[2026-01-30 09:15:46.638] [info]  Splash.onStateUpdate: {"status":"installing-updates","current":3,"total":6,"progress":63}
[2026-01-30 09:15:46.639] [info]  DiscordSplash.onStateUpdate: {"status":"installing-updates","current":3,"total":6,"progress":63}
[2026-01-30 09:15:46.640] [info]  Splash.onStateUpdate: {"status":"installing-updates","current":3,"total":6,"progress":63}
[2026-01-30 09:15:46.641] [info]  DiscordSplash.onStateUpdate: {"status":"installing-updates","current":3,"total":6,"progress":64}
[2026-01-30 09:15:46.641] [info]  Splash.onStateUpdate: {"status":"installing-updates","current":3,"total":6,"progress":64}
[2026-01-30 09:15:46.643] [info]  DiscordSplash.onStateUpdate: {"status":"installing-updates","current":3,"total":6,"progress":64}
[2026-01-30 09:15:46.643] [info]  Splash.onStateUpdate: {"status":"installing-updates","current":3,"total":6,"progress":64}
[2026-01-30 09:15:46.645] [info]  DiscordSplash.onStateUpdate: {"status":"installing-updates","current":3,"total":6,"progress":64}
[2026-01-30 09:15:46.645] [info]  Splash.onStateUpdate: {"status":"installing-updates","current":3,"total":6,"progress":64}
[2026-01-30 09:15:46.646] [info]  DiscordSplash.onStateUpdate: {"status":"installing-updates","current":3,"total":6,"progress":64}
[2026-01-30 09:15:46.647] [info]  Splash.onStateUpdate: {"status":"installing-updates","current":3,"total":6,"progress":64}
[2026-01-30 09:15:46.648] [info]  DiscordSplash.onStateUpdate: {"status":"installing-updates","current":3,"total":6,"progress":64}
[2026-01-30 09:15:46.648] [info]  Splash.onStateUpdate: {"status":"installing-updates","current":3,"total":6,"progress":64}
[2026-01-30 09:15:46.649] [info]  DiscordSplash.onStateUpdate: {"status":"installing-updates","current":3,"total":6,"progress":64}
[2026-01-30 09:15:46.649] [info]  Splash.onStateUpdate: {"status":"installing-updates","current":3,"total":6,"progress":64}
[2026-01-30 09:15:46.651] [info]  DiscordSplash.onStateUpdate: {"status":"installing-updates","current":3,"total":6,"progress":64}
[2026-01-30 09:15:46.651] [info]  Splash.onStateUpdate: {"status":"installing-updates","current":3,"total":6,"progress":64}
[2026-01-30 09:15:46.652] [info]  DiscordSplash.onStateUpdate: {"status":"installing-updates","current":3,"total":6,"progress":65}
[2026-01-30 09:15:46.652] [info]  Splash.onStateUpdate: {"status":"installing-updates","current":3,"total":6,"progress":65}
[2026-01-30 09:15:46.653] [info]  DiscordSplash.onStateUpdate: {"status":"installing-updates","current":3,"total":6,"progress":65}
[2026-01-30 09:15:46.654] [info]  Splash.onStateUpdate: {"status":"installing-updates","current":3,"total":6,"progress":65}
[2026-01-30 09:15:46.655] [info]  DiscordSplash.onStateUpdate: {"status":"installing-updates","current":3,"total":6,"progress":65}
[2026-01-30 09:15:46.655] [info]  Splash.onStateUpdate: {"status":"installing-updates","current":3,"total":6,"progress":65}
[2026-01-30 09:15:46.656] [info]  DiscordSplash.onStateUpdate: {"status":"installing-updates","current":3,"total":6,"progress":65}
[2026-01-30 09:15:46.657] [info]  Splash.onStateUpdate: {"status":"installing-updates","current":3,"total":6,"progress":65}
[2026-01-30 09:15:46.658] [info]  DiscordSplash.onStateUpdate: {"status":"installing-updates","current":3,"total":6,"progress":65}
[2026-01-30 09:15:46.658] [info]  Splash.onStateUpdate: {"status":"installing-updates","current":3,"total":6,"progress":65}
[2026-01-30 09:15:46.660] [info]  DiscordSplash.onStateUpdate: {"status":"installing-updates","current":3,"total":6,"progress":65}
[2026-01-30 09:15:46.661] [info]  Splash.onStateUpdate: {"status":"installing-updates","current":3,"total":6,"progress":65}
[2026-01-30 09:15:46.662] [info]  DiscordSplash.onStateUpdate: {"status":"installing-updates","current":3,"total":6,"progress":66}
[2026-01-30 09:15:46.662] [info]  Splash.onStateUpdate: {"status":"installing-updates","current":3,"total":6,"progress":66}
[2026-01-30 09:15:46.663] [info]  DiscordSplash.onStateUpdate: {"status":"installing-updates","current":3,"total":6,"progress":66}
[2026-01-30 09:15:46.664] [info]  Splash.onStateUpdate: {"status":"installing-updates","current":3,"total":6,"progress":66}
[2026-01-30 09:15:46.665] [info]  DiscordSplash.onStateUpdate: {"status":"installing-updates","current":3,"total":6,"progress":66}
[2026-01-30 09:15:46.665] [info]  Splash.onStateUpdate: {"status":"installing-updates","current":3,"total":6,"progress":66}
[2026-01-30 09:15:46.666] [info]  DiscordSplash.onStateUpdate: {"status":"installing-updates","current":3,"total":6,"progress":66}
[2026-01-30 09:15:46.667] [info]  Splash.onStateUpdate: {"status":"installing-updates","current":3,"total":6,"progress":66}
[2026-01-30 09:15:46.668] [info]  DiscordSplash.onStateUpdate: {"status":"installing-updates","current":3,"total":6,"progress":66}
[2026-01-30 09:15:46.668] [info]  Splash.onStateUpdate: {"status":"installing-updates","current":3,"total":6,"progress":66}
[2026-01-30 09:15:46.669] [info]  DiscordSplash.onStateUpdate: {"status":"installing-updates","current":3,"total":6,"progress":66}
[2026-01-30 09:15:46.669] [info]  Splash.onStateUpdate: {"status":"installing-updates","current":3,"total":6,"progress":66}
[2026-01-30 09:15:46.670] [info]  DiscordSplash.onStateUpdate: {"status":"installing-updates","current":3,"total":6,"progress":67}
[2026-01-30 09:15:46.670] [info]  Splash.onStateUpdate: {"status":"installing-updates","current":3,"total":6,"progress":67}
[2026-01-30 09:15:46.671] [info]  DiscordSplash.onStateUpdate: {"status":"installing-updates","current":3,"total":6,"progress":67}
[2026-01-30 09:15:46.671] [info]  Splash.onStateUpdate: {"status":"installing-updates","current":3,"total":6,"progress":67}
[2026-01-30 09:15:46.672] [info]  DiscordSplash.onStateUpdate: {"status":"installing-updates","current":3,"total":6,"progress":67}
[2026-01-30 09:15:46.673] [info]  Splash.onStateUpdate: {"status":"installing-updates","current":3,"total":6,"progress":67}
[2026-01-30 09:15:46.673] [info]  DiscordSplash.onStateUpdate: {"status":"installing-updates","current":3,"total":6,"progress":67}
[2026-01-30 09:15:46.674] [info]  Splash.onStateUpdate: {"status":"installing-updates","current":3,"total":6,"progress":67}
[2026-01-30 09:15:46.675] [info]  DiscordSplash.onStateUpdate: {"status":"installing-updates","current":3,"total":6,"progress":67}
[2026-01-30 09:15:46.675] [info]  Splash.onStateUpdate: {"status":"installing-updates","current":3,"total":6,"progress":67}
[2026-01-30 09:15:46.677] [info]  DiscordSplash.onStateUpdate: {"status":"installing-updates","current":3,"total":6,"progress":67}
[2026-01-30 09:15:46.677] [info]  Splash.onStateUpdate: {"status":"installing-updates","current":3,"total":6,"progress":67}
[2026-01-30 09:15:46.678] [info]  DiscordSplash.onStateUpdate: {"status":"installing-updates","current":3,"total":6,"progress":68}
[2026-01-30 09:15:46.679] [info]  Splash.onStateUpdate: {"status":"installing-updates","current":3,"total":6,"progress":68}
[2026-01-30 09:15:46.680] [info]  DiscordSplash.onStateUpdate: {"status":"installing-updates","current":3,"total":6,"progress":68}
[2026-01-30 09:15:46.680] [info]  Splash.onStateUpdate: {"status":"installing-updates","current":3,"total":6,"progress":68}
[2026-01-30 09:15:46.681] [info]  DiscordSplash.onStateUpdate: {"status":"installing-updates","current":3,"total":6,"progress":68}
[2026-01-30 09:15:46.681] [info]  Splash.onStateUpdate: {"status":"installing-updates","current":3,"total":6,"progress":68}
[2026-01-30 09:15:46.682] [info]  DiscordSplash.onStateUpdate: {"status":"installing-updates","current":3,"total":6,"progress":68}
[2026-01-30 09:15:46.682] [info]  Splash.onStateUpdate: {"status":"installing-updates","current":3,"total":6,"progress":68}
[2026-01-30 09:15:46.683] [info]  DiscordSplash.onStateUpdate: {"status":"installing-updates","current":3,"total":6,"progress":68}
[2026-01-30 09:15:46.684] [info]  Splash.onStateUpdate: {"status":"installing-updates","current":3,"total":6,"progress":68}
[2026-01-30 09:15:46.685] [info]  DiscordSplash.onStateUpdate: {"status":"installing-updates","current":3,"total":6,"progress":68}
[2026-01-30 09:15:46.685] [info]  Splash.onStateUpdate: {"status":"installing-updates","current":3,"total":6,"progress":68}
[2026-01-30 09:15:46.686] [info]  DiscordSplash.onStateUpdate: {"status":"installing-updates","current":3,"total":6,"progress":69}
[2026-01-30 09:15:46.686] [info]  Splash.onStateUpdate: {"status":"installing-updates","current":3,"total":6,"progress":69}
[2026-01-30 09:15:46.687] [info]  DiscordSplash.onStateUpdate: {"status":"installing-updates","current":3,"total":6,"progress":69}
[2026-01-30 09:15:46.687] [info]  Splash.onStateUpdate: {"status":"installing-updates","current":3,"total":6,"progress":69}
[2026-01-30 09:15:46.688] [info]  DiscordSplash.onStateUpdate: {"status":"installing-updates","current":3,"total":6,"progress":69}
[2026-01-30 09:15:46.689] [info]  Splash.onStateUpdate: {"status":"installing-updates","current":3,"total":6,"progress":69}
[2026-01-30 09:15:46.690] [info]  DiscordSplash.onStateUpdate: {"status":"installing-updates","current":3,"total":6,"progress":69}
[2026-01-30 09:15:46.690] [info]  Splash.onStateUpdate: {"status":"installing-updates","current":3,"total":6,"progress":69}
[2026-01-30 09:15:46.691] [info]  DiscordSplash.onStateUpdate: {"status":"installing-updates","current":3,"total":6,"progress":69}
[2026-01-30 09:15:46.691] [info]  Splash.onStateUpdate: {"status":"installing-updates","current":3,"total":6,"progress":69}
[2026-01-30 09:15:46.692] [info]  DiscordSplash.onStateUpdate: {"status":"installing-updates","current":3,"total":6,"progress":69}
[2026-01-30 09:15:46.693] [info]  Splash.onStateUpdate: {"status":"installing-updates","current":3,"total":6,"progress":69}
[2026-01-30 09:15:46.694] [info]  DiscordSplash.onStateUpdate: {"status":"installing-updates","current":3,"total":6,"progress":70}
[2026-01-30 09:15:46.694] [info]  Splash.onStateUpdate: {"status":"installing-updates","current":3,"total":6,"progress":70}
[2026-01-30 09:15:46.695] [info]  DiscordSplash.onStateUpdate: {"status":"installing-updates","current":3,"total":6,"progress":70}
[2026-01-30 09:15:46.696] [info]  Splash.onStateUpdate: {"status":"installing-updates","current":3,"total":6,"progress":70}
[2026-01-30 09:15:46.697] [info]  DiscordSplash.onStateUpdate: {"status":"installing-updates","current":3,"total":6,"progress":70}
[2026-01-30 09:15:46.697] [info]  Splash.onStateUpdate: {"status":"installing-updates","current":3,"total":6,"progress":70}
[2026-01-30 09:15:46.698] [info]  DiscordSplash.onStateUpdate: {"status":"installing-updates","current":3,"total":6,"progress":70}
[2026-01-30 09:15:46.698] [info]  Splash.onStateUpdate: {"status":"installing-updates","current":3,"total":6,"progress":70}
[2026-01-30 09:15:46.699] [info]  DiscordSplash.onStateUpdate: {"status":"installing-updates","current":3,"total":6,"progress":70}
[2026-01-30 09:15:46.700] [info]  Splash.onStateUpdate: {"status":"installing-updates","current":3,"total":6,"progress":70}
[2026-01-30 09:15:46.701] [info]  DiscordSplash.onStateUpdate: {"status":"installing-updates","current":3,"total":6,"progress":70}
[2026-01-30 09:15:46.701] [info]  Splash.onStateUpdate: {"status":"installing-updates","current":3,"total":6,"progress":70}
[2026-01-30 09:15:46.702] [info]  DiscordSplash.onStateUpdate: {"status":"installing-updates","current":3,"total":6,"progress":70}
[2026-01-30 09:15:46.702] [info]  Splash.onStateUpdate: {"status":"installing-updates","current":3,"total":6,"progress":70}
[2026-01-30 09:15:46.703] [info]  DiscordSplash.onStateUpdate: {"status":"installing-updates","current":3,"total":6,"progress":71}
[2026-01-30 09:15:46.703] [info]  Splash.onStateUpdate: {"status":"installing-updates","current":3,"total":6,"progress":71}
[2026-01-30 09:15:46.704] [info]  DiscordSplash.onStateUpdate: {"status":"installing-updates","current":3,"total":6,"progress":71}
[2026-01-30 09:15:46.705] [info]  Splash.onStateUpdate: {"status":"installing-updates","current":3,"total":6,"progress":71}
[2026-01-30 09:15:46.706] [info]  DiscordSplash.onStateUpdate: {"status":"installing-updates","current":3,"total":6,"progress":71}
[2026-01-30 09:15:46.706] [info]  Splash.onStateUpdate: {"status":"installing-updates","current":3,"total":6,"progress":71}
[2026-01-30 09:15:46.707] [info]  DiscordSplash.onStateUpdate: {"status":"installing-updates","current":3,"total":6,"progress":71}
[2026-01-30 09:15:46.707] [info]  Splash.onStateUpdate: {"status":"installing-updates","current":3,"total":6,"progress":71}
[2026-01-30 09:15:46.709] [info]  DiscordSplash.onStateUpdate: {"status":"installing-updates","current":3,"total":6,"progress":71}
[2026-01-30 09:15:46.709] [info]  Splash.onStateUpdate: {"status":"installing-updates","current":3,"total":6,"progress":71}
[2026-01-30 09:15:46.710] [info]  DiscordSplash.onStateUpdate: {"status":"installing-updates","current":3,"total":6,"progress":71}
[2026-01-30 09:15:46.711] [info]  Splash.onStateUpdate: {"status":"installing-updates","current":3,"total":6,"progress":71}
[2026-01-30 09:15:46.712] [info]  DiscordSplash.onStateUpdate: {"status":"installing-updates","current":3,"total":6,"progress":72}
[2026-01-30 09:15:46.712] [info]  Splash.onStateUpdate: {"status":"installing-updates","current":3,"total":6,"progress":72}
[2026-01-30 09:15:46.713] [info]  DiscordSplash.onStateUpdate: {"status":"installing-updates","current":3,"total":6,"progress":72}
[2026-01-30 09:15:46.714] [info]  Splash.onStateUpdate: {"status":"installing-updates","current":3,"total":6,"progress":72}
[2026-01-30 09:15:46.715] [info]  DiscordSplash.onStateUpdate: {"status":"installing-updates","current":3,"total":6,"progress":72}
[2026-01-30 09:15:46.715] [info]  Splash.onStateUpdate: {"status":"installing-updates","current":3,"total":6,"progress":72}
[2026-01-30 09:15:46.716] [info]  DiscordSplash.onStateUpdate: {"status":"installing-updates","current":3,"total":6,"progress":72}
[2026-01-30 09:15:46.716] [info]  Splash.onStateUpdate: {"status":"installing-updates","current":3,"total":6,"progress":72}
[2026-01-30 09:15:46.717] [info]  DiscordSplash.onStateUpdate: {"status":"installing-updates","current":3,"total":6,"progress":72}
[2026-01-30 09:15:46.717] [info]  Splash.onStateUpdate: {"status":"installing-updates","current":3,"total":6,"progress":72}
[2026-01-30 09:15:46.718] [info]  DiscordSplash.onStateUpdate: {"status":"installing-updates","current":3,"total":6,"progress":72}
[2026-01-30 09:15:46.719] [info]  Splash.onStateUpdate: {"status":"installing-updates","current":3,"total":6,"progress":72}
[2026-01-30 09:15:46.720] [info]  DiscordSplash.onStateUpdate: {"status":"installing-updates","current":3,"total":6,"progress":73}
[2026-01-30 09:15:46.720] [info]  Splash.onStateUpdate: {"status":"installing-updates","current":3,"total":6,"progress":73}
[2026-01-30 09:15:46.721] [info]  DiscordSplash.onStateUpdate: {"status":"installing-updates","current":3,"total":6,"progress":73}
[2026-01-30 09:15:46.721] [info]  Splash.onStateUpdate: {"status":"installing-updates","current":3,"total":6,"progress":73}
[2026-01-30 09:15:46.722] [info]  DiscordSplash.onStateUpdate: {"status":"installing-updates","current":3,"total":6,"progress":73}
[2026-01-30 09:15:46.722] [info]  Splash.onStateUpdate: {"status":"installing-updates","current":3,"total":6,"progress":73}
[2026-01-30 09:15:46.723] [info]  DiscordSplash.onStateUpdate: {"status":"installing-updates","current":3,"total":6,"progress":73}
[2026-01-30 09:15:46.724] [info]  Splash.onStateUpdate: {"status":"installing-updates","current":3,"total":6,"progress":73}
[2026-01-30 09:15:46.725] [info]  DiscordSplash.onStateUpdate: {"status":"installing-updates","current":3,"total":6,"progress":73}
[2026-01-30 09:15:46.725] [info]  Splash.onStateUpdate: {"status":"installing-updates","current":3,"total":6,"progress":73}
[2026-01-30 09:15:46.728] [info]  DiscordSplash.onStateUpdate: {"status":"installing-updates","current":3,"total":6,"progress":73}
[2026-01-30 09:15:46.728] [info]  Splash.onStateUpdate: {"status":"installing-updates","current":3,"total":6,"progress":73}
[2026-01-30 09:15:46.729] [info]  DiscordSplash.onStateUpdate: {"status":"installing-updates","current":3,"total":6,"progress":74}
[2026-01-30 09:15:46.729] [info]  Splash.onStateUpdate: {"status":"installing-updates","current":3,"total":6,"progress":74}
[2026-01-30 09:15:46.730] [info]  DiscordSplash.onStateUpdate: {"status":"installing-updates","current":3,"total":6,"progress":74}
[2026-01-30 09:15:46.730] [info]  Splash.onStateUpdate: {"status":"installing-updates","current":3,"total":6,"progress":74}
[2026-01-30 09:15:46.731] [info]  DiscordSplash.onStateUpdate: {"status":"installing-updates","current":3,"total":6,"progress":74}
[2026-01-30 09:15:46.732] [info]  Splash.onStateUpdate: {"status":"installing-updates","current":3,"total":6,"progress":74}
[2026-01-30 09:15:46.732] [info]  DiscordSplash.onStateUpdate: {"status":"installing-updates","current":3,"total":6,"progress":74}
[2026-01-30 09:15:46.733] [info]  Splash.onStateUpdate: {"status":"installing-updates","current":3,"total":6,"progress":74}
[2026-01-30 09:15:46.734] [info]  DiscordSplash.onStateUpdate: {"status":"installing-updates","current":3,"total":6,"progress":74}
[2026-01-30 09:15:46.734] [info]  Splash.onStateUpdate: {"status":"installing-updates","current":3,"total":6,"progress":74}
[2026-01-30 09:15:46.735] [info]  DiscordSplash.onStateUpdate: {"status":"installing-updates","current":3,"total":6,"progress":74}
[2026-01-30 09:15:46.735] [info]  Splash.onStateUpdate: {"status":"installing-updates","current":3,"total":6,"progress":74}
[2026-01-30 09:15:46.736] [info]  DiscordSplash.onStateUpdate: {"status":"installing-updates","current":3,"total":6,"progress":75}
[2026-01-30 09:15:46.736] [info]  Splash.onStateUpdate: {"status":"installing-updates","current":3,"total":6,"progress":75}
[2026-01-30 09:15:46.737] [info]  DiscordSplash.onStateUpdate: {"status":"installing-updates","current":3,"total":6,"progress":75}
[2026-01-30 09:15:46.737] [info]  Splash.onStateUpdate: {"status":"installing-updates","current":3,"total":6,"progress":75}
[2026-01-30 09:15:46.738] [info]  DiscordSplash.onStateUpdate: {"status":"installing-updates","current":3,"total":6,"progress":75}
[2026-01-30 09:15:46.739] [info]  Splash.onStateUpdate: {"status":"installing-updates","current":3,"total":6,"progress":75}
[2026-01-30 09:15:46.739] [info]  DiscordSplash.onStateUpdate: {"status":"installing-updates","current":3,"total":6,"progress":75}
[2026-01-30 09:15:46.740] [info]  Splash.onStateUpdate: {"status":"installing-updates","current":3,"total":6,"progress":75}
[2026-01-30 09:15:46.741] [info]  DiscordSplash.onStateUpdate: {"status":"installing-updates","current":3,"total":6,"progress":75}
[2026-01-30 09:15:46.741] [info]  Splash.onStateUpdate: {"status":"installing-updates","current":3,"total":6,"progress":75}
[2026-01-30 09:15:46.742] [info]  DiscordSplash.onStateUpdate: {"status":"installing-updates","current":3,"total":6,"progress":75}
[2026-01-30 09:15:46.743] [info]  Splash.onStateUpdate: {"status":"installing-updates","current":3,"total":6,"progress":75}
[2026-01-30 09:15:46.744] [info]  DiscordSplash.onStateUpdate: {"status":"installing-updates","current":3,"total":6,"progress":76}
[2026-01-30 09:15:46.744] [info]  Splash.onStateUpdate: {"status":"installing-updates","current":3,"total":6,"progress":76}
[2026-01-30 09:15:46.745] [info]  DiscordSplash.onStateUpdate: {"status":"installing-updates","current":3,"total":6,"progress":76}
[2026-01-30 09:15:46.746] [info]  Splash.onStateUpdate: {"status":"installing-updates","current":3,"total":6,"progress":76}
[2026-01-30 09:15:46.747] [info]  DiscordSplash.onStateUpdate: {"status":"installing-updates","current":3,"total":6,"progress":76}
[2026-01-30 09:15:46.747] [info]  Splash.onStateUpdate: {"status":"installing-updates","current":3,"total":6,"progress":76}
[2026-01-30 09:15:46.748] [info]  DiscordSplash.onStateUpdate: {"status":"installing-updates","current":3,"total":6,"progress":76}
[2026-01-30 09:15:46.748] [info]  Splash.onStateUpdate: {"status":"installing-updates","current":3,"total":6,"progress":76}
[2026-01-30 09:15:46.749] [info]  DiscordSplash.onStateUpdate: {"status":"installing-updates","current":3,"total":6,"progress":76}
[2026-01-30 09:15:46.749] [info]  Splash.onStateUpdate: {"status":"installing-updates","current":3,"total":6,"progress":76}
[2026-01-30 09:15:46.750] [info]  DiscordSplash.onStateUpdate: {"status":"installing-updates","current":3,"total":6,"progress":76}
[2026-01-30 09:15:46.751] [info]  Splash.onStateUpdate: {"status":"installing-updates","current":3,"total":6,"progress":76}
[2026-01-30 09:15:46.752] [info]  DiscordSplash.onStateUpdate: {"status":"installing-updates","current":3,"total":6,"progress":76}
[2026-01-30 09:15:46.752] [info]  Splash.onStateUpdate: {"status":"installing-updates","current":3,"total":6,"progress":76}
[2026-01-30 09:15:46.753] [info]  DiscordSplash.onStateUpdate: {"status":"installing-updates","current":3,"total":6,"progress":77}
[2026-01-30 09:15:46.754] [info]  Splash.onStateUpdate: {"status":"installing-updates","current":3,"total":6,"progress":77}
[2026-01-30 09:15:46.755] [info]  DiscordSplash.onStateUpdate: {"status":"installing-updates","current":3,"total":6,"progress":77}
[2026-01-30 09:15:46.755] [info]  Splash.onStateUpdate: {"status":"installing-updates","current":3,"total":6,"progress":77}
[2026-01-30 09:15:46.756] [info]  DiscordSplash.onStateUpdate: {"status":"installing-updates","current":3,"total":6,"progress":77}
[2026-01-30 09:15:46.756] [info]  Splash.onStateUpdate: {"status":"installing-updates","current":3,"total":6,"progress":77}
[2026-01-30 09:15:46.757] [info]  DiscordSplash.onStateUpdate: {"status":"installing-updates","current":3,"total":6,"progress":77}
[2026-01-30 09:15:46.757] [info]  Splash.onStateUpdate: {"status":"installing-updates","current":3,"total":6,"progress":77}
[2026-01-30 09:15:46.758] [info]  DiscordSplash.onStateUpdate: {"status":"installing-updates","current":3,"total":6,"progress":77}
[2026-01-30 09:15:46.759] [info]  Splash.onStateUpdate: {"status":"installing-updates","current":3,"total":6,"progress":77}
[2026-01-30 09:15:46.760] [info]  DiscordSplash.onStateUpdate: {"status":"installing-updates","current":3,"total":6,"progress":77}
[2026-01-30 09:15:46.760] [info]  Splash.onStateUpdate: {"status":"installing-updates","current":3,"total":6,"progress":77}
[2026-01-30 09:15:46.762] [info]  DiscordSplash.onStateUpdate: {"status":"installing-updates","current":3,"total":6,"progress":78}
[2026-01-30 09:15:46.762] [info]  Splash.onStateUpdate: {"status":"installing-updates","current":3,"total":6,"progress":78}
[2026-01-30 09:15:46.763] [info]  Splash.updateCountdownSeconds: undefined
[2026-01-30 09:15:46.764] [info]  DiscordSplash.onStateUpdate: {"status":"installing-updates","current":3,"total":6,"progress":78}
[2026-01-30 09:15:46.764] [info]  Splash.onStateUpdate: {"status":"installing-updates","current":3,"total":6,"progress":78}
[2026-01-30 09:15:46.765] [info]  DiscordSplash.onStateUpdate: {"status":"installing-updates","current":3,"total":6,"progress":78}
[2026-01-30 09:15:46.765] [info]  Splash.onStateUpdate: {"status":"installing-updates","current":3,"total":6,"progress":78}
[2026-01-30 09:15:46.766] [info]  DiscordSplash.onStateUpdate: {"status":"installing-updates","current":3,"total":6,"progress":78}
[2026-01-30 09:15:46.767] [info]  Splash.onStateUpdate: {"status":"installing-updates","current":3,"total":6,"progress":78}
[2026-01-30 09:15:46.768] [info]  DiscordSplash.onStateUpdate: {"status":"installing-updates","current":3,"total":6,"progress":78}
[2026-01-30 09:15:46.768] [info]  Splash.onStateUpdate: {"status":"installing-updates","current":3,"total":6,"progress":78}
[2026-01-30 09:15:46.769] [info]  DiscordSplash.onStateUpdate: {"status":"installing-updates","current":3,"total":6,"progress":78}
[2026-01-30 09:15:46.769] [info]  Splash.onStateUpdate: {"status":"installing-updates","current":3,"total":6,"progress":78}
[2026-01-30 09:15:46.770] [info]  DiscordSplash.onStateUpdate: {"status":"installing-updates","current":3,"total":6,"progress":79}
[2026-01-30 09:15:46.770] [info]  Splash.onStateUpdate: {"status":"installing-updates","current":3,"total":6,"progress":79}
[2026-01-30 09:15:46.771] [info]  DiscordSplash.onStateUpdate: {"status":"installing-updates","current":3,"total":6,"progress":79}
[2026-01-30 09:15:46.771] [info]  Splash.onStateUpdate: {"status":"installing-updates","current":3,"total":6,"progress":79}
[2026-01-30 09:15:46.772] [info]  DiscordSplash.onStateUpdate: {"status":"installing-updates","current":3,"total":6,"progress":79}
[2026-01-30 09:15:46.773] [info]  Splash.onStateUpdate: {"status":"installing-updates","current":3,"total":6,"progress":79}
[2026-01-30 09:15:46.774] [info]  DiscordSplash.onStateUpdate: {"status":"installing-updates","current":3,"total":6,"progress":79}
[2026-01-30 09:15:46.774] [info]  Splash.onStateUpdate: {"status":"installing-updates","current":3,"total":6,"progress":79}
[2026-01-30 09:15:46.775] [info]  DiscordSplash.onStateUpdate: {"status":"installing-updates","current":3,"total":6,"progress":79}
[2026-01-30 09:15:46.775] [info]  Splash.onStateUpdate: {"status":"installing-updates","current":3,"total":6,"progress":79}
[2026-01-30 09:15:46.777] [info]  DiscordSplash.onStateUpdate: {"status":"installing-updates","current":3,"total":6,"progress":79}
[2026-01-30 09:15:46.777] [info]  Splash.onStateUpdate: {"status":"installing-updates","current":3,"total":6,"progress":79}
[2026-01-30 09:15:46.778] [info]  DiscordSplash.onStateUpdate: {"status":"installing-updates","current":3,"total":6,"progress":80}
[2026-01-30 09:15:46.779] [info]  Splash.onStateUpdate: {"status":"installing-updates","current":3,"total":6,"progress":80}
[2026-01-30 09:15:46.780] [info]  DiscordSplash.onStateUpdate: {"status":"installing-updates","current":3,"total":6,"progress":80}
[2026-01-30 09:15:46.780] [info]  Splash.onStateUpdate: {"status":"installing-updates","current":3,"total":6,"progress":80}
[2026-01-30 09:15:46.781] [info]  DiscordSplash.onStateUpdate: {"status":"installing-updates","current":3,"total":6,"progress":80}
[2026-01-30 09:15:46.782] [info]  Splash.onStateUpdate: {"status":"installing-updates","current":3,"total":6,"progress":80}
[2026-01-30 09:15:46.783] [info]  DiscordSplash.onStateUpdate: {"status":"installing-updates","current":3,"total":6,"progress":80}
[2026-01-30 09:15:46.783] [info]  Splash.onStateUpdate: {"status":"installing-updates","current":3,"total":6,"progress":80}
[2026-01-30 09:15:46.784] [info]  DiscordSplash.onStateUpdate: {"status":"installing-updates","current":3,"total":6,"progress":80}
[2026-01-30 09:15:46.784] [info]  Splash.onStateUpdate: {"status":"installing-updates","current":3,"total":6,"progress":80}
[2026-01-30 09:15:46.786] [info]  DiscordSplash.onStateUpdate: {"status":"installing-updates","current":3,"total":6,"progress":80}
[2026-01-30 09:15:46.786] [info]  Splash.onStateUpdate: {"status":"installing-updates","current":3,"total":6,"progress":80}
[2026-01-30 09:15:46.787] [info]  DiscordSplash.onStateUpdate: {"status":"installing-updates","current":3,"total":6,"progress":81}
[2026-01-30 09:15:46.787] [info]  Splash.onStateUpdate: {"status":"installing-updates","current":3,"total":6,"progress":81}
[2026-01-30 09:15:46.788] [info]  DiscordSplash.onStateUpdate: {"status":"installing-updates","current":3,"total":6,"progress":81}
[2026-01-30 09:15:46.789] [info]  Splash.onStateUpdate: {"status":"installing-updates","current":3,"total":6,"progress":81}
[2026-01-30 09:15:46.790] [info]  DiscordSplash.onStateUpdate: {"status":"installing-updates","current":3,"total":6,"progress":81}
[2026-01-30 09:15:46.790] [info]  Splash.onStateUpdate: {"status":"installing-updates","current":3,"total":6,"progress":81}
[2026-01-30 09:15:46.791] [info]  DiscordSplash.onStateUpdate: {"status":"installing-updates","current":3,"total":6,"progress":81}
[2026-01-30 09:15:46.792] [info]  Splash.onStateUpdate: {"status":"installing-updates","current":3,"total":6,"progress":81}
[2026-01-30 09:15:46.794] [info]  DiscordSplash.onStateUpdate: {"status":"installing-updates","current":3,"total":6,"progress":81}
[2026-01-30 09:15:46.794] [info]  Splash.onStateUpdate: {"status":"installing-updates","current":3,"total":6,"progress":81}
[2026-01-30 09:15:46.796] [info]  DiscordSplash.onStateUpdate: {"status":"installing-updates","current":3,"total":6,"progress":81}
[2026-01-30 09:15:46.797] [info]  Splash.onStateUpdate: {"status":"installing-updates","current":3,"total":6,"progress":81}
[2026-01-30 09:15:46.798] [info]  DiscordSplash.onStateUpdate: {"status":"installing-updates","current":3,"total":6,"progress":82}
[2026-01-30 09:15:46.799] [info]  Splash.onStateUpdate: {"status":"installing-updates","current":3,"total":6,"progress":82}
[2026-01-30 09:15:46.800] [info]  DiscordSplash.onStateUpdate: {"status":"installing-updates","current":3,"total":6,"progress":82}
[2026-01-30 09:15:46.801] [info]  Splash.onStateUpdate: {"status":"installing-updates","current":3,"total":6,"progress":82}
[2026-01-30 09:15:46.802] [info]  DiscordSplash.onStateUpdate: {"status":"installing-updates","current":3,"total":6,"progress":82}
[2026-01-30 09:15:46.802] [info]  Splash.onStateUpdate: {"status":"installing-updates","current":3,"total":6,"progress":82}
[2026-01-30 09:15:46.803] [info]  DiscordSplash.onStateUpdate: {"status":"installing-updates","current":3,"total":6,"progress":82}
[2026-01-30 09:15:46.804] [info]  Splash.onStateUpdate: {"status":"installing-updates","current":3,"total":6,"progress":82}
[2026-01-30 09:15:46.805] [info]  DiscordSplash.onStateUpdate: {"status":"installing-updates","current":3,"total":6,"progress":82}
[2026-01-30 09:15:46.805] [info]  Splash.onStateUpdate: {"status":"installing-updates","current":3,"total":6,"progress":82}
[2026-01-30 09:15:46.806] [info]  DiscordSplash.onStateUpdate: {"status":"installing-updates","current":3,"total":6,"progress":82}
[2026-01-30 09:15:46.806] [info]  Splash.onStateUpdate: {"status":"installing-updates","current":3,"total":6,"progress":82}
[2026-01-30 09:15:46.807] [info]  DiscordSplash.onStateUpdate: {"status":"installing-updates","current":3,"total":6,"progress":82}
[2026-01-30 09:15:46.808] [info]  Splash.onStateUpdate: {"status":"installing-updates","current":3,"total":6,"progress":82}
[2026-01-30 09:15:46.809] [info]  DiscordSplash.onStateUpdate: {"status":"installing-updates","current":3,"total":6,"progress":83}
[2026-01-30 09:15:46.809] [info]  Splash.onStateUpdate: {"status":"installing-updates","current":3,"total":6,"progress":83}
[2026-01-30 09:15:46.811] [info]  DiscordSplash.onStateUpdate: {"status":"installing-updates","current":3,"total":6,"progress":83}
[2026-01-30 09:15:46.811] [info]  Splash.onStateUpdate: {"status":"installing-updates","current":3,"total":6,"progress":83}
[2026-01-30 09:15:46.853] [info]  DiscordSplash.onStateUpdate: {"status":"installing-updates","current":3,"total":6,"progress":83}
[2026-01-30 09:15:46.853] [info]  Splash.onStateUpdate: {"status":"installing-updates","current":3,"total":6,"progress":83}
[2026-01-30 09:15:46.905] [info]  DiscordSplash.onStateUpdate: {"status":"installing-updates","current":3,"total":6,"progress":83}
[2026-01-30 09:15:46.906] [info]  Splash.onStateUpdate: {"status":"installing-updates","current":3,"total":6,"progress":83}
[2026-01-30 09:15:46.907] [info]  DiscordSplash.onStateUpdate: {"status":"installing-updates","current":3,"total":6,"progress":83}
[2026-01-30 09:15:46.907] [info]  Splash.onStateUpdate: {"status":"installing-updates","current":3,"total":6,"progress":83}
[2026-01-30 09:15:46.908] [info]  DiscordSplash.onStateUpdate: {"status":"installing-updates","current":3,"total":6,"progress":83}
[2026-01-30 09:15:46.909] [info]  Splash.onStateUpdate: {"status":"installing-updates","current":3,"total":6,"progress":83}
[2026-01-30 09:15:46.910] [info]  DiscordSplash.onStateUpdate: {"status":"installing-updates","current":3,"total":6,"progress":84}
[2026-01-30 09:15:46.910] [info]  Splash.onStateUpdate: {"status":"installing-updates","current":3,"total":6,"progress":84}
[2026-01-30 09:15:46.912] [info]  DiscordSplash.onStateUpdate: {"status":"installing-updates","current":3,"total":6,"progress":84}
[2026-01-30 09:15:46.912] [info]  Splash.onStateUpdate: {"status":"installing-updates","current":3,"total":6,"progress":84}
[2026-01-30 09:15:46.913] [info]  DiscordSplash.onStateUpdate: {"status":"installing-updates","current":3,"total":6,"progress":84}
[2026-01-30 09:15:46.913] [info]  Splash.onStateUpdate: {"status":"installing-updates","current":3,"total":6,"progress":84}
[2026-01-30 09:15:46.914] [info]  DiscordSplash.onStateUpdate: {"status":"installing-updates","current":3,"total":6,"progress":84}
[2026-01-30 09:15:46.914] [info]  Splash.onStateUpdate: {"status":"installing-updates","current":3,"total":6,"progress":84}
[2026-01-30 09:15:46.915] [info]  DiscordSplash.onStateUpdate: {"status":"installing-updates","current":3,"total":6,"progress":84}
[2026-01-30 09:15:46.915] [info]  Splash.onStateUpdate: {"status":"installing-updates","current":3,"total":6,"progress":84}
[2026-01-30 09:15:46.916] [info]  DiscordSplash.onStateUpdate: {"status":"installing-updates","current":3,"total":6,"progress":84}
[2026-01-30 09:15:46.917] [info]  Splash.onStateUpdate: {"status":"installing-updates","current":3,"total":6,"progress":84}
[2026-01-30 09:15:46.918] [info]  DiscordSplash.onStateUpdate: {"status":"installing-updates","current":3,"total":6,"progress":85}
[2026-01-30 09:15:46.918] [info]  Splash.onStateUpdate: {"status":"installing-updates","current":3,"total":6,"progress":85}
[2026-01-30 09:15:46.919] [info]  DiscordSplash.onStateUpdate: {"status":"installing-updates","current":3,"total":6,"progress":85}
[2026-01-30 09:15:46.919] [info]  Splash.onStateUpdate: {"status":"installing-updates","current":3,"total":6,"progress":85}
[2026-01-30 09:15:46.920] [info]  DiscordSplash.onStateUpdate: {"status":"installing-updates","current":3,"total":6,"progress":85}
[2026-01-30 09:15:46.920] [info]  Splash.onStateUpdate: {"status":"installing-updates","current":3,"total":6,"progress":85}
[2026-01-30 09:15:46.921] [info]  DiscordSplash.onStateUpdate: {"status":"installing-updates","current":3,"total":6,"progress":85}
[2026-01-30 09:15:46.922] [info]  Splash.onStateUpdate: {"status":"installing-updates","current":3,"total":6,"progress":85}
[2026-01-30 09:15:46.923] [info]  DiscordSplash.onStateUpdate: {"status":"installing-updates","current":3,"total":6,"progress":85}
[2026-01-30 09:15:46.923] [info]  Splash.onStateUpdate: {"status":"installing-updates","current":3,"total":6,"progress":85}
[2026-01-30 09:15:46.924] [info]  DiscordSplash.onStateUpdate: {"status":"installing-updates","current":3,"total":6,"progress":85}
[2026-01-30 09:15:46.924] [info]  Splash.onStateUpdate: {"status":"installing-updates","current":3,"total":6,"progress":85}
[2026-01-30 09:15:46.926] [info]  DiscordSplash.onStateUpdate: {"status":"installing-updates","current":3,"total":6,"progress":86}
[2026-01-30 09:15:46.926] [info]  Splash.onStateUpdate: {"status":"installing-updates","current":3,"total":6,"progress":86}
[2026-01-30 09:15:46.927] [info]  DiscordSplash.onStateUpdate: {"status":"installing-updates","current":3,"total":6,"progress":86}
[2026-01-30 09:15:46.928] [info]  Splash.onStateUpdate: {"status":"installing-updates","current":3,"total":6,"progress":86}
[2026-01-30 09:15:46.929] [info]  DiscordSplash.onStateUpdate: {"status":"installing-updates","current":3,"total":6,"progress":86}
[2026-01-30 09:15:46.929] [info]  Splash.onStateUpdate: {"status":"installing-updates","current":3,"total":6,"progress":86}
[2026-01-30 09:15:46.930] [info]  DiscordSplash.onStateUpdate: {"status":"installing-updates","current":3,"total":6,"progress":86}
[2026-01-30 09:15:46.930] [info]  Splash.onStateUpdate: {"status":"installing-updates","current":3,"total":6,"progress":86}
[2026-01-30 09:15:46.931] [info]  DiscordSplash.onStateUpdate: {"status":"installing-updates","current":3,"total":6,"progress":86}
[2026-01-30 09:15:46.931] [info]  Splash.onStateUpdate: {"status":"installing-updates","current":3,"total":6,"progress":86}
[2026-01-30 09:15:46.932] [info]  DiscordSplash.onStateUpdate: {"status":"installing-updates","current":3,"total":6,"progress":86}
[2026-01-30 09:15:46.932] [info]  Splash.onStateUpdate: {"status":"installing-updates","current":3,"total":6,"progress":86}
[2026-01-30 09:15:46.934] [info]  DiscordSplash.onStateUpdate: {"status":"installing-updates","current":3,"total":6,"progress":87}
[2026-01-30 09:15:46.934] [info]  Splash.onStateUpdate: {"status":"installing-updates","current":3,"total":6,"progress":87}
[2026-01-30 09:15:46.935] [info]  DiscordSplash.onStateUpdate: {"status":"installing-updates","current":3,"total":6,"progress":87}
[2026-01-30 09:15:46.935] [info]  Splash.onStateUpdate: {"status":"installing-updates","current":3,"total":6,"progress":87}
[2026-01-30 09:15:46.936] [info]  DiscordSplash.onStateUpdate: {"status":"installing-updates","current":3,"total":6,"progress":87}
[2026-01-30 09:15:46.936] [info]  Splash.onStateUpdate: {"status":"installing-updates","current":3,"total":6,"progress":87}
[2026-01-30 09:15:46.937] [info]  DiscordSplash.onStateUpdate: {"status":"installing-updates","current":3,"total":6,"progress":87}
[2026-01-30 09:15:46.937] [info]  Splash.onStateUpdate: {"status":"installing-updates","current":3,"total":6,"progress":87}
[2026-01-30 09:15:46.938] [info]  DiscordSplash.onStateUpdate: {"status":"installing-updates","current":3,"total":6,"progress":87}
[2026-01-30 09:15:46.939] [info]  Splash.onStateUpdate: {"status":"installing-updates","current":3,"total":6,"progress":87}
[2026-01-30 09:15:46.940] [info]  DiscordSplash.onStateUpdate: {"status":"installing-updates","current":3,"total":6,"progress":87}
[2026-01-30 09:15:46.940] [info]  Splash.onStateUpdate: {"status":"installing-updates","current":3,"total":6,"progress":87}
[2026-01-30 09:15:46.941] [info]  DiscordSplash.onStateUpdate: {"status":"installing-updates","current":3,"total":6,"progress":88}
[2026-01-30 09:15:46.942] [info]  Splash.onStateUpdate: {"status":"installing-updates","current":3,"total":6,"progress":88}
[2026-01-30 09:15:46.943] [info]  DiscordSplash.onStateUpdate: {"status":"installing-updates","current":3,"total":6,"progress":88}
[2026-01-30 09:15:46.943] [info]  Splash.onStateUpdate: {"status":"installing-updates","current":3,"total":6,"progress":88}
[2026-01-30 09:15:46.944] [info]  DiscordSplash.onStateUpdate: {"status":"installing-updates","current":3,"total":6,"progress":88}
[2026-01-30 09:15:46.945] [info]  Splash.onStateUpdate: {"status":"installing-updates","current":3,"total":6,"progress":88}
[2026-01-30 09:15:46.946] [info]  DiscordSplash.onStateUpdate: {"status":"installing-updates","current":3,"total":6,"progress":88}
[2026-01-30 09:15:46.946] [info]  Splash.onStateUpdate: {"status":"installing-updates","current":3,"total":6,"progress":88}
[2026-01-30 09:15:46.947] [info]  DiscordSplash.onStateUpdate: {"status":"installing-updates","current":3,"total":6,"progress":88}
[2026-01-30 09:15:46.947] [info]  Splash.onStateUpdate: {"status":"installing-updates","current":3,"total":6,"progress":88}
[2026-01-30 09:15:46.948] [info]  DiscordSplash.onStateUpdate: {"status":"installing-updates","current":3,"total":6,"progress":88}
[2026-01-30 09:15:46.948] [info]  Splash.onStateUpdate: {"status":"installing-updates","current":3,"total":6,"progress":88}
[2026-01-30 09:15:46.949] [info]  DiscordSplash.onStateUpdate: {"status":"installing-updates","current":3,"total":6,"progress":88}
[2026-01-30 09:15:46.950] [info]  Splash.onStateUpdate: {"status":"installing-updates","current":3,"total":6,"progress":88}
[2026-01-30 09:15:46.950] [info]  DiscordSplash.onStateUpdate: {"status":"installing-updates","current":3,"total":6,"progress":89}
[2026-01-30 09:15:46.951] [info]  Splash.onStateUpdate: {"status":"installing-updates","current":3,"total":6,"progress":89}
[2026-01-30 09:15:46.952] [info]  DiscordSplash.onStateUpdate: {"status":"installing-updates","current":3,"total":6,"progress":89}
[2026-01-30 09:15:46.952] [info]  Splash.onStateUpdate: {"status":"installing-updates","current":3,"total":6,"progress":89}
[2026-01-30 09:15:46.953] [info]  DiscordSplash.onStateUpdate: {"status":"installing-updates","current":3,"total":6,"progress":89}
[2026-01-30 09:15:46.953] [info]  Splash.onStateUpdate: {"status":"installing-updates","current":3,"total":6,"progress":89}
[2026-01-30 09:15:46.954] [info]  DiscordSplash.onStateUpdate: {"status":"installing-updates","current":3,"total":6,"progress":89}
[2026-01-30 09:15:46.954] [info]  Splash.onStateUpdate: {"status":"installing-updates","current":3,"total":6,"progress":89}
[2026-01-30 09:15:46.955] [info]  DiscordSplash.onStateUpdate: {"status":"installing-updates","current":3,"total":6,"progress":89}
[2026-01-30 09:15:46.955] [info]  Splash.onStateUpdate: {"status":"installing-updates","current":3,"total":6,"progress":89}
[2026-01-30 09:15:46.956] [info]  DiscordSplash.onStateUpdate: {"status":"installing-updates","current":3,"total":6,"progress":89}
[2026-01-30 09:15:46.957] [info]  Splash.onStateUpdate: {"status":"installing-updates","current":3,"total":6,"progress":89}
[2026-01-30 09:15:46.958] [info]  DiscordSplash.onStateUpdate: {"status":"installing-updates","current":3,"total":6,"progress":90}
[2026-01-30 09:15:46.958] [info]  Splash.onStateUpdate: {"status":"installing-updates","current":3,"total":6,"progress":90}
[2026-01-30 09:15:46.959] [info]  DiscordSplash.onStateUpdate: {"status":"installing-updates","current":3,"total":6,"progress":90}
[2026-01-30 09:15:46.960] [info]  Splash.onStateUpdate: {"status":"installing-updates","current":3,"total":6,"progress":90}
[2026-01-30 09:15:46.961] [info]  DiscordSplash.onStateUpdate: {"status":"installing-updates","current":3,"total":6,"progress":90}
[2026-01-30 09:15:46.961] [info]  Splash.onStateUpdate: {"status":"installing-updates","current":3,"total":6,"progress":90}
[2026-01-30 09:15:46.962] [info]  DiscordSplash.onStateUpdate: {"status":"installing-updates","current":3,"total":6,"progress":90}
[2026-01-30 09:15:46.962] [info]  Splash.onStateUpdate: {"status":"installing-updates","current":3,"total":6,"progress":90}
[2026-01-30 09:15:46.963] [info]  DiscordSplash.onStateUpdate: {"status":"installing-updates","current":3,"total":6,"progress":90}
[2026-01-30 09:15:46.964] [info]  Splash.onStateUpdate: {"status":"installing-updates","current":3,"total":6,"progress":90}
[2026-01-30 09:15:46.965] [info]  DiscordSplash.onStateUpdate: {"status":"installing-updates","current":3,"total":6,"progress":90}
[2026-01-30 09:15:46.965] [info]  Splash.onStateUpdate: {"status":"installing-updates","current":3,"total":6,"progress":90}
[2026-01-30 09:15:46.966] [info]  DiscordSplash.onStateUpdate: {"status":"installing-updates","current":3,"total":6,"progress":91}
[2026-01-30 09:15:46.967] [info]  Splash.onStateUpdate: {"status":"installing-updates","current":3,"total":6,"progress":91}
[2026-01-30 09:15:46.968] [info]  DiscordSplash.onStateUpdate: {"status":"installing-updates","current":3,"total":6,"progress":91}
[2026-01-30 09:15:46.968] [info]  Splash.onStateUpdate: {"status":"installing-updates","current":3,"total":6,"progress":91}
[2026-01-30 09:15:46.969] [info]  DiscordSplash.onStateUpdate: {"status":"installing-updates","current":3,"total":6,"progress":91}
[2026-01-30 09:15:46.969] [info]  Splash.onStateUpdate: {"status":"installing-updates","current":3,"total":6,"progress":91}
[2026-01-30 09:15:46.970] [info]  DiscordSplash.onStateUpdate: {"status":"installing-updates","current":3,"total":6,"progress":91}
[2026-01-30 09:15:46.970] [info]  Splash.onStateUpdate: {"status":"installing-updates","current":3,"total":6,"progress":91}
[2026-01-30 09:15:46.971] [info]  DiscordSplash.onStateUpdate: {"status":"installing-updates","current":3,"total":6,"progress":91}
[2026-01-30 09:15:46.971] [info]  Splash.onStateUpdate: {"status":"installing-updates","current":3,"total":6,"progress":91}
[2026-01-30 09:15:46.972] [info]  DiscordSplash.onStateUpdate: {"status":"installing-updates","current":3,"total":6,"progress":91}
[2026-01-30 09:15:46.972] [info]  Splash.onStateUpdate: {"status":"installing-updates","current":3,"total":6,"progress":91}
[2026-01-30 09:15:46.974] [info]  DiscordSplash.onStateUpdate: {"status":"installing-updates","current":3,"total":6,"progress":92}
[2026-01-30 09:15:46.974] [info]  Splash.onStateUpdate: {"status":"installing-updates","current":3,"total":6,"progress":92}
[2026-01-30 09:15:46.975] [info]  DiscordSplash.onStateUpdate: {"status":"installing-updates","current":3,"total":6,"progress":92}
[2026-01-30 09:15:46.975] [info]  Splash.onStateUpdate: {"status":"installing-updates","current":3,"total":6,"progress":92}
[2026-01-30 09:15:46.977] [info]  DiscordSplash.onStateUpdate: {"status":"installing-updates","current":3,"total":6,"progress":92}
[2026-01-30 09:15:46.977] [info]  Splash.onStateUpdate: {"status":"installing-updates","current":3,"total":6,"progress":92}
[2026-01-30 09:15:46.978] [info]  DiscordSplash.onStateUpdate: {"status":"installing-updates","current":3,"total":6,"progress":92}
[2026-01-30 09:15:46.978] [info]  Splash.onStateUpdate: {"status":"installing-updates","current":3,"total":6,"progress":92}
[2026-01-30 09:15:46.979] [info]  DiscordSplash.onStateUpdate: {"status":"installing-updates","current":3,"total":6,"progress":92}
[2026-01-30 09:15:46.979] [info]  Splash.onStateUpdate: {"status":"installing-updates","current":3,"total":6,"progress":92}
[2026-01-30 09:15:46.980] [info]  DiscordSplash.onStateUpdate: {"status":"installing-updates","current":3,"total":6,"progress":92}
[2026-01-30 09:15:46.981] [info]  Splash.onStateUpdate: {"status":"installing-updates","current":3,"total":6,"progress":92}
[2026-01-30 09:15:46.982] [info]  DiscordSplash.onStateUpdate: {"status":"installing-updates","current":3,"total":6,"progress":93}
[2026-01-30 09:15:46.982] [info]  Splash.onStateUpdate: {"status":"installing-updates","current":3,"total":6,"progress":93}
[2026-01-30 09:15:46.983] [info]  DiscordSplash.onStateUpdate: {"status":"installing-updates","current":3,"total":6,"progress":93}
[2026-01-30 09:15:46.983] [info]  Splash.onStateUpdate: {"status":"installing-updates","current":3,"total":6,"progress":93}
[2026-01-30 09:15:46.984] [info]  DiscordSplash.onStateUpdate: {"status":"installing-updates","current":3,"total":6,"progress":93}
[2026-01-30 09:15:46.984] [info]  Splash.onStateUpdate: {"status":"installing-updates","current":3,"total":6,"progress":93}
[2026-01-30 09:15:46.985] [info]  DiscordSplash.onStateUpdate: {"status":"installing-updates","current":3,"total":6,"progress":93}
[2026-01-30 09:15:46.986] [info]  Splash.onStateUpdate: {"status":"installing-updates","current":3,"total":6,"progress":93}
[2026-01-30 09:15:46.986] [info]  DiscordSplash.onStateUpdate: {"status":"installing-updates","current":3,"total":6,"progress":93}
[2026-01-30 09:15:46.987] [info]  Splash.onStateUpdate: {"status":"installing-updates","current":3,"total":6,"progress":93}
[2026-01-30 09:15:46.988] [info]  DiscordSplash.onStateUpdate: {"status":"installing-updates","current":3,"total":6,"progress":93}
[2026-01-30 09:15:46.988] [info]  Splash.onStateUpdate: {"status":"installing-updates","current":3,"total":6,"progress":93}
[2026-01-30 09:15:46.989] [info]  DiscordSplash.onStateUpdate: {"status":"installing-updates","current":3,"total":6,"progress":94}
[2026-01-30 09:15:46.989] [info]  Splash.onStateUpdate: {"status":"installing-updates","current":3,"total":6,"progress":94}
[2026-01-30 09:15:46.990] [info]  DiscordSplash.onStateUpdate: {"status":"installing-updates","current":3,"total":6,"progress":94}
[2026-01-30 09:15:46.990] [info]  Splash.onStateUpdate: {"status":"installing-updates","current":3,"total":6,"progress":94}
[2026-01-30 09:15:46.992] [info]  DiscordSplash.onStateUpdate: {"status":"installing-updates","current":3,"total":6,"progress":94}
[2026-01-30 09:15:46.993] [info]  Splash.onStateUpdate: {"status":"installing-updates","current":3,"total":6,"progress":94}
[2026-01-30 09:15:46.995] [info]  DiscordSplash.onStateUpdate: {"status":"installing-updates","current":3,"total":6,"progress":94}
[2026-01-30 09:15:46.996] [info]  Splash.onStateUpdate: {"status":"installing-updates","current":3,"total":6,"progress":94}
[2026-01-30 09:15:46.997] [info]  DiscordSplash.onStateUpdate: {"status":"installing-updates","current":3,"total":6,"progress":94}
[2026-01-30 09:15:46.998] [info]  Splash.onStateUpdate: {"status":"installing-updates","current":3,"total":6,"progress":94}
[2026-01-30 09:15:47.002] [info]  DiscordSplash.onStateUpdate: {"status":"installing-updates","current":3,"total":6,"progress":94}
[2026-01-30 09:15:47.002] [info]  Splash.onStateUpdate: {"status":"installing-updates","current":3,"total":6,"progress":94}
[2026-01-30 09:15:47.004] [info]  DiscordSplash.onStateUpdate: {"status":"installing-updates","current":3,"total":6,"progress":94}
[2026-01-30 09:15:47.004] [info]  Splash.onStateUpdate: {"status":"installing-updates","current":3,"total":6,"progress":94}
[2026-01-30 09:15:47.005] [info]  DiscordSplash.onStateUpdate: {"status":"installing-updates","current":3,"total":6,"progress":95}
[2026-01-30 09:15:47.005] [info]  Splash.onStateUpdate: {"status":"installing-updates","current":3,"total":6,"progress":95}
[2026-01-30 09:15:47.007] [info]  DiscordSplash.onStateUpdate: {"status":"installing-updates","current":3,"total":6,"progress":95}
[2026-01-30 09:15:47.007] [info]  Splash.onStateUpdate: {"status":"installing-updates","current":3,"total":6,"progress":95}
[2026-01-30 09:15:47.009] [info]  DiscordSplash.onStateUpdate: {"status":"installing-updates","current":3,"total":6,"progress":95}
[2026-01-30 09:15:47.009] [info]  Splash.onStateUpdate: {"status":"installing-updates","current":3,"total":6,"progress":95}
[2026-01-30 09:15:47.010] [info]  DiscordSplash.onStateUpdate: {"status":"installing-updates","current":3,"total":6,"progress":95}
[2026-01-30 09:15:47.011] [info]  Splash.onStateUpdate: {"status":"installing-updates","current":3,"total":6,"progress":95}
[2026-01-30 09:15:47.012] [info]  DiscordSplash.onStateUpdate: {"status":"installing-updates","current":3,"total":6,"progress":95}
[2026-01-30 09:15:47.012] [info]  Splash.onStateUpdate: {"status":"installing-updates","current":3,"total":6,"progress":95}
[2026-01-30 09:15:47.013] [info]  DiscordSplash.onStateUpdate: {"status":"installing-updates","current":3,"total":6,"progress":95}
[2026-01-30 09:15:47.013] [info]  Splash.onStateUpdate: {"status":"installing-updates","current":3,"total":6,"progress":95}
[2026-01-30 09:15:47.014] [info]  DiscordSplash.onStateUpdate: {"status":"installing-updates","current":3,"total":6,"progress":96}
[2026-01-30 09:15:47.014] [info]  Splash.onStateUpdate: {"status":"installing-updates","current":3,"total":6,"progress":96}
[2026-01-30 09:15:47.015] [info]  DiscordSplash.onStateUpdate: {"status":"installing-updates","current":3,"total":6,"progress":96}
[2026-01-30 09:15:47.016] [info]  Splash.onStateUpdate: {"status":"installing-updates","current":3,"total":6,"progress":96}
[2026-01-30 09:15:47.017] [info]  DiscordSplash.onStateUpdate: {"status":"installing-updates","current":3,"total":6,"progress":96}
[2026-01-30 09:15:47.017] [info]  Splash.onStateUpdate: {"status":"installing-updates","current":3,"total":6,"progress":96}
[2026-01-30 09:15:47.018] [info]  DiscordSplash.onStateUpdate: {"status":"installing-updates","current":3,"total":6,"progress":96}
[2026-01-30 09:15:47.018] [info]  Splash.onStateUpdate: {"status":"installing-updates","current":3,"total":6,"progress":96}
[2026-01-30 09:15:47.019] [info]  DiscordSplash.onStateUpdate: {"status":"installing-updates","current":3,"total":6,"progress":96}
[2026-01-30 09:15:47.019] [info]  Splash.onStateUpdate: {"status":"installing-updates","current":3,"total":6,"progress":96}
[2026-01-30 09:15:47.020] [info]  DiscordSplash.onStateUpdate: {"status":"installing-updates","current":3,"total":6,"progress":96}
[2026-01-30 09:15:47.020] [info]  Splash.onStateUpdate: {"status":"installing-updates","current":3,"total":6,"progress":96}
[2026-01-30 09:15:47.022] [info]  DiscordSplash.onStateUpdate: {"status":"installing-updates","current":3,"total":6,"progress":97}
[2026-01-30 09:15:47.022] [info]  Splash.onStateUpdate: {"status":"installing-updates","current":3,"total":6,"progress":97}
[2026-01-30 09:15:47.023] [info]  DiscordSplash.onStateUpdate: {"status":"installing-updates","current":3,"total":6,"progress":97}
[2026-01-30 09:15:47.023] [info]  Splash.onStateUpdate: {"status":"installing-updates","current":3,"total":6,"progress":97}
[2026-01-30 09:15:47.024] [info]  DiscordSplash.onStateUpdate: {"status":"installing-updates","current":3,"total":6,"progress":97}
[2026-01-30 09:15:47.024] [info]  Splash.onStateUpdate: {"status":"installing-updates","current":3,"total":6,"progress":97}
[2026-01-30 09:15:47.025] [info]  DiscordSplash.onStateUpdate: {"status":"installing-updates","current":3,"total":6,"progress":97}
[2026-01-30 09:15:47.026] [info]  Splash.onStateUpdate: {"status":"installing-updates","current":3,"total":6,"progress":97}
[2026-01-30 09:15:47.027] [info]  DiscordSplash.onStateUpdate: {"status":"installing-updates","current":3,"total":6,"progress":97}
[2026-01-30 09:15:47.027] [info]  Splash.onStateUpdate: {"status":"installing-updates","current":3,"total":6,"progress":97}
[2026-01-30 09:15:47.029] [info]  DiscordSplash.onStateUpdate: {"status":"installing-updates","current":3,"total":6,"progress":97}
[2026-01-30 09:15:47.029] [info]  Splash.onStateUpdate: {"status":"installing-updates","current":3,"total":6,"progress":97}
[2026-01-30 09:15:47.030] [info]  DiscordSplash.onStateUpdate: {"status":"installing-updates","current":3,"total":6,"progress":98}
[2026-01-30 09:15:47.030] [info]  Splash.onStateUpdate: {"status":"installing-updates","current":3,"total":6,"progress":98}
[2026-01-30 09:15:47.031] [info]  DiscordSplash.onStateUpdate: {"status":"installing-updates","current":3,"total":6,"progress":98}
[2026-01-30 09:15:47.031] [info]  Splash.onStateUpdate: {"status":"installing-updates","current":3,"total":6,"progress":98}
[2026-01-30 09:15:47.032] [info]  DiscordSplash.onStateUpdate: {"status":"installing-updates","current":3,"total":6,"progress":98}
[2026-01-30 09:15:47.032] [info]  Splash.onStateUpdate: {"status":"installing-updates","current":3,"total":6,"progress":98}
[2026-01-30 09:15:47.034] [info]  DiscordSplash.onStateUpdate: {"status":"installing-updates","current":3,"total":6,"progress":98}
[2026-01-30 09:15:47.034] [info]  Splash.onStateUpdate: {"status":"installing-updates","current":3,"total":6,"progress":98}
[2026-01-30 09:15:47.035] [info]  DiscordSplash.onStateUpdate: {"status":"installing-updates","current":3,"total":6,"progress":98}
[2026-01-30 09:15:47.035] [info]  Splash.onStateUpdate: {"status":"installing-updates","current":3,"total":6,"progress":98}
[2026-01-30 09:15:47.036] [info]  DiscordSplash.onStateUpdate: {"status":"installing-updates","current":3,"total":6,"progress":98}
[2026-01-30 09:15:47.036] [info]  Splash.onStateUpdate: {"status":"installing-updates","current":3,"total":6,"progress":98}
[2026-01-30 09:15:47.037] [info]  DiscordSplash.onStateUpdate: {"status":"installing-updates","current":3,"total":6,"progress":99}
[2026-01-30 09:15:47.038] [info]  Splash.onStateUpdate: {"status":"installing-updates","current":3,"total":6,"progress":99}
[2026-01-30 09:15:47.039] [info]  DiscordSplash.onStateUpdate: {"status":"installing-updates","current":3,"total":6,"progress":99}
[2026-01-30 09:15:47.039] [info]  Splash.onStateUpdate: {"status":"installing-updates","current":3,"total":6,"progress":99}
[2026-01-30 09:15:47.040] [info]  DiscordSplash.onStateUpdate: {"status":"installing-updates","current":3,"total":6,"progress":99}
[2026-01-30 09:15:47.040] [info]  Splash.onStateUpdate: {"status":"installing-updates","current":3,"total":6,"progress":99}
[2026-01-30 09:15:47.041] [info]  DiscordSplash.onStateUpdate: {"status":"installing-updates","current":3,"total":6,"progress":99}
[2026-01-30 09:15:47.042] [info]  Splash.onStateUpdate: {"status":"installing-updates","current":3,"total":6,"progress":99}
[2026-01-30 09:15:47.043] [info]  DiscordSplash.onStateUpdate: {"status":"installing-updates","current":3,"total":6,"progress":99}
[2026-01-30 09:15:47.044] [info]  Splash.onStateUpdate: {"status":"installing-updates","current":3,"total":6,"progress":99}
[2026-01-30 09:15:47.045] [info]  DiscordSplash.onStateUpdate: {"status":"installing-updates","current":3,"total":6,"progress":99}
[2026-01-30 09:15:47.045] [info]  Splash.onStateUpdate: {"status":"installing-updates","current":3,"total":6,"progress":99}
[2026-01-30 09:15:47.046] [info]  DiscordSplash.onStateUpdate: {"status":"installing-updates","current":3,"total":6,"progress":100}
[2026-01-30 09:15:47.046] [info]  Splash.onStateUpdate: {"status":"installing-updates","current":3,"total":6,"progress":100}
[2026-01-30 09:15:47.048] [info]  DiscordSplash.onStateUpdate: {"status":"installing-updates","current":4,"total":6}
[2026-01-30 09:15:47.048] [info]  Splash.onStateUpdate: {"status":"installing-updates","current":4,"total":6}
[2026-01-30 09:15:47.049] [info]  DiscordSplash.onStateUpdate: {"status":"installing-updates","current":4,"total":6,"progress":3}
[2026-01-30 09:15:47.050] [info]  Splash.onStateUpdate: {"status":"installing-updates","current":4,"total":6,"progress":3}
[2026-01-30 09:15:47.051] [info]  DiscordSplash.onStateUpdate: {"status":"installing-updates","current":4,"total":6,"progress":6}
[2026-01-30 09:15:47.052] [info]  Splash.onStateUpdate: {"status":"installing-updates","current":4,"total":6,"progress":6}
[2026-01-30 09:15:47.053] [info]  DiscordSplash.onStateUpdate: {"status":"installing-updates","current":4,"total":6,"progress":9}
[2026-01-30 09:15:47.053] [info]  Splash.onStateUpdate: {"status":"installing-updates","current":4,"total":6,"progress":9}
[2026-01-30 09:15:47.054] [info]  DiscordSplash.onStateUpdate: {"status":"installing-updates","current":4,"total":6,"progress":12}
[2026-01-30 09:15:47.054] [info]  Splash.onStateUpdate: {"status":"installing-updates","current":4,"total":6,"progress":12}
[2026-01-30 09:15:47.055] [info]  DiscordSplash.onStateUpdate: {"status":"installing-updates","current":4,"total":6,"progress":15}
[2026-01-30 09:15:47.055] [info]  Splash.onStateUpdate: {"status":"installing-updates","current":4,"total":6,"progress":15}
[2026-01-30 09:15:47.056] [info]  DiscordSplash.onStateUpdate: {"status":"installing-updates","current":4,"total":6,"progress":18}
[2026-01-30 09:15:47.057] [info]  Splash.onStateUpdate: {"status":"installing-updates","current":4,"total":6,"progress":18}
[2026-01-30 09:15:47.145] [info]  DiscordSplash.onStateUpdate: {"status":"installing-updates","current":4,"total":6,"progress":21}
[2026-01-30 09:15:47.145] [info]  Splash.onStateUpdate: {"status":"installing-updates","current":4,"total":6,"progress":21}
[2026-01-30 09:15:47.147] [info]  DiscordSplash.onStateUpdate: {"status":"installing-updates","current":4,"total":6,"progress":24}
[2026-01-30 09:15:47.148] [info]  Splash.onStateUpdate: {"status":"installing-updates","current":4,"total":6,"progress":24}
[2026-01-30 09:15:47.149] [info]  DiscordSplash.onStateUpdate: {"status":"installing-updates","current":4,"total":6,"progress":27}
[2026-01-30 09:15:47.149] [info]  Splash.onStateUpdate: {"status":"installing-updates","current":4,"total":6,"progress":27}
[2026-01-30 09:15:47.151] [info]  DiscordSplash.onStateUpdate: {"status":"installing-updates","current":4,"total":6,"progress":30}
[2026-01-30 09:15:47.151] [info]  Splash.onStateUpdate: {"status":"installing-updates","current":4,"total":6,"progress":30}
[2026-01-30 09:15:47.156] [info]  DiscordSplash.onStateUpdate: {"status":"installing-updates","current":4,"total":6,"progress":33}
[2026-01-30 09:15:47.156] [info]  Splash.onStateUpdate: {"status":"installing-updates","current":4,"total":6,"progress":33}
[2026-01-30 09:15:47.158] [info]  DiscordSplash.onStateUpdate: {"status":"installing-updates","current":4,"total":6,"progress":36}
[2026-01-30 09:15:47.158] [info]  Splash.onStateUpdate: {"status":"installing-updates","current":4,"total":6,"progress":36}
[2026-01-30 09:15:47.160] [info]  DiscordSplash.onStateUpdate: {"status":"installing-updates","current":4,"total":6,"progress":39}
[2026-01-30 09:15:47.160] [info]  Splash.onStateUpdate: {"status":"installing-updates","current":4,"total":6,"progress":39}
[2026-01-30 09:15:47.161] [info]  DiscordSplash.onStateUpdate: {"status":"installing-updates","current":4,"total":6,"progress":42}
[2026-01-30 09:15:47.162] [info]  Splash.onStateUpdate: {"status":"installing-updates","current":4,"total":6,"progress":42}
[2026-01-30 09:15:47.163] [info]  DiscordSplash.onStateUpdate: {"status":"installing-updates","current":4,"total":6,"progress":45}
[2026-01-30 09:15:47.163] [info]  Splash.onStateUpdate: {"status":"installing-updates","current":4,"total":6,"progress":45}
[2026-01-30 09:15:47.164] [info]  DiscordSplash.onStateUpdate: {"status":"installing-updates","current":4,"total":6,"progress":48}
[2026-01-30 09:15:47.164] [info]  Splash.onStateUpdate: {"status":"installing-updates","current":4,"total":6,"progress":48}
[2026-01-30 09:15:47.165] [info]  DiscordSplash.onStateUpdate: {"status":"installing-updates","current":4,"total":6,"progress":51}
[2026-01-30 09:15:47.166] [info]  Splash.onStateUpdate: {"status":"installing-updates","current":4,"total":6,"progress":51}
[2026-01-30 09:15:47.166] [info]  DiscordSplash.onStateUpdate: {"status":"installing-updates","current":4,"total":6,"progress":54}
[2026-01-30 09:15:47.167] [info]  Splash.onStateUpdate: {"status":"installing-updates","current":4,"total":6,"progress":54}
[2026-01-30 09:15:47.168] [info]  DiscordSplash.onStateUpdate: {"status":"installing-updates","current":4,"total":6,"progress":57}
[2026-01-30 09:15:47.168] [info]  Splash.onStateUpdate: {"status":"installing-updates","current":4,"total":6,"progress":57}
[2026-01-30 09:15:47.169] [info]  DiscordSplash.onStateUpdate: {"status":"installing-updates","current":4,"total":6,"progress":60}
[2026-01-30 09:15:47.169] [info]  Splash.onStateUpdate: {"status":"installing-updates","current":4,"total":6,"progress":60}
[2026-01-30 09:15:47.170] [info]  DiscordSplash.onStateUpdate: {"status":"installing-updates","current":4,"total":6,"progress":63}
[2026-01-30 09:15:47.171] [info]  Splash.onStateUpdate: {"status":"installing-updates","current":4,"total":6,"progress":63}
[2026-01-30 09:15:47.172] [info]  DiscordSplash.onStateUpdate: {"status":"installing-updates","current":4,"total":6,"progress":66}
[2026-01-30 09:15:47.172] [info]  Splash.onStateUpdate: {"status":"installing-updates","current":4,"total":6,"progress":66}
[2026-01-30 09:15:47.173] [info]  DiscordSplash.onStateUpdate: {"status":"installing-updates","current":4,"total":6,"progress":69}
[2026-01-30 09:15:47.173] [info]  Splash.onStateUpdate: {"status":"installing-updates","current":4,"total":6,"progress":69}
[2026-01-30 09:15:47.174] [info]  DiscordSplash.onStateUpdate: {"status":"installing-updates","current":4,"total":6,"progress":72}
[2026-01-30 09:15:47.175] [info]  Splash.onStateUpdate: {"status":"installing-updates","current":4,"total":6,"progress":72}
[2026-01-30 09:15:47.176] [info]  DiscordSplash.onStateUpdate: {"status":"installing-updates","current":4,"total":6,"progress":75}
[2026-01-30 09:15:47.177] [info]  Splash.onStateUpdate: {"status":"installing-updates","current":4,"total":6,"progress":75}
[2026-01-30 09:15:47.178] [info]  DiscordSplash.onStateUpdate: {"status":"installing-updates","current":4,"total":6,"progress":78}
[2026-01-30 09:15:47.178] [info]  Splash.onStateUpdate: {"status":"installing-updates","current":4,"total":6,"progress":78}
[2026-01-30 09:15:47.180] [info]  DiscordSplash.onStateUpdate: {"status":"installing-updates","current":4,"total":6,"progress":81}
[2026-01-30 09:15:47.180] [info]  Splash.onStateUpdate: {"status":"installing-updates","current":4,"total":6,"progress":81}
[2026-01-30 09:15:47.181] [info]  DiscordSplash.onStateUpdate: {"status":"installing-updates","current":4,"total":6,"progress":84}
[2026-01-30 09:15:47.181] [info]  Splash.onStateUpdate: {"status":"installing-updates","current":4,"total":6,"progress":84}
[2026-01-30 09:15:47.182] [info]  DiscordSplash.onStateUpdate: {"status":"installing-updates","current":4,"total":6,"progress":87}
[2026-01-30 09:15:47.182] [info]  Splash.onStateUpdate: {"status":"installing-updates","current":4,"total":6,"progress":87}
[2026-01-30 09:15:47.183] [info]  DiscordSplash.onStateUpdate: {"status":"installing-updates","current":4,"total":6,"progress":90}
[2026-01-30 09:15:47.183] [info]  Splash.onStateUpdate: {"status":"installing-updates","current":4,"total":6,"progress":90}
[2026-01-30 09:15:47.184] [info]  DiscordSplash.onStateUpdate: {"status":"installing-updates","current":4,"total":6,"progress":93}
[2026-01-30 09:15:47.184] [info]  Splash.onStateUpdate: {"status":"installing-updates","current":4,"total":6,"progress":93}
[2026-01-30 09:15:47.185] [info]  DiscordSplash.onStateUpdate: {"status":"installing-updates","current":4,"total":6,"progress":96}
[2026-01-30 09:15:47.186] [info]  Splash.onStateUpdate: {"status":"installing-updates","current":4,"total":6,"progress":96}
[2026-01-30 09:15:47.186] [info]  DiscordSplash.onStateUpdate: {"status":"installing-updates","current":4,"total":6,"progress":100}
[2026-01-30 09:15:47.187] [info]  Splash.onStateUpdate: {"status":"installing-updates","current":4,"total":6,"progress":100}
[2026-01-30 09:15:47.188] [info]  DiscordSplash.onStateUpdate: {"status":"installing-updates","current":5,"total":6}
[2026-01-30 09:15:47.188] [info]  Splash.onStateUpdate: {"status":"installing-updates","current":5,"total":6}
[2026-01-30 09:15:47.189] [info]  DiscordSplash.onStateUpdate: {"status":"installing-updates","current":5,"total":6,"progress":25}
[2026-01-30 09:15:47.189] [info]  Splash.onStateUpdate: {"status":"installing-updates","current":5,"total":6,"progress":25}
[2026-01-30 09:15:47.190] [info]  DiscordSplash.onStateUpdate: {"status":"installing-updates","current":5,"total":6,"progress":50}
[2026-01-30 09:15:47.191] [info]  Splash.onStateUpdate: {"status":"installing-updates","current":5,"total":6,"progress":50}
[2026-01-30 09:15:47.192] [info]  DiscordSplash.onStateUpdate: {"status":"installing-updates","current":5,"total":6,"progress":75}
[2026-01-30 09:15:47.192] [info]  Splash.onStateUpdate: {"status":"installing-updates","current":5,"total":6,"progress":75}
[2026-01-30 09:15:47.649] [info]  DiscordSplash.onStateUpdate: {"status":"installing-updates","current":5,"total":6,"progress":100}
[2026-01-30 09:15:47.650] [info]  Splash.onStateUpdate: {"status":"installing-updates","current":5,"total":6,"progress":100}
[2026-01-30 09:15:47.652] [info]  DiscordSplash.onStateUpdate: {"status":"installing-updates","current":6,"total":6}
[2026-01-30 09:15:47.652] [info]  Splash.onStateUpdate: {"status":"installing-updates","current":6,"total":6}
[2026-01-30 09:15:47.654] [info]  DiscordSplash.onStateUpdate: {"status":"installing-updates","current":6,"total":6,"progress":25}
[2026-01-30 09:15:47.655] [info]  Splash.onStateUpdate: {"status":"installing-updates","current":6,"total":6,"progress":25}
[2026-01-30 09:15:47.656] [info]  DiscordSplash.onStateUpdate: {"status":"installing-updates","current":6,"total":6,"progress":50}
[2026-01-30 09:15:47.657] [info]  Splash.onStateUpdate: {"status":"installing-updates","current":6,"total":6,"progress":50}
[2026-01-30 09:15:47.663] [info]  DiscordSplash.onStateUpdate: {"status":"installing-updates","current":6,"total":6,"progress":75}
[2026-01-30 09:15:47.663] [info]  Splash.onStateUpdate: {"status":"installing-updates","current":6,"total":6,"progress":75}
[2026-01-30 09:15:47.665] [info]  DiscordSplash.onStateUpdate: {"status":"installing-updates","current":6,"total":6,"progress":100}
[2026-01-30 09:15:47.665] [info]  Splash.onStateUpdate: {"status":"installing-updates","current":6,"total":6,"progress":100}
[2026-01-30 09:15:47.669] [info]  DiscordSplash.onStateUpdate: {"status":"checking-for-updates","current":6,"total":6}
[2026-01-30 09:15:47.669] [info]  Splash.onStateUpdate: {"status":"checking-for-updates","current":6,"total":6}
[2026-01-30 09:15:47.763] [info]  Splash.updateCountdownSeconds: undefined
[2026-01-30 09:15:47.899] [info]  DiscordSplash.onStateUpdate: {"status":"launching","current":6,"total":6}
[2026-01-30 09:15:47.899] [info]  Splash.onStateUpdate: {"status":"launching","current":6,"total":6}
[2026-01-30 09:15:48.763] [info]  Splash.updateCountdownSeconds: undefined
[2026-01-30 09:15:49.763] [info]  Splash.updateCountdownSeconds: undefined
[2026-01-30 09:15:50.763] [info]  Splash.updateCountdownSeconds: undefined
[2026-01-30 09:15:51.763] [info]  Splash.updateCountdownSeconds: undefined
[2026-01-30 09:15:52.763] [info]  Splash.updateCountdownSeconds: undefined
[2026-01-30 09:15:53.059] [info]  [libdiscore] [experiment_manager] Loaded experiments from cache
[2026-01-30 09:15:53.580] [info]  Initializing voice engine with audio subsystem: standard
[2026-01-30 09:15:53.770] [info]  Splash.updateCountdownSeconds: undefined
[2026-01-30 09:15:53.994] [info]  [default] [BUILD INFO] Release Channel: stable, Build Number: 491153, Version Hash: 496afea02c48235252834520aaadb3e9974379cf
[2026-01-30 09:15:54.265] [warn]  [CloudSyncUtils] CloudSync is not supported on this platform
[2026-01-30 09:15:54.282] [info]  [default] [NATIVE INFO] host 0.0.122, modules: discord_desktop_core: 1, discord_erlpack: 1, discord_spellcheck: 1, discord_utils: 1, discord_voice: 1, discord_zstd: 1, build: null
[2026-01-30 09:15:54.290] [info]  [libdiscore] The answer for life the universe and everything is: 42
[2026-01-30 09:15:54.312] [error] [Spellchecker] sh is not a valid locale.
[2026-01-30 09:15:54.356] [info]  [Spellchecker] Switching to en-US (available)
[2026-01-30 09:16:25.234] [info]  [RPCServer:WSS] Starting on 6463
[2026-01-30 09:16:25.239] [info]  [RPCServer:IPC] Starting on /run/user/1000/discord-ipc-0
[2026-01-30 09:16:28.456] [warn]  The resource https://discordapp.com/assets/189422196a4f8b53.woff2 was preloaded using link preload but not used within a few seconds from the window's load event. Please make sure it has an appropriate `as` value and it is preloaded intentionally.
[2026-01-30 09:16:28.457] [warn]  The resource https://discordapp.com/assets/7a6a566c2e88a35d.woff2 was preloaded using link preload but not used within a few seconds from the window's load event. Please make sure it has an appropriate `as` value and it is preloaded intentionally.
[2026-01-30 09:16:28.457] [warn]  The resource https://discordapp.com/assets/dd24010f3cf7def7.woff2 was preloaded using link preload but not used within a few seconds from the window's load event. Please make sure it has an appropriate `as` value and it is preloaded intentionally.
[2026-01-30 09:16:28.457] [warn]  The resource https://discordapp.com/assets/e52f0cba712e2fb4.woff2 was preloaded using link preload but not used within a few seconds from the window's load event. Please make sure it has an appropriate `as` value and it is preloaded intentionally.
[2026-01-30 09:16:28.458] [warn]  The resource https://discordapp.com/assets/ce3b8055f5114434.woff2 was preloaded using link preload but not used within a few seconds from the window's load event. Please make sure it has an appropriate `as` value and it is preloaded intentionally.
[2026-01-30 09:16:28.458] [warn]  The resource https://discordapp.com/assets/cb2006dbced0e246.woff2 was preloaded using link preload but not used within a few seconds from the window's load event. Please make sure it has an appropriate `as` value and it is preloaded intentionally.
[2026-01-30 09:16:33.183] [info]  [RPCServer:WSS] Socket Message: 4 [object Object]
[2026-01-30 09:16:33.255] [info]  [LoginQRSocket] [0ms] connecting to wss://remote-auth-gateway.discord.gg/?v=2
[2026-01-30 09:16:33.261] [info]  [RPCServer:WSS] Socket Emit: 4 [object Object]
[2026-01-30 09:16:33.613] [info]  [LoginQRSocket] [359ms] got hello, auth timeout=357395ms
[2026-01-30 09:16:33.646] [info]  [LoginQRSocket] [392ms] connected, handshaking with fingerprint: i25yQKp5Htbu3SL3Eoga2r-7twIKgCgIQELrbjspNRE
[2026-01-30 09:16:33.786] [info]  [LoginQRSocket] [531ms] computed nonce proof
[2026-01-30 09:16:33.962] [info]  [LoginQRSocket] [707ms] handshake complete awaiting remote auth.
[2026-01-30 09:16:40.445] [warn]  The resource https://discordapp.com/assets/189422196a4f8b53.woff2 was preloaded using link preload but not used within a few seconds from the window's load event. Please make sure it has an appropriate `as` value and it is preloaded intentionally.
[2026-01-30 09:16:40.445] [warn]  The resource https://discordapp.com/assets/7a6a566c2e88a35d.woff2 was preloaded using link preload but not used within a few seconds from the window's load event. Please make sure it has an appropriate `as` value and it is preloaded intentionally.
[2026-01-30 09:16:40.445] [warn]  The resource https://discordapp.com/assets/dd24010f3cf7def7.woff2 was preloaded using link preload but not used within a few seconds from the window's load event. Please make sure it has an appropriate `as` value and it is preloaded intentionally.
[2026-01-30 09:16:40.446] [warn]  The resource https://discordapp.com/assets/e52f0cba712e2fb4.woff2 was preloaded using link preload but not used within a few seconds from the window's load event. Please make sure it has an appropriate `as` value and it is preloaded intentionally.
[2026-01-30 09:16:40.446] [warn]  The resource https://discordapp.com/assets/ce3b8055f5114434.woff2 was preloaded using link preload but not used within a few seconds from the window's load event. Please make sure it has an appropriate `as` value and it is preloaded intentionally.
[2026-01-30 09:16:40.446] [warn]  The resource https://discordapp.com/assets/cb2006dbced0e246.woff2 was preloaded using link preload but not used within a few seconds from the window's load event. Please make sure it has an appropriate `as` value and it is preloaded intentionally.
[2026-01-30 09:16:46.689] [info]  [LoginQRSocket] [13435ms] remote auth handshake started, awaiting ticket/cancel.
[2026-01-30 09:16:49.868] [warn]  The resource https://discordapp.com/assets/189422196a4f8b53.woff2 was preloaded using link preload but not used within a few seconds from the window's load event. Please make sure it has an appropriate `as` value and it is preloaded intentionally.
[2026-01-30 09:16:49.869] [warn]  The resource https://discordapp.com/assets/7a6a566c2e88a35d.woff2 was preloaded using link preload but not used within a few seconds from the window's load event. Please make sure it has an appropriate `as` value and it is preloaded intentionally.
[2026-01-30 09:16:49.870] [warn]  The resource https://discordapp.com/assets/dd24010f3cf7def7.woff2 was preloaded using link preload but not used within a few seconds from the window's load event. Please make sure it has an appropriate `as` value and it is preloaded intentionally.
[2026-01-30 09:16:49.870] [warn]  The resource https://discordapp.com/assets/e52f0cba712e2fb4.woff2 was preloaded using link preload but not used within a few seconds from the window's load event. Please make sure it has an appropriate `as` value and it is preloaded intentionally.
[2026-01-30 09:16:49.870] [warn]  The resource https://discordapp.com/assets/ce3b8055f5114434.woff2 was preloaded using link preload but not used within a few seconds from the window's load event. Please make sure it has an appropriate `as` value and it is preloaded intentionally.
[2026-01-30 09:16:49.870] [warn]  The resource https://discordapp.com/assets/cb2006dbced0e246.woff2 was preloaded using link preload but not used within a few seconds from the window's load event. Please make sure it has an appropriate `as` value and it is preloaded intentionally.
[2026-01-30 09:16:50.414] [info]  [Flux] Dispatching LOGIN
[2026-01-30 09:16:50.430] [info]  [Flux] Dispatching LOGIN_SUCCESS
[2026-01-30 09:16:50.452] [info]  [Routing/Utils] transitionTo - Transitioning to /app
[2026-01-30 09:16:50.480] [info]  [GatewaySocket] [CONNECT] wss://gateway.discord.gg, encoding: etf, version: 9, compression: zstd-stream
[2026-01-30 09:16:50.486] [info]  [LoginQRSocket] [17231ms] cleaning up
[2026-01-30 09:16:50.704] [info]  [GatewaySocket] [CONNECTED] wss://gateway.discord.gg/?encoding=etf&v=9&compress=zstd-stream in 225 ms
[2026-01-30 09:16:51.277] [info]  [GatewaySocket] [READY] took 798ms, as a86b907d7fde03660352c5d19926deff
[2026-01-30 09:16:51.289] [info]  [Flux] Dispatching CONNECTION_OPEN
[2026-01-30 09:16:51.306] [info]  [DatabaseManager] removing database (user: 1411692867520430090, database: undefined)
[2026-01-30 09:16:51.319] [warn]  [NativeDispatchUtils] Tried getting Dispatch instance before instantiated
[2026-01-30 09:16:51.949] [info]  [GatewaySocket] [READY_SUPPLEMENTAL] took 1471ms
[2026-01-30 09:16:53.277] [info]  [MessageActionCreators] Fetching messages for 1448697233808556117 between undefined and undefined. jump={"jumpType":"ANIMATED"}
[2026-01-30 09:16:53.714] [info]  [MessageActionCreators] Fetched 43 messages for 1448697233808556117 isBefore:false isAfter:false
[2026-01-30 09:16:53.744] [info]  [ChannelMessages] loadComplete: resetting state for channelId=1448697233808556117, sending.length=0
[2026-01-30 09:16:54.307] [info]  [OverlayKeybindExperimentManager] Experiments initializing...
[2026-01-30 09:16:54.365] [info]  [OverlayKeybindExperimentManager] Experiments initialized
[2026-01-30 09:16:55.251] [info]  [discord_protos.discord_users.v1.FrecencyUserSettings] Loading proto
[2026-01-30 09:16:58.077] [warn]  The resource https://discordapp.com/assets/189422196a4f8b53.woff2 was preloaded using link preload but not used within a few seconds from the window's load event. Please make sure it has an appropriate `as` value and it is preloaded intentionally.
[2026-01-30 09:16:58.078] [warn]  The resource https://discordapp.com/assets/7a6a566c2e88a35d.woff2 was preloaded using link preload but not used within a few seconds from the window's load event. Please make sure it has an appropriate `as` value and it is preloaded intentionally.
[2026-01-30 09:16:58.079] [warn]  The resource https://discordapp.com/assets/dd24010f3cf7def7.woff2 was preloaded using link preload but not used within a few seconds from the window's load event. Please make sure it has an appropriate `as` value and it is preloaded intentionally.
[2026-01-30 09:16:58.079] [warn]  The resource https://discordapp.com/assets/e52f0cba712e2fb4.woff2 was preloaded using link preload but not used within a few seconds from the window's load event. Please make sure it has an appropriate `as` value and it is preloaded intentionally.
[2026-01-30 09:16:58.080] [warn]  The resource https://discordapp.com/assets/ce3b8055f5114434.woff2 was preloaded using link preload but not used within a few seconds from the window's load event. Please make sure it has an appropriate `as` value and it is preloaded intentionally.
[2026-01-30 09:16:58.080] [warn]  The resource https://discordapp.com/assets/cb2006dbced0e246.woff2 was preloaded using link preload but not used within a few seconds from the window's load event. Please make sure it has an appropriate `as` value and it is preloaded intentionally.
[2026-01-30 09:17:01.330] [info]  [ReadStateStore] Deleting ReadState 333330525194551296 0 [object Object]
[2026-01-30 09:17:01.431] [info]  [ReadStateStore] Deleting ReadState 1440731133980708914 0 [object Object]
[2026-01-30 09:17:04.754] [warn]  The resource https://discordapp.com/assets/189422196a4f8b53.woff2 was preloaded using link preload but not used within a few seconds from the window's load event. Please make sure it has an appropriate `as` value and it is preloaded intentionally.
[2026-01-30 09:17:04.755] [warn]  The resource https://discordapp.com/assets/7a6a566c2e88a35d.woff2 was preloaded using link preload but not used within a few seconds from the window's load event. Please make sure it has an appropriate `as` value and it is preloaded intentionally.
[2026-01-30 09:17:04.755] [warn]  The resource https://discordapp.com/assets/dd24010f3cf7def7.woff2 was preloaded using link preload but not used within a few seconds from the window's load event. Please make sure it has an appropriate `as` value and it is preloaded intentionally.
[2026-01-30 09:17:04.756] [warn]  The resource https://discordapp.com/assets/e52f0cba712e2fb4.woff2 was preloaded using link preload but not used within a few seconds from the window's load event. Please make sure it has an appropriate `as` value and it is preloaded intentionally.
[2026-01-30 09:17:04.756] [warn]  The resource https://discordapp.com/assets/ce3b8055f5114434.woff2 was preloaded using link preload but not used within a few seconds from the window's load event. Please make sure it has an appropriate `as` value and it is preloaded intentionally.
[2026-01-30 09:17:04.756] [warn]  The resource https://discordapp.com/assets/cb2006dbced0e246.woff2 was preloaded using link preload but not used within a few seconds from the window's load event. Please make sure it has an appropriate `as` value and it is preloaded intentionally.
[2026-01-30 09:17:06.798] [info]  [libdiscore] [BlockedDomainsStore] Successfully fetched blocked domains
[2026-01-30 09:17:09.993] [warn]  The resource https://discordapp.com/assets/189422196a4f8b53.woff2 was preloaded using link preload but not used within a few seconds from the window's load event. Please make sure it has an appropriate `as` value and it is preloaded intentionally.
[2026-01-30 09:17:09.993] [warn]  The resource https://discordapp.com/assets/7a6a566c2e88a35d.woff2 was preloaded using link preload but not used within a few seconds from the window's load event. Please make sure it has an appropriate `as` value and it is preloaded intentionally.
[2026-01-30 09:17:09.994] [warn]  The resource https://discordapp.com/assets/dd24010f3cf7def7.woff2 was preloaded using link preload but not used within a few seconds from the window's load event. Please make sure it has an appropriate `as` value and it is preloaded intentionally.
[2026-01-30 09:17:09.994] [warn]  The resource https://discordapp.com/assets/e52f0cba712e2fb4.woff2 was preloaded using link preload but not used within a few seconds from the window's load event. Please make sure it has an appropriate `as` value and it is preloaded intentionally.
[2026-01-30 09:17:09.994] [warn]  The resource https://discordapp.com/assets/ce3b8055f5114434.woff2 was preloaded using link preload but not used within a few seconds from the window's load event. Please make sure it has an appropriate `as` value and it is preloaded intentionally.
[2026-01-30 09:17:09.994] [warn]  The resource https://discordapp.com/assets/cb2006dbced0e246.woff2 was preloaded using link preload but not used within a few seconds from the window's load event. Please make sure it has an appropriate `as` value and it is preloaded intentionally.
[2026-01-30 09:17:15.303] [error] Could not find a View Model linked to Artboard BaseGlowRemapped.
[2026-01-30 09:17:15.307] [error] Could not find a View Model linked to Artboard BaseGlowRemapped.
[2026-01-30 09:17:15.314] [error] Could not find a View Model linked to Artboard BaseGlowRemapped.
[2026-01-30 09:17:15.316] [error] Could not find a View Model linked to Artboard BaseGlowRemapped.
[2026-01-30 09:17:18.321] [warn]  The resource https://discordapp.com/assets/189422196a4f8b53.woff2 was preloaded using link preload but not used within a few seconds from the window's load event. Please make sure it has an appropriate `as` value and it is preloaded intentionally.
[2026-01-30 09:17:18.322] [warn]  The resource https://discordapp.com/assets/7a6a566c2e88a35d.woff2 was preloaded using link preload but not used within a few seconds from the window's load event. Please make sure it has an appropriate `as` value and it is preloaded intentionally.
[2026-01-30 09:17:18.322] [warn]  The resource https://discordapp.com/assets/dd24010f3cf7def7.woff2 was preloaded using link preload but not used within a few seconds from the window's load event. Please make sure it has an appropriate `as` value and it is preloaded intentionally.
[2026-01-30 09:17:18.323] [warn]  The resource https://discordapp.com/assets/e52f0cba712e2fb4.woff2 was preloaded using link preload but not used within a few seconds from the window's load event. Please make sure it has an appropriate `as` value and it is preloaded intentionally.
[2026-01-30 09:17:18.323] [warn]  The resource https://discordapp.com/assets/ce3b8055f5114434.woff2 was preloaded using link preload but not used within a few seconds from the window's load event. Please make sure it has an appropriate `as` value and it is preloaded intentionally.
[2026-01-30 09:17:18.323] [warn]  The resource https://discordapp.com/assets/cb2006dbced0e246.woff2 was preloaded using link preload but not used within a few seconds from the window's load event. Please make sure it has an appropriate `as` value and it is preloaded intentionally.
[2026-01-30 09:17:26.699] [info]  [discord_protos.discord_users.v1.PreloadedUserSettings] Updating userContent with delay 0
[2026-01-30 09:17:26.716] [info]  [discord_protos.discord_users.v1.PreloadedUserSettings] Scheduling save from markDirty
[2026-01-30 09:17:26.897] [info]  [discord_protos.discord_users.v1.PreloadedUserSettings] Persisting proto
[2026-01-30 09:17:26.927] [error] Uncaught (in promise) #<Object>
[2026-01-30 09:17:30.818] [warn]  The resource https://discordapp.com/assets/189422196a4f8b53.woff2 was preloaded using link preload but not used within a few seconds from the window's load event. Please make sure it has an appropriate `as` value and it is preloaded intentionally.
[2026-01-30 09:17:30.819] [warn]  The resource https://discordapp.com/assets/7a6a566c2e88a35d.woff2 was preloaded using link preload but not used within a few seconds from the window's load event. Please make sure it has an appropriate `as` value and it is preloaded intentionally.
[2026-01-30 09:17:30.819] [warn]  The resource https://discordapp.com/assets/dd24010f3cf7def7.woff2 was preloaded using link preload but not used within a few seconds from the window's load event. Please make sure it has an appropriate `as` value and it is preloaded intentionally.
[2026-01-30 09:17:30.819] [warn]  The resource https://discordapp.com/assets/e52f0cba712e2fb4.woff2 was preloaded using link preload but not used within a few seconds from the window's load event. Please make sure it has an appropriate `as` value and it is preloaded intentionally.
[2026-01-30 09:17:30.820] [warn]  The resource https://discordapp.com/assets/ce3b8055f5114434.woff2 was preloaded using link preload but not used within a few seconds from the window's load event. Please make sure it has an appropriate `as` value and it is preloaded intentionally.
[2026-01-30 09:17:30.820] [warn]  The resource https://discordapp.com/assets/cb2006dbced0e246.woff2 was preloaded using link preload but not used within a few seconds from the window's load event. Please make sure it has an appropriate `as` value and it is preloaded intentionally.
[2026-01-30 09:17:59.509] [info]  DiscordSplash.signalReady
[2026-01-30 09:17:59.537] [info]  DiscordSplash.onStateUpdate: {"status":"checking-for-updates"}
[2026-01-30 09:17:59.537] [info]  Splash.onStateUpdate: {"status":"checking-for-updates"}
[2026-01-30 09:18:00.242] [info]  DiscordSplash.onStateUpdate: {"status":"launching"}
[2026-01-30 09:18:00.243] [info]  Splash.onStateUpdate: {"status":"launching"}
[2026-01-30 09:18:00.509] [info]  Splash.updateCountdownSeconds: undefined
[2026-01-30 09:18:01.509] [info]  Splash.updateCountdownSeconds: undefined
[2026-01-30 09:18:02.133] [info]  [libdiscore] [experiment_manager] Loaded experiments from cache
[2026-01-30 09:18:02.403] [info]  Initializing voice engine with audio subsystem: standard
[2026-01-30 09:18:02.509] [info]  Splash.updateCountdownSeconds: undefined
[2026-01-30 09:18:02.626] [info]  [default] [BUILD INFO] Release Channel: stable, Build Number: 491153, Version Hash: 496afea02c48235252834520aaadb3e9974379cf
[2026-01-30 09:18:02.838] [warn]  [CloudSyncUtils] CloudSync is not supported on this platform
[2026-01-30 09:18:02.877] [info]  [default] [NATIVE INFO] host 0.0.122, modules: discord_desktop_core: 1, discord_erlpack: 1, discord_spellcheck: 1, discord_utils: 1, discord_voice: 1, discord_zstd: 1, discord_krisp: 1, discord_game_utils: 1, discord_rpc: 1, build: null
[2026-01-30 09:18:02.884] [info]  [libdiscore] The answer for life the universe and everything is: 42
[2026-01-30 09:18:02.904] [error] [Spellchecker] sh is not a valid locale.
[2026-01-30 09:18:03.417] [info]  [Spellchecker] Switching to en-US (available)
[2026-01-30 09:18:04.189] [info]  [RPCServer:WSS] Starting on 6463
[2026-01-30 09:18:04.190] [info]  [RPCServer:IPC] Starting on /run/user/1000/discord-ipc-0
[2026-01-30 09:18:04.476] [info]  [LoginQRSocket] [0ms] connecting to wss://remote-auth-gateway.discord.gg/?v=2
[2026-01-30 09:18:04.688] [info]  [LoginQRSocket] [213ms] got hello, auth timeout=308305ms
[2026-01-30 09:18:04.813] [info]  [LoginQRSocket] [337ms] connected, handshaking with fingerprint: 5Auege0cRoh2C5lOoEm9MmLCxTGjOMCK49CldwiCIkg
[2026-01-30 09:18:04.951] [info]  [LoginQRSocket] [476ms] computed nonce proof
[2026-01-30 09:18:05.084] [info]  [LoginQRSocket] [608ms] handshake complete awaiting remote auth.
[2026-01-30 09:18:08.097] [warn]  The resource https://discordapp.com/assets/189422196a4f8b53.woff2 was preloaded using link preload but not used within a few seconds from the window's load event. Please make sure it has an appropriate `as` value and it is preloaded intentionally.
[2026-01-30 09:18:08.098] [warn]  The resource https://discordapp.com/assets/7a6a566c2e88a35d.woff2 was preloaded using link preload but not used within a few seconds from the window's load event. Please make sure it has an appropriate `as` value and it is preloaded intentionally.
[2026-01-30 09:18:08.098] [warn]  The resource https://discordapp.com/assets/dd24010f3cf7def7.woff2 was preloaded using link preload but not used within a few seconds from the window's load event. Please make sure it has an appropriate `as` value and it is preloaded intentionally.
[2026-01-30 09:18:08.099] [warn]  The resource https://discordapp.com/assets/e52f0cba712e2fb4.woff2 was preloaded using link preload but not used within a few seconds from the window's load event. Please make sure it has an appropriate `as` value and it is preloaded intentionally.
[2026-01-30 09:18:08.099] [warn]  The resource https://discordapp.com/assets/ce3b8055f5114434.woff2 was preloaded using link preload but not used within a few seconds from the window's load event. Please make sure it has an appropriate `as` value and it is preloaded intentionally.
[2026-01-30 09:18:08.099] [warn]  The resource https://discordapp.com/assets/cb2006dbced0e246.woff2 was preloaded using link preload but not used within a few seconds from the window's load event. Please make sure it has an appropriate `as` value and it is preloaded intentionally.
[2026-01-30 09:18:31.713] [info]  [LoginQRSocket] [27238ms] remote auth handshake started, awaiting ticket/cancel.
[2026-01-30 09:18:34.774] [warn]  The resource https://discordapp.com/assets/189422196a4f8b53.woff2 was preloaded using link preload but not used within a few seconds from the window's load event. Please make sure it has an appropriate `as` value and it is preloaded intentionally.
[2026-01-30 09:18:34.775] [warn]  The resource https://discordapp.com/assets/7a6a566c2e88a35d.woff2 was preloaded using link preload but not used within a few seconds from the window's load event. Please make sure it has an appropriate `as` value and it is preloaded intentionally.
[2026-01-30 09:18:34.776] [warn]  The resource https://discordapp.com/assets/dd24010f3cf7def7.woff2 was preloaded using link preload but not used within a few seconds from the window's load event. Please make sure it has an appropriate `as` value and it is preloaded intentionally.
[2026-01-30 09:18:34.777] [warn]  The resource https://discordapp.com/assets/e52f0cba712e2fb4.woff2 was preloaded using link preload but not used within a few seconds from the window's load event. Please make sure it has an appropriate `as` value and it is preloaded intentionally.
[2026-01-30 09:18:34.777] [warn]  The resource https://discordapp.com/assets/ce3b8055f5114434.woff2 was preloaded using link preload but not used within a few seconds from the window's load event. Please make sure it has an appropriate `as` value and it is preloaded intentionally.
[2026-01-30 09:18:34.778] [warn]  The resource https://discordapp.com/assets/cb2006dbced0e246.woff2 was preloaded using link preload but not used within a few seconds from the window's load event. Please make sure it has an appropriate `as` value and it is preloaded intentionally.
[2026-01-30 09:18:34.932] [info]  [Flux] Dispatching LOGIN
[2026-01-30 09:18:34.960] [info]  [Flux] Dispatching LOGIN_SUCCESS
[2026-01-30 09:18:34.982] [info]  [Routing/Utils] transitionTo - Transitioning to /app
[2026-01-30 09:18:35.006] [info]  [GatewaySocket] [CONNECT] wss://gateway.discord.gg, encoding: etf, version: 9, compression: zstd-stream
[2026-01-30 09:18:35.011] [info]  [LoginQRSocket] [30535ms] cleaning up
[2026-01-30 09:18:35.483] [info]  [GatewaySocket] [CONNECTED] wss://gateway.discord.gg/?encoding=etf&v=9&compress=zstd-stream in 477 ms
[2026-01-30 09:18:35.905] [info]  [GatewaySocket] [READY] took 899ms, as aa22d652f58dd5c04435c2445c8a26fd
[2026-01-30 09:18:35.916] [info]  [Flux] Dispatching CONNECTION_OPEN
[2026-01-30 09:18:35.928] [info]  [DatabaseManager] removing database (user: 1411692867520430090, database: undefined)
[2026-01-30 09:18:35.937] [warn]  [NativeDispatchUtils] Tried getting Dispatch instance before instantiated
[2026-01-30 09:18:36.478] [info]  [GatewaySocket] [READY_SUPPLEMENTAL] took 1473ms
[2026-01-30 09:18:38.596] [info]  [OverlayKeybindExperimentManager] Experiments initializing...
[2026-01-30 09:18:38.639] [info]  [OverlayKeybindExperimentManager] Experiments initialized
[2026-01-30 09:18:42.116] [warn]  The resource https://discordapp.com/assets/189422196a4f8b53.woff2 was preloaded using link preload but not used within a few seconds from the window's load event. Please make sure it has an appropriate `as` value and it is preloaded intentionally.
[2026-01-30 09:18:42.117] [warn]  The resource https://discordapp.com/assets/7a6a566c2e88a35d.woff2 was preloaded using link preload but not used within a few seconds from the window's load event. Please make sure it has an appropriate `as` value and it is preloaded intentionally.
[2026-01-30 09:18:42.119] [warn]  The resource https://discordapp.com/assets/dd24010f3cf7def7.woff2 was preloaded using link preload but not used within a few seconds from the window's load event. Please make sure it has an appropriate `as` value and it is preloaded intentionally.
[2026-01-30 09:18:42.119] [warn]  The resource https://discordapp.com/assets/e52f0cba712e2fb4.woff2 was preloaded using link preload but not used within a few seconds from the window's load event. Please make sure it has an appropriate `as` value and it is preloaded intentionally.
[2026-01-30 09:18:42.120] [warn]  The resource https://discordapp.com/assets/ce3b8055f5114434.woff2 was preloaded using link preload but not used within a few seconds from the window's load event. Please make sure it has an appropriate `as` value and it is preloaded intentionally.
[2026-01-30 09:18:42.121] [warn]  The resource https://discordapp.com/assets/cb2006dbced0e246.woff2 was preloaded using link preload but not used within a few seconds from the window's load event. Please make sure it has an appropriate `as` value and it is preloaded intentionally.
[2026-01-30 09:18:45.494] [error] Uncaught (in promise) #<Object>
[2026-01-30 09:18:45.948] [info]  [ReadStateStore] Deleting ReadState 496743144054980608 0 [object Object]
[2026-01-30 09:18:46.048] [info]  [ReadStateStore] Deleting ReadState 1392768795923447828 0 [object Object]
[2026-01-30 09:18:48.643] [info]  [libdiscore] [BlockedDomainsStore] Successfully fetched blocked domains
[2026-01-30 09:19:10.446] [info]  DiscordSplash.signalReady
[2026-01-30 09:19:10.478] [info]  DiscordSplash.onStateUpdate: {"status":"checking-for-updates"}
[2026-01-30 09:19:10.479] [info]  Splash.onStateUpdate: {"status":"checking-for-updates"}
[2026-01-30 09:19:11.126] [info]  DiscordSplash.onStateUpdate: {"status":"launching"}
[2026-01-30 09:19:11.127] [info]  Splash.onStateUpdate: {"status":"launching"}
[2026-01-30 09:19:11.445] [info]  Splash.updateCountdownSeconds: undefined
[2026-01-30 09:19:12.445] [info]  Splash.updateCountdownSeconds: undefined
[2026-01-30 09:19:13.086] [info]  [libdiscore] [experiment_manager] Loaded experiments from cache
[2026-01-30 09:19:13.382] [info]  Initializing voice engine with audio subsystem: standard
[2026-01-30 09:19:13.445] [info]  Splash.updateCountdownSeconds: undefined
[2026-01-30 09:19:13.629] [info]  [default] [BUILD INFO] Release Channel: stable, Build Number: 491153, Version Hash: 496afea02c48235252834520aaadb3e9974379cf
[2026-01-30 09:19:13.852] [warn]  [CloudSyncUtils] CloudSync is not supported on this platform
[2026-01-30 09:19:13.886] [info]  [default] [NATIVE INFO] host 0.0.122, modules: discord_desktop_core: 1, discord_erlpack: 1, discord_spellcheck: 1, discord_utils: 1, discord_voice: 1, discord_zstd: 1, discord_krisp: 1, discord_game_utils: 1, discord_rpc: 1, build: null
[2026-01-30 09:19:13.896] [info]  [libdiscore] The answer for life the universe and everything is: 42
[2026-01-30 09:19:13.937] [error] [Spellchecker] sh is not a valid locale.
[2026-01-30 09:19:14.512] [info]  [Spellchecker] Switching to en-US (available)
[2026-01-30 09:19:15.331] [info]  [RPCServer:WSS] Starting on 6463
[2026-01-30 09:19:15.333] [info]  [RPCServer:IPC] Starting on /run/user/1000/discord-ipc-0
[2026-01-30 09:19:15.617] [info]  [LoginQRSocket] [0ms] connecting to wss://remote-auth-gateway.discord.gg/?v=2
[2026-01-30 09:19:15.838] [info]  [LoginQRSocket] [221ms] got hello, auth timeout=277236ms
[2026-01-30 09:19:15.940] [info]  [LoginQRSocket] [323ms] connected, handshaking with fingerprint: 4WlXICpIoTeRWV99U9PLsUmLUMCPe2bgXfW8oSZSCRc
[2026-01-30 09:19:16.071] [info]  [LoginQRSocket] [454ms] computed nonce proof
[2026-01-30 09:19:16.219] [info]  [LoginQRSocket] [603ms] handshake complete awaiting remote auth.
[2026-01-30 09:19:19.235] [warn]  The resource https://discordapp.com/assets/189422196a4f8b53.woff2 was preloaded using link preload but not used within a few seconds from the window's load event. Please make sure it has an appropriate `as` value and it is preloaded intentionally.
[2026-01-30 09:19:19.235] [warn]  The resource https://discordapp.com/assets/7a6a566c2e88a35d.woff2 was preloaded using link preload but not used within a few seconds from the window's load event. Please make sure it has an appropriate `as` value and it is preloaded intentionally.
[2026-01-30 09:19:19.236] [warn]  The resource https://discordapp.com/assets/dd24010f3cf7def7.woff2 was preloaded using link preload but not used within a few seconds from the window's load event. Please make sure it has an appropriate `as` value and it is preloaded intentionally.
[2026-01-30 09:19:19.236] [warn]  The resource https://discordapp.com/assets/e52f0cba712e2fb4.woff2 was preloaded using link preload but not used within a few seconds from the window's load event. Please make sure it has an appropriate `as` value and it is preloaded intentionally.
[2026-01-30 09:19:19.236] [warn]  The resource https://discordapp.com/assets/ce3b8055f5114434.woff2 was preloaded using link preload but not used within a few seconds from the window's load event. Please make sure it has an appropriate `as` value and it is preloaded intentionally.
[2026-01-30 09:19:19.236] [warn]  The resource https://discordapp.com/assets/cb2006dbced0e246.woff2 was preloaded using link preload but not used within a few seconds from the window's load event. Please make sure it has an appropriate `as` value and it is preloaded intentionally.
[2026-01-30 09:19:48.351] [info]  [WindowVisibilityVideoManager] Incoming video enabled changed, incomingVideoEnabled = false
[2026-01-30 09:23:53.077] [info]  [LoginQRSocket] [277456ms] disconnected, code: 4003 Handshake Timeout
[2026-01-30 09:23:53.077] [error] [LoginQRSocket] Could not complete QR code login, trying to restart with a new QR code.
[2026-01-30 09:23:55.352] [error] WebSocket is already in CLOSING or CLOSED state.
[2026-01-30 09:23:56.350] [info]  [LoginQRSocket] document is not visible, will defer reconnection when document becomes visible.
[2026-01-30 09:24:36.354] [info]  [LoginQRSocket] [320734ms] heartbeat timeout, reconnecting.
[2026-01-30 09:24:36.355] [error] [LoginQRSocket] Could not complete QR code login, trying to restart with a new QR code.
[2026-01-30 09:24:40.351] [info]  [LoginQRSocket] document is not visible, will defer reconnection when document becomes visible.
[2026-01-30 09:25:17.355] [info]  [LoginQRSocket] [361735ms] heartbeat timeout, reconnecting.
[2026-01-30 09:25:17.356] [error] [LoginQRSocket] Could not complete QR code login, trying to restart with a new QR code.
[2026-01-30 09:25:26.353] [info]  [LoginQRSocket] document is not visible, will defer reconnection when document becomes visible.
[2026-01-30 09:25:59.355] [info]  [LoginQRSocket] [403734ms] heartbeat timeout, reconnecting.
[2026-01-30 09:25:59.356] [error] [LoginQRSocket] Could not complete QR code login, trying to restart with a new QR code.
[2026-01-30 09:26:22.355] [info]  [LoginQRSocket] document is not visible, will defer reconnection when document becomes visible.
[2026-01-30 09:26:40.356] [info]  [LoginQRSocket] [444734ms] heartbeat timeout, reconnecting.
[2026-01-30 09:26:40.357] [error] [LoginQRSocket] Could not complete QR code login, trying to restart with a new QR code.
[2026-01-30 09:27:11.354] [info]  [LoginQRSocket] document is not visible, will defer reconnection when document becomes visible.
[2026-01-30 09:27:21.352] [info]  [LoginQRSocket] [485734ms] heartbeat timeout, reconnecting.
[2026-01-30 09:27:21.352] [error] [LoginQRSocket] Could not complete QR code login, trying to restart with a new QR code.
[2026-01-30 09:27:51.355] [info]  [LoginQRSocket] document is not visible, will defer reconnection when document becomes visible.
[2026-01-30 09:28:02.353] [info]  [LoginQRSocket] [526735ms] heartbeat timeout, reconnecting.
[2026-01-30 09:28:02.353] [error] [LoginQRSocket] Could not complete QR code login, trying to restart with a new QR code.
[2026-01-30 09:28:32.355] [info]  [LoginQRSocket] document is not visible, will defer reconnection when document becomes visible.
[2026-01-30 09:28:44.351] [info]  [LoginQRSocket] [568734ms] heartbeat timeout, reconnecting.
[2026-01-30 09:28:44.351] [error] [LoginQRSocket] Could not complete QR code login, trying to restart with a new QR code.
[2026-01-30 09:29:14.410] [info]  [LoginQRSocket] document is not visible, will defer reconnection when document becomes visible.
[2026-01-30 09:29:25.352] [info]  [LoginQRSocket] [609734ms] heartbeat timeout, reconnecting.
[2026-01-30 09:29:25.352] [error] [LoginQRSocket] Could not complete QR code login, trying to restart with a new QR code.
[2026-01-30 09:29:55.353] [info]  [LoginQRSocket] document is not visible, will defer reconnection when document becomes visible.
[2026-01-30 09:30:06.353] [info]  [LoginQRSocket] [650734ms] heartbeat timeout, reconnecting.
[2026-01-30 09:30:06.354] [error] [LoginQRSocket] Could not complete QR code login, trying to restart with a new QR code.
[2026-01-30 09:30:36.356] [info]  [LoginQRSocket] document is not visible, will defer reconnection when document becomes visible.
[2026-01-30 09:30:47.352] [info]  [LoginQRSocket] [691735ms] heartbeat timeout, reconnecting.
[2026-01-30 09:30:47.353] [error] [LoginQRSocket] Could not complete QR code login, trying to restart with a new QR code.
[2026-01-30 09:31:17.356] [info]  [LoginQRSocket] document is not visible, will defer reconnection when document becomes visible.
[2026-01-30 09:31:29.351] [info]  [LoginQRSocket] [733734ms] heartbeat timeout, reconnecting.
[2026-01-30 09:31:29.351] [error] [LoginQRSocket] Could not complete QR code login, trying to restart with a new QR code.
[2026-01-30 09:31:59.354] [info]  [LoginQRSocket] document is not visible, will defer reconnection when document becomes visible.
[2026-01-30 09:32:10.353] [info]  [LoginQRSocket] [774734ms] heartbeat timeout, reconnecting.
[2026-01-30 09:32:10.354] [error] [LoginQRSocket] Could not complete QR code login, trying to restart with a new QR code.
[2026-01-30 09:32:41.355] [info]  [LoginQRSocket] document is not visible, will defer reconnection when document becomes visible.
[2026-01-30 09:32:51.351] [info]  [LoginQRSocket] [815734ms] heartbeat timeout, reconnecting.
[2026-01-30 09:32:51.352] [error] [LoginQRSocket] Could not complete QR code login, trying to restart with a new QR code.
[2026-01-30 09:33:21.353] [info]  [LoginQRSocket] document is not visible, will defer reconnection when document becomes visible.
[2026-01-30 09:33:32.352] [info]  [LoginQRSocket] [856735ms] heartbeat timeout, reconnecting.
[2026-01-30 09:33:32.353] [error] [LoginQRSocket] Could not complete QR code login, trying to restart with a new QR code.
[2026-01-30 09:34:02.356] [info]  [LoginQRSocket] document is not visible, will defer reconnection when document becomes visible.
[2026-01-30 09:34:14.425] [info]  [LoginQRSocket] [898808ms] heartbeat timeout, reconnecting.
[2026-01-30 09:34:14.426] [error] [LoginQRSocket] Could not complete QR code login, trying to restart with a new QR code.
[2026-01-30 09:34:19.581] [warn]  The resource https://discordapp.com/assets/189422196a4f8b53.woff2 was preloaded using link preload but not used within a few seconds from the window's load event. Please make sure it has an appropriate `as` value and it is preloaded intentionally.
[2026-01-30 09:34:19.582] [warn]  The resource https://discordapp.com/assets/7a6a566c2e88a35d.woff2 was preloaded using link preload but not used within a few seconds from the window's load event. Please make sure it has an appropriate `as` value and it is preloaded intentionally.
[2026-01-30 09:34:19.582] [warn]  The resource https://discordapp.com/assets/dd24010f3cf7def7.woff2 was preloaded using link preload but not used within a few seconds from the window's load event. Please make sure it has an appropriate `as` value and it is preloaded intentionally.
[2026-01-30 09:34:19.582] [warn]  The resource https://discordapp.com/assets/e52f0cba712e2fb4.woff2 was preloaded using link preload but not used within a few seconds from the window's load event. Please make sure it has an appropriate `as` value and it is preloaded intentionally.
[2026-01-30 09:34:19.583] [warn]  The resource https://discordapp.com/assets/ce3b8055f5114434.woff2 was preloaded using link preload but not used within a few seconds from the window's load event. Please make sure it has an appropriate `as` value and it is preloaded intentionally.
[2026-01-30 09:34:19.583] [warn]  The resource https://discordapp.com/assets/cb2006dbced0e246.woff2 was preloaded using link preload but not used within a few seconds from the window's load event. Please make sure it has an appropriate `as` value and it is preloaded intentionally.
[2026-01-30 09:34:45.354] [info]  [LoginQRSocket] document is not visible, will defer reconnection when document becomes visible.
[2026-01-30 09:34:55.352] [info]  [LoginQRSocket] [939734ms] heartbeat timeout, reconnecting.
[2026-01-30 09:34:55.353] [error] [LoginQRSocket] Could not complete QR code login, trying to restart with a new QR code.
[2026-01-30 09:35:25.355] [info]  [LoginQRSocket] document is not visible, will defer reconnection when document becomes visible.
[2026-01-30 09:35:36.352] [info]  [LoginQRSocket] [980734ms] heartbeat timeout, reconnecting.
[2026-01-30 09:35:36.353] [error] [LoginQRSocket] Could not complete QR code login, trying to restart with a new QR code.
[2026-01-30 09:36:06.355] [info]  [LoginQRSocket] document is not visible, will defer reconnection when document becomes visible.
[2026-01-30 09:36:17.352] [info]  [LoginQRSocket] [1021735ms] heartbeat timeout, reconnecting.
[2026-01-30 09:36:17.352] [error] [LoginQRSocket] Could not complete QR code login, trying to restart with a new QR code.
[2026-01-30 09:36:47.356] [info]  [LoginQRSocket] document is not visible, will defer reconnection when document becomes visible.
[2026-01-30 09:36:59.350] [info]  [LoginQRSocket] [1063734ms] heartbeat timeout, reconnecting.
[2026-01-30 09:36:59.351] [error] [LoginQRSocket] Could not complete QR code login, trying to restart with a new QR code.
[2026-01-30 09:37:29.355] [info]  [LoginQRSocket] document is not visible, will defer reconnection when document becomes visible.
[2026-01-30 09:37:40.354] [info]  [LoginQRSocket] [1104734ms] heartbeat timeout, reconnecting.
[2026-01-30 09:37:40.354] [error] [LoginQRSocket] Could not complete QR code login, trying to restart with a new QR code.
[2026-01-30 09:38:11.354] [info]  [LoginQRSocket] document is not visible, will defer reconnection when document becomes visible.
[2026-01-30 09:38:21.352] [info]  [LoginQRSocket] [1145734ms] heartbeat timeout, reconnecting.
[2026-01-30 09:38:21.353] [error] [LoginQRSocket] Could not complete QR code login, trying to restart with a new QR code.
[2026-01-30 09:38:51.356] [info]  [LoginQRSocket] document is not visible, will defer reconnection when document becomes visible.
[2026-01-30 09:39:02.352] [info]  [LoginQRSocket] [1186735ms] heartbeat timeout, reconnecting.
[2026-01-30 09:39:02.353] [error] [LoginQRSocket] Could not complete QR code login, trying to restart with a new QR code.
[2026-01-30 09:39:32.354] [info]  [LoginQRSocket] document is not visible, will defer reconnection when document becomes visible.
[2026-01-30 09:39:44.350] [info]  [LoginQRSocket] [1228734ms] heartbeat timeout, reconnecting.
[2026-01-30 09:39:44.351] [error] [LoginQRSocket] Could not complete QR code login, trying to restart with a new QR code.
[2026-01-30 09:40:14.356] [info]  [LoginQRSocket] document is not visible, will defer reconnection when document becomes visible.
[2026-01-30 09:40:25.352] [info]  [LoginQRSocket] [1269734ms] heartbeat timeout, reconnecting.
[2026-01-30 09:40:25.353] [error] [LoginQRSocket] Could not complete QR code login, trying to restart with a new QR code.
[2026-01-30 09:40:55.355] [info]  [LoginQRSocket] document is not visible, will defer reconnection when document becomes visible.
[2026-01-30 09:41:06.352] [info]  [LoginQRSocket] [1310734ms] heartbeat timeout, reconnecting.
[2026-01-30 09:41:06.353] [error] [LoginQRSocket] Could not complete QR code login, trying to restart with a new QR code.
[2026-01-30 09:41:36.356] [info]  [LoginQRSocket] document is not visible, will defer reconnection when document becomes visible.
[2026-01-30 09:41:47.352] [info]  [LoginQRSocket] [1351735ms] heartbeat timeout, reconnecting.
[2026-01-30 09:41:47.352] [error] [LoginQRSocket] Could not complete QR code login, trying to restart with a new QR code.
[2026-01-30 09:42:17.355] [info]  [LoginQRSocket] document is not visible, will defer reconnection when document becomes visible.
[2026-01-30 09:42:29.350] [info]  [LoginQRSocket] [1393734ms] heartbeat timeout, reconnecting.
[2026-01-30 09:42:29.351] [error] [LoginQRSocket] Could not complete QR code login, trying to restart with a new QR code.
[2026-01-30 09:42:59.355] [info]  [LoginQRSocket] document is not visible, will defer reconnection when document becomes visible.
[2026-01-30 09:43:10.355] [info]  [LoginQRSocket] [1434734ms] heartbeat timeout, reconnecting.
[2026-01-30 09:43:10.355] [error] [LoginQRSocket] Could not complete QR code login, trying to restart with a new QR code.
[2026-01-30 09:43:41.355] [info]  [LoginQRSocket] document is not visible, will defer reconnection when document becomes visible.
[2026-01-30 09:43:51.352] [info]  [LoginQRSocket] [1475734ms] heartbeat timeout, reconnecting.
[2026-01-30 09:43:51.352] [error] [LoginQRSocket] Could not complete QR code login, trying to restart with a new QR code.
[2026-01-30 09:44:21.354] [info]  [LoginQRSocket] document is not visible, will defer reconnection when document becomes visible.
[2026-01-30 09:44:32.352] [info]  [LoginQRSocket] [1516735ms] heartbeat timeout, reconnecting.
[2026-01-30 09:44:32.353] [error] [LoginQRSocket] Could not complete QR code login, trying to restart with a new QR code.
[2026-01-30 09:45:02.356] [info]  [LoginQRSocket] document is not visible, will defer reconnection when document becomes visible.
[2026-01-30 09:45:14.351] [info]  [LoginQRSocket] [1558734ms] heartbeat timeout, reconnecting.
[2026-01-30 09:45:14.351] [error] [LoginQRSocket] Could not complete QR code login, trying to restart with a new QR code.
[2026-01-30 09:45:44.355] [info]  [LoginQRSocket] document is not visible, will defer reconnection when document becomes visible.
[2026-01-30 09:45:55.352] [info]  [LoginQRSocket] [1599734ms] heartbeat timeout, reconnecting.
[2026-01-30 09:45:55.352] [error] [LoginQRSocket] Could not complete QR code login, trying to restart with a new QR code.
[2026-01-30 09:46:25.355] [info]  [LoginQRSocket] document is not visible, will defer reconnection when document becomes visible.
[2026-01-30 09:46:36.352] [info]  [LoginQRSocket] [1640734ms] heartbeat timeout, reconnecting.
[2026-01-30 09:46:36.352] [error] [LoginQRSocket] Could not complete QR code login, trying to restart with a new QR code.
[2026-01-30 09:47:06.355] [info]  [LoginQRSocket] document is not visible, will defer reconnection when document becomes visible.
[2026-01-30 09:47:17.352] [info]  [LoginQRSocket] [1681735ms] heartbeat timeout, reconnecting.
[2026-01-30 09:47:17.352] [error] [LoginQRSocket] Could not complete QR code login, trying to restart with a new QR code.
[2026-01-30 09:47:47.357] [info]  [LoginQRSocket] document is not visible, will defer reconnection when document becomes visible.
[2026-01-30 09:47:59.351] [info]  [LoginQRSocket] [1723734ms] heartbeat timeout, reconnecting.
[2026-01-30 09:47:59.351] [error] [LoginQRSocket] Could not complete QR code login, trying to restart with a new QR code.
[2026-01-30 09:48:29.354] [info]  [LoginQRSocket] document is not visible, will defer reconnection when document becomes visible.
[2026-01-30 09:48:40.354] [info]  [LoginQRSocket] [1764734ms] heartbeat timeout, reconnecting.
[2026-01-30 09:48:40.355] [error] [LoginQRSocket] Could not complete QR code login, trying to restart with a new QR code.
[2026-01-30 09:49:11.355] [info]  [LoginQRSocket] document is not visible, will defer reconnection when document becomes visible.
[2026-01-30 09:49:21.351] [info]  [LoginQRSocket] [1805734ms] heartbeat timeout, reconnecting.
[2026-01-30 09:49:21.352] [error] [LoginQRSocket] Could not complete QR code login, trying to restart with a new QR code.
[2026-01-30 09:49:21.755] [warn]  The resource https://discordapp.com/assets/189422196a4f8b53.woff2 was preloaded using link preload but not used within a few seconds from the window's load event. Please make sure it has an appropriate `as` value and it is preloaded intentionally.
[2026-01-30 09:49:21.756] [warn]  The resource https://discordapp.com/assets/7a6a566c2e88a35d.woff2 was preloaded using link preload but not used within a few seconds from the window's load event. Please make sure it has an appropriate `as` value and it is preloaded intentionally.
[2026-01-30 09:49:21.762] [warn]  The resource https://discordapp.com/assets/dd24010f3cf7def7.woff2 was preloaded using link preload but not used within a few seconds from the window's load event. Please make sure it has an appropriate `as` value and it is preloaded intentionally.
[2026-01-30 09:49:21.762] [warn]  The resource https://discordapp.com/assets/e52f0cba712e2fb4.woff2 was preloaded using link preload but not used within a few seconds from the window's load event. Please make sure it has an appropriate `as` value and it is preloaded intentionally.
[2026-01-30 09:49:21.762] [warn]  The resource https://discordapp.com/assets/ce3b8055f5114434.woff2 was preloaded using link preload but not used within a few seconds from the window's load event. Please make sure it has an appropriate `as` value and it is preloaded intentionally.
[2026-01-30 09:49:21.763] [warn]  The resource https://discordapp.com/assets/cb2006dbced0e246.woff2 was preloaded using link preload but not used within a few seconds from the window's load event. Please make sure it has an appropriate `as` value and it is preloaded intentionally.
[2026-01-30 09:49:51.355] [info]  [LoginQRSocket] document is not visible, will defer reconnection when document becomes visible.
[2026-01-30 09:50:02.352] [info]  [LoginQRSocket] [1846735ms] heartbeat timeout, reconnecting.
[2026-01-30 09:50:02.353] [error] [LoginQRSocket] Could not complete QR code login, trying to restart with a new QR code.
[2026-01-30 09:50:32.356] [info]  [LoginQRSocket] document is not visible, will defer reconnection when document becomes visible.
[2026-01-30 09:50:44.350] [info]  [LoginQRSocket] [1888734ms] heartbeat timeout, reconnecting.
[2026-01-30 09:50:44.351] [error] [LoginQRSocket] Could not complete QR code login, trying to restart with a new QR code.
[2026-01-30 09:51:14.355] [info]  [LoginQRSocket] document is not visible, will defer reconnection when document becomes visible.
[2026-01-30 09:51:25.352] [info]  [LoginQRSocket] [1929734ms] heartbeat timeout, reconnecting.
[2026-01-30 09:51:25.352] [error] [LoginQRSocket] Could not complete QR code login, trying to restart with a new QR code.
[2026-01-30 09:51:55.356] [info]  [LoginQRSocket] document is not visible, will defer reconnection when document becomes visible.
[2026-01-30 09:52:06.354] [info]  [LoginQRSocket] [1970735ms] heartbeat timeout, reconnecting.
[2026-01-30 09:52:06.356] [error] [LoginQRSocket] Could not complete QR code login, trying to restart with a new QR code.
[2026-01-30 09:52:36.359] [info]  [LoginQRSocket] document is not visible, will defer reconnection when document becomes visible.
[2026-01-30 09:52:47.353] [info]  [LoginQRSocket] [2011735ms] heartbeat timeout, reconnecting.
[2026-01-30 09:52:47.354] [error] [LoginQRSocket] Could not complete QR code login, trying to restart with a new QR code.
[2026-01-30 09:53:17.356] [info]  [LoginQRSocket] document is not visible, will defer reconnection when document becomes visible.
[2026-01-30 09:53:29.351] [info]  [LoginQRSocket] [2053734ms] heartbeat timeout, reconnecting.
[2026-01-30 09:53:29.352] [error] [LoginQRSocket] Could not complete QR code login, trying to restart with a new QR code.
[2026-01-30 09:53:59.356] [info]  [LoginQRSocket] document is not visible, will defer reconnection when document becomes visible.
[2026-01-30 09:54:10.355] [info]  [LoginQRSocket] [2094734ms] heartbeat timeout, reconnecting.
[2026-01-30 09:54:10.356] [error] [LoginQRSocket] Could not complete QR code login, trying to restart with a new QR code.
[2026-01-30 09:54:41.354] [info]  [LoginQRSocket] document is not visible, will defer reconnection when document becomes visible.
[2026-01-30 09:54:51.353] [info]  [LoginQRSocket] [2135734ms] heartbeat timeout, reconnecting.
[2026-01-30 09:54:51.353] [error] [LoginQRSocket] Could not complete QR code login, trying to restart with a new QR code.
[2026-01-30 09:55:21.355] [info]  [LoginQRSocket] document is not visible, will defer reconnection when document becomes visible.
[2026-01-30 09:55:32.353] [info]  [LoginQRSocket] [2176735ms] heartbeat timeout, reconnecting.
[2026-01-30 09:55:32.354] [error] [LoginQRSocket] Could not complete QR code login, trying to restart with a new QR code.
[2026-01-30 09:56:02.357] [info]  [LoginQRSocket] document is not visible, will defer reconnection when document becomes visible.
[2026-01-30 09:56:14.351] [info]  [LoginQRSocket] [2218734ms] heartbeat timeout, reconnecting.
[2026-01-30 09:56:14.352] [error] [LoginQRSocket] Could not complete QR code login, trying to restart with a new QR code.
[2026-01-30 09:56:44.356] [info]  [LoginQRSocket] document is not visible, will defer reconnection when document becomes visible.
[2026-01-30 09:56:55.352] [info]  [LoginQRSocket] [2259734ms] heartbeat timeout, reconnecting.
[2026-01-30 09:56:55.352] [error] [LoginQRSocket] Could not complete QR code login, trying to restart with a new QR code.
[2026-01-30 09:57:25.355] [info]  [LoginQRSocket] document is not visible, will defer reconnection when document becomes visible.
[2026-01-30 09:57:36.352] [info]  [LoginQRSocket] [2300734ms] heartbeat timeout, reconnecting.
[2026-01-30 09:57:36.352] [error] [LoginQRSocket] Could not complete QR code login, trying to restart with a new QR code.
[2026-01-30 09:58:06.357] [info]  [LoginQRSocket] document is not visible, will defer reconnection when document becomes visible.
[2026-01-30 09:58:17.352] [info]  [LoginQRSocket] [2341735ms] heartbeat timeout, reconnecting.
[2026-01-30 09:58:17.353] [error] [LoginQRSocket] Could not complete QR code login, trying to restart with a new QR code.
[2026-01-30 09:58:47.356] [info]  [LoginQRSocket] document is not visible, will defer reconnection when document becomes visible.
[2026-01-30 09:58:59.350] [info]  [LoginQRSocket] [2383734ms] heartbeat timeout, reconnecting.
[2026-01-30 09:58:59.351] [error] [LoginQRSocket] Could not complete QR code login, trying to restart with a new QR code.
[2026-01-30 09:59:29.355] [info]  [LoginQRSocket] document is not visible, will defer reconnection when document becomes visible.
[2026-01-30 09:59:40.354] [info]  [LoginQRSocket] [2424734ms] heartbeat timeout, reconnecting.
[2026-01-30 09:59:40.355] [error] [LoginQRSocket] Could not complete QR code login, trying to restart with a new QR code.
[2026-01-30 10:00:11.354] [info]  [LoginQRSocket] document is not visible, will defer reconnection when document becomes visible.
[2026-01-30 10:00:21.353] [info]  [LoginQRSocket] [2465734ms] heartbeat timeout, reconnecting.
[2026-01-30 10:00:21.354] [error] [LoginQRSocket] Could not complete QR code login, trying to restart with a new QR code.
[2026-01-30 10:00:51.356] [info]  [LoginQRSocket] document is not visible, will defer reconnection when document becomes visible.
[2026-01-30 10:01:02.352] [info]  [LoginQRSocket] [2506735ms] heartbeat timeout, reconnecting.
[2026-01-30 10:01:02.352] [error] [LoginQRSocket] Could not complete QR code login, trying to restart with a new QR code.
[2026-01-30 10:01:32.356] [info]  [LoginQRSocket] document is not visible, will defer reconnection when document becomes visible.
[2026-01-30 10:01:44.350] [info]  [LoginQRSocket] [2548734ms] heartbeat timeout, reconnecting.
[2026-01-30 10:01:44.351] [error] [LoginQRSocket] Could not complete QR code login, trying to restart with a new QR code.
[2026-01-30 10:02:14.354] [info]  [LoginQRSocket] document is not visible, will defer reconnection when document becomes visible.
[2026-01-30 10:02:25.353] [info]  [LoginQRSocket] [2589734ms] heartbeat timeout, reconnecting.
[2026-01-30 10:02:25.353] [error] [LoginQRSocket] Could not complete QR code login, trying to restart with a new QR code.
[2026-01-30 10:02:55.355] [info]  [LoginQRSocket] document is not visible, will defer reconnection when document becomes visible.
[2026-01-30 10:03:06.352] [info]  [LoginQRSocket] [2630734ms] heartbeat timeout, reconnecting.
[2026-01-30 10:03:06.353] [error] [LoginQRSocket] Could not complete QR code login, trying to restart with a new QR code.
[2026-01-30 10:03:36.355] [info]  [LoginQRSocket] document is not visible, will defer reconnection when document becomes visible.
[2026-01-30 10:03:47.352] [info]  [LoginQRSocket] [2671735ms] heartbeat timeout, reconnecting.
[2026-01-30 10:03:47.353] [error] [LoginQRSocket] Could not complete QR code login, trying to restart with a new QR code.
[2026-01-30 10:04:17.356] [info]  [LoginQRSocket] document is not visible, will defer reconnection when document becomes visible.
[2026-01-30 10:04:21.559] [warn]  The resource https://discordapp.com/assets/189422196a4f8b53.woff2 was preloaded using link preload but not used within a few seconds from the window's load event. Please make sure it has an appropriate `as` value and it is preloaded intentionally.
[2026-01-30 10:04:21.559] [warn]  The resource https://discordapp.com/assets/7a6a566c2e88a35d.woff2 was preloaded using link preload but not used within a few seconds from the window's load event. Please make sure it has an appropriate `as` value and it is preloaded intentionally.
[2026-01-30 10:04:21.560] [warn]  The resource https://discordapp.com/assets/dd24010f3cf7def7.woff2 was preloaded using link preload but not used within a few seconds from the window's load event. Please make sure it has an appropriate `as` value and it is preloaded intentionally.
[2026-01-30 10:04:21.560] [warn]  The resource https://discordapp.com/assets/e52f0cba712e2fb4.woff2 was preloaded using link preload but not used within a few seconds from the window's load event. Please make sure it has an appropriate `as` value and it is preloaded intentionally.
[2026-01-30 10:04:21.560] [warn]  The resource https://discordapp.com/assets/ce3b8055f5114434.woff2 was preloaded using link preload but not used within a few seconds from the window's load event. Please make sure it has an appropriate `as` value and it is preloaded intentionally.
[2026-01-30 10:04:21.560] [warn]  The resource https://discordapp.com/assets/cb2006dbced0e246.woff2 was preloaded using link preload but not used within a few seconds from the window's load event. Please make sure it has an appropriate `as` value and it is preloaded intentionally.
[2026-01-30 10:04:29.351] [info]  [LoginQRSocket] [2713734ms] heartbeat timeout, reconnecting.
[2026-01-30 10:04:29.352] [error] [LoginQRSocket] Could not complete QR code login, trying to restart with a new QR code.
[2026-01-30 10:04:59.356] [info]  [LoginQRSocket] document is not visible, will defer reconnection when document becomes visible.
[2026-01-30 10:05:10.355] [info]  [LoginQRSocket] [2754734ms] heartbeat timeout, reconnecting.
[2026-01-30 10:05:10.355] [error] [LoginQRSocket] Could not complete QR code login, trying to restart with a new QR code.
[2026-01-30 10:05:41.354] [info]  [LoginQRSocket] document is not visible, will defer reconnection when document becomes visible.
[2026-01-30 10:05:51.352] [info]  [LoginQRSocket] [2795734ms] heartbeat timeout, reconnecting.
[2026-01-30 10:05:51.353] [error] [LoginQRSocket] Could not complete QR code login, trying to restart with a new QR code.
[2026-01-30 10:06:21.355] [info]  [LoginQRSocket] document is not visible, will defer reconnection when document becomes visible.
[2026-01-30 10:06:32.353] [info]  [LoginQRSocket] [2836735ms] heartbeat timeout, reconnecting.
[2026-01-30 10:06:32.353] [error] [LoginQRSocket] Could not complete QR code login, trying to restart with a new QR code.
[2026-01-30 10:07:02.356] [info]  [LoginQRSocket] document is not visible, will defer reconnection when document becomes visible.
[2026-01-30 10:07:14.351] [info]  [LoginQRSocket] [2878734ms] heartbeat timeout, reconnecting.
[2026-01-30 10:07:14.352] [error] [LoginQRSocket] Could not complete QR code login, trying to restart with a new QR code.
[2026-01-30 10:07:44.355] [info]  [LoginQRSocket] document is not visible, will defer reconnection when document becomes visible.
[2026-01-30 10:07:55.353] [info]  [LoginQRSocket] [2919734ms] heartbeat timeout, reconnecting.
[2026-01-30 10:07:55.354] [error] [LoginQRSocket] Could not complete QR code login, trying to restart with a new QR code.
[2026-01-30 10:08:25.355] [info]  [LoginQRSocket] document is not visible, will defer reconnection when document becomes visible.
[2026-01-30 10:08:36.353] [info]  [LoginQRSocket] [2960734ms] heartbeat timeout, reconnecting.
[2026-01-30 10:08:36.354] [error] [LoginQRSocket] Could not complete QR code login, trying to restart with a new QR code.
[2026-01-30 10:09:06.355] [info]  [LoginQRSocket] document is not visible, will defer reconnection when document becomes visible.
[2026-01-30 10:09:17.353] [info]  [LoginQRSocket] [3001735ms] heartbeat timeout, reconnecting.
[2026-01-30 10:09:17.353] [error] [LoginQRSocket] Could not complete QR code login, trying to restart with a new QR code.
[2026-01-30 10:09:47.356] [info]  [LoginQRSocket] document is not visible, will defer reconnection when document becomes visible.
[2026-01-30 10:09:59.351] [info]  [LoginQRSocket] [3043734ms] heartbeat timeout, reconnecting.
[2026-01-30 10:09:59.352] [error] [LoginQRSocket] Could not complete QR code login, trying to restart with a new QR code.
[2026-01-30 10:10:29.355] [info]  [LoginQRSocket] document is not visible, will defer reconnection when document becomes visible.
[2026-01-30 10:10:40.355] [info]  [LoginQRSocket] [3084734ms] heartbeat timeout, reconnecting.
[2026-01-30 10:10:40.356] [error] [LoginQRSocket] Could not complete QR code login, trying to restart with a new QR code.
[2026-01-30 10:11:11.355] [info]  [LoginQRSocket] document is not visible, will defer reconnection when document becomes visible.
[2026-01-30 10:11:21.353] [info]  [LoginQRSocket] [3125734ms] heartbeat timeout, reconnecting.
[2026-01-30 10:11:21.353] [error] [LoginQRSocket] Could not complete QR code login, trying to restart with a new QR code.
[2026-01-30 10:11:51.356] [info]  [LoginQRSocket] document is not visible, will defer reconnection when document becomes visible.
[2026-01-30 10:12:02.354] [info]  [LoginQRSocket] [3166735ms] heartbeat timeout, reconnecting.
[2026-01-30 10:12:02.354] [error] [LoginQRSocket] Could not complete QR code login, trying to restart with a new QR code.
[2026-01-30 10:12:32.358] [info]  [LoginQRSocket] document is not visible, will defer reconnection when document becomes visible.
[2026-01-30 10:12:44.353] [info]  [LoginQRSocket] [3208734ms] heartbeat timeout, reconnecting.
[2026-01-30 10:12:44.354] [error] [LoginQRSocket] Could not complete QR code login, trying to restart with a new QR code.
[2026-01-30 10:13:14.357] [info]  [LoginQRSocket] document is not visible, will defer reconnection when document becomes visible.
[2026-01-30 10:13:25.353] [info]  [LoginQRSocket] [3249734ms] heartbeat timeout, reconnecting.
[2026-01-30 10:13:25.354] [error] [LoginQRSocket] Could not complete QR code login, trying to restart with a new QR code.
[2026-01-30 10:13:55.356] [info]  [LoginQRSocket] document is not visible, will defer reconnection when document becomes visible.
[2026-01-30 10:14:06.353] [info]  [LoginQRSocket] [3290734ms] heartbeat timeout, reconnecting.
[2026-01-30 10:14:06.353] [error] [LoginQRSocket] Could not complete QR code login, trying to restart with a new QR code.
[2026-01-30 10:14:36.355] [info]  [LoginQRSocket] document is not visible, will defer reconnection when document becomes visible.
[2026-01-30 10:14:47.353] [info]  [LoginQRSocket] [3331735ms] heartbeat timeout, reconnecting.
[2026-01-30 10:14:47.353] [error] [LoginQRSocket] Could not complete QR code login, trying to restart with a new QR code.
[2026-01-30 10:15:17.356] [info]  [LoginQRSocket] document is not visible, will defer reconnection when document becomes visible.
[2026-01-30 10:15:29.351] [info]  [LoginQRSocket] [3373734ms] heartbeat timeout, reconnecting.
[2026-01-30 10:15:29.352] [error] [LoginQRSocket] Could not complete QR code login, trying to restart with a new QR code.
[2026-01-30 10:15:59.356] [info]  [LoginQRSocket] document is not visible, will defer reconnection when document becomes visible.
[2026-01-30 10:16:10.355] [info]  [LoginQRSocket] [3414734ms] heartbeat timeout, reconnecting.
[2026-01-30 10:16:10.356] [error] [LoginQRSocket] Could not complete QR code login, trying to restart with a new QR code.
[2026-01-30 10:16:41.355] [info]  [LoginQRSocket] document is not visible, will defer reconnection when document becomes visible.
[2026-01-30 10:16:51.352] [info]  [LoginQRSocket] [3455734ms] heartbeat timeout, reconnecting.
[2026-01-30 10:16:51.353] [error] [LoginQRSocket] Could not complete QR code login, trying to restart with a new QR code.
[2026-01-30 10:17:21.355] [info]  [LoginQRSocket] document is not visible, will defer reconnection when document becomes visible.
[2026-01-30 10:17:32.353] [info]  [LoginQRSocket] [3496735ms] heartbeat timeout, reconnecting.
[2026-01-30 10:17:32.354] [error] [LoginQRSocket] Could not complete QR code login, trying to restart with a new QR code.
[2026-01-30 10:18:02.356] [info]  [LoginQRSocket] document is not visible, will defer reconnection when document becomes visible.
[2026-01-30 10:18:14.351] [info]  [LoginQRSocket] [3538734ms] heartbeat timeout, reconnecting.
[2026-01-30 10:18:14.352] [error] [LoginQRSocket] Could not complete QR code login, trying to restart with a new QR code.
[2026-01-30 10:18:44.356] [info]  [LoginQRSocket] document is not visible, will defer reconnection when document becomes visible.
[2026-01-30 10:18:55.353] [info]  [LoginQRSocket] [3579734ms] heartbeat timeout, reconnecting.
[2026-01-30 10:18:55.353] [error] [LoginQRSocket] Could not complete QR code login, trying to restart with a new QR code.
[2026-01-30 10:19:22.597] [warn]  The resource https://discordapp.com/assets/189422196a4f8b53.woff2 was preloaded using link preload but not used within a few seconds from the window's load event. Please make sure it has an appropriate `as` value and it is preloaded intentionally.
[2026-01-30 10:19:22.598] [warn]  The resource https://discordapp.com/assets/7a6a566c2e88a35d.woff2 was preloaded using link preload but not used within a few seconds from the window's load event. Please make sure it has an appropriate `as` value and it is preloaded intentionally.
[2026-01-30 10:19:22.598] [warn]  The resource https://discordapp.com/assets/dd24010f3cf7def7.woff2 was preloaded using link preload but not used within a few seconds from the window's load event. Please make sure it has an appropriate `as` value and it is preloaded intentionally.
[2026-01-30 10:19:22.599] [warn]  The resource https://discordapp.com/assets/e52f0cba712e2fb4.woff2 was preloaded using link preload but not used within a few seconds from the window's load event. Please make sure it has an appropriate `as` value and it is preloaded intentionally.
[2026-01-30 10:19:22.599] [warn]  The resource https://discordapp.com/assets/ce3b8055f5114434.woff2 was preloaded using link preload but not used within a few seconds from the window's load event. Please make sure it has an appropriate `as` value and it is preloaded intentionally.
[2026-01-30 10:19:22.599] [warn]  The resource https://discordapp.com/assets/cb2006dbced0e246.woff2 was preloaded using link preload but not used within a few seconds from the window's load event. Please make sure it has an appropriate `as` value and it is preloaded intentionally.
[2026-01-30 10:19:25.355] [info]  [LoginQRSocket] document is not visible, will defer reconnection when document becomes visible.
[2026-01-30 10:19:36.353] [info]  [LoginQRSocket] [3620734ms] heartbeat timeout, reconnecting.
[2026-01-30 10:19:36.353] [error] [LoginQRSocket] Could not complete QR code login, trying to restart with a new QR code.
[2026-01-30 10:20:06.355] [info]  [LoginQRSocket] document is not visible, will defer reconnection when document becomes visible.
[2026-01-30 10:20:17.353] [info]  [LoginQRSocket] [3661735ms] heartbeat timeout, reconnecting.
[2026-01-30 10:20:17.353] [error] [LoginQRSocket] Could not complete QR code login, trying to restart with a new QR code.
[2026-01-30 10:20:47.356] [info]  [LoginQRSocket] document is not visible, will defer reconnection when document becomes visible.
[2026-01-30 10:20:59.351] [info]  [LoginQRSocket] [3703734ms] heartbeat timeout, reconnecting.
[2026-01-30 10:20:59.351] [error] [LoginQRSocket] Could not complete QR code login, trying to restart with a new QR code.
[2026-01-30 10:21:29.355] [info]  [LoginQRSocket] document is not visible, will defer reconnection when document becomes visible.
[2026-01-30 10:21:40.354] [info]  [LoginQRSocket] [3744734ms] heartbeat timeout, reconnecting.
[2026-01-30 10:21:40.355] [error] [LoginQRSocket] Could not complete QR code login, trying to restart with a new QR code.
[2026-01-30 10:22:11.355] [info]  [LoginQRSocket] document is not visible, will defer reconnection when document becomes visible.
[2026-01-30 10:22:21.352] [info]  [LoginQRSocket] [3785734ms] heartbeat timeout, reconnecting.
[2026-01-30 10:22:21.352] [error] [LoginQRSocket] Could not complete QR code login, trying to restart with a new QR code.
[2026-01-30 10:22:51.355] [info]  [LoginQRSocket] document is not visible, will defer reconnection when document becomes visible.
[2026-01-30 10:23:02.352] [info]  [LoginQRSocket] [3826735ms] heartbeat timeout, reconnecting.
[2026-01-30 10:23:02.353] [error] [LoginQRSocket] Could not complete QR code login, trying to restart with a new QR code.
[2026-01-30 10:23:22.047] [warn]  Window state not initialized window-1
[2026-01-30 10:23:22.048] [warn]  Window state not initialized window-1
[2026-01-30 10:23:22.051] [warn]  Window state not initialized window-1
[2026-02-01 11:44:48.251] [info]  DiscordSplash.signalReady
[2026-02-01 11:44:48.301] [info]  DiscordSplash.onStateUpdate: {"status":"checking-for-updates"}
[2026-02-01 11:44:48.303] [info]  Splash.onStateUpdate: {"status":"checking-for-updates"}
[2026-02-01 11:44:48.692] [info]  DiscordSplash.onStateUpdate: {"status":"launching"}
[2026-02-01 11:44:48.694] [info]  Splash.onStateUpdate: {"status":"launching"}
[2026-02-01 11:44:49.250] [info]  Splash.updateCountdownSeconds: undefined
[2026-02-01 11:44:49.866] [info]  [libdiscore] [experiment_manager] Loaded experiments from cache
[2026-02-01 11:44:50.197] [info]  Initializing voice engine with audio subsystem: standard
[2026-02-01 11:44:50.250] [info]  Splash.updateCountdownSeconds: undefined
[2026-02-01 11:44:50.437] [info]  [default] [BUILD INFO] Release Channel: stable, Build Number: 492000, Version Hash: 2a28afa963835f6319e1398ba39a09657ab302a1
[2026-02-01 11:44:50.655] [warn]  [CloudSyncUtils] CloudSync is not supported on this platform
[2026-02-01 11:44:50.672] [info]  [default] [NATIVE INFO] host 0.0.122, modules: discord_desktop_core: 1, discord_erlpack: 1, discord_spellcheck: 1, discord_utils: 1, discord_voice: 1, discord_zstd: 1, discord_krisp: 1, discord_game_utils: 1, discord_rpc: 1, build: null
[2026-02-01 11:44:50.683] [info]  [libdiscore] The answer for life the universe and everything is: 42
[2026-02-01 11:44:50.731] [error] [Spellchecker] sh is not a valid locale.
[2026-02-01 11:44:51.289] [info]  [Spellchecker] Switching to en-US (available)
[2026-02-01 11:44:51.753] [warn]  Window state not initialized window-1
[2026-02-01 11:44:51.753] [warn]  Window state not initialized window-1
[2026-02-01 11:44:51.754] [warn]  Window state not initialized window-1
[2026-02-01 11:44:52.466] [info]  [libdiscore] [experiment_manager] Loaded experiments from cache
[2026-02-01 11:44:52.551] [info]  Initializing voice engine with audio subsystem: standard
[2026-02-01 11:44:52.636] [info]  [default] [BUILD INFO] Release Channel: stable, Build Number: 492000, Version Hash: 2a28afa963835f6319e1398ba39a09657ab302a1
[2026-02-01 11:44:52.703] [warn]  [CloudSyncUtils] CloudSync is not supported on this platform
[2026-02-01 11:44:52.709] [info]  [default] [NATIVE INFO] host 0.0.122, modules: discord_desktop_core: 1, discord_erlpack: 1, discord_spellcheck: 1, discord_utils: 1, discord_voice: 1, discord_zstd: 1, discord_krisp: 1, discord_game_utils: 1, discord_rpc: 1, build: null
[2026-02-01 11:44:52.712] [info]  [libdiscore] The answer for life the universe and everything is: 42
[2026-02-01 11:44:52.719] [error] [Spellchecker] sh is not a valid locale.
[2026-02-01 11:44:52.856] [info]  [Spellchecker] Switching to en-US (available)
[2026-02-01 11:44:53.772] [info]  [RPCServer:WSS] Starting on 6463
[2026-02-01 11:44:53.777] [info]  [RPCServer:IPC] Starting on /run/user/1000/discord-ipc-0
[2026-02-01 11:44:57.558] [warn]  The resource https://discord.com/assets/189422196a4f8b53.woff2 was preloaded using link preload but not used within a few seconds from the window's load event. Please make sure it has an appropriate `as` value and it is preloaded intentionally.
[2026-02-01 11:44:57.565] [warn]  The resource https://discord.com/assets/ce3b8055f5114434.woff2 was preloaded using link preload but not used within a few seconds from the window's load event. Please make sure it has an appropriate `as` value and it is preloaded intentionally.
[2026-02-01 11:44:57.565] [warn]  The resource https://discord.com/assets/cb2006dbced0e246.woff2 was preloaded using link preload but not used within a few seconds from the window's load event. Please make sure it has an appropriate `as` value and it is preloaded intentionally.
[2026-02-01 11:44:57.566] [warn]  The resource https://discord.com/assets/7a6a566c2e88a35d.woff2 was preloaded using link preload but not used within a few seconds from the window's load event. Please make sure it has an appropriate `as` value and it is preloaded intentionally.
[2026-02-01 11:44:57.566] [warn]  The resource https://discord.com/assets/e52f0cba712e2fb4.woff2 was preloaded using link preload but not used within a few seconds from the window's load event. Please make sure it has an appropriate `as` value and it is preloaded intentionally.
[2026-02-01 11:44:57.566] [warn]  The resource https://discord.com/assets/dd24010f3cf7def7.woff2 was preloaded using link preload but not used within a few seconds from the window's load event. Please make sure it has an appropriate `as` value and it is preloaded intentionally.
[2026-02-01 11:45:05.423] [info]  [LoginQRSocket] [0ms] connecting to wss://remote-auth-gateway.discord.gg/?v=2
[2026-02-01 11:45:05.659] [info]  [LoginQRSocket] [237ms] got hello, auth timeout=313463ms
[2026-02-01 11:45:05.766] [info]  [LoginQRSocket] [345ms] connected, handshaking with fingerprint: e4-CDXCrKi-xsB9KByoxZfxAgNhCGEx56BR350EUL8Y
[2026-02-01 11:45:05.897] [info]  [LoginQRSocket] [475ms] computed nonce proof
[2026-02-01 11:45:06.030] [info]  [LoginQRSocket] [608ms] handshake complete awaiting remote auth.
[2026-02-01 11:45:09.068] [warn]  The resource https://discord.com/assets/189422196a4f8b53.woff2 was preloaded using link preload but not used within a few seconds from the window's load event. Please make sure it has an appropriate `as` value and it is preloaded intentionally.
[2026-02-01 11:45:09.069] [warn]  The resource https://discord.com/assets/ce3b8055f5114434.woff2 was preloaded using link preload but not used within a few seconds from the window's load event. Please make sure it has an appropriate `as` value and it is preloaded intentionally.
[2026-02-01 11:45:09.069] [warn]  The resource https://discord.com/assets/cb2006dbced0e246.woff2 was preloaded using link preload but not used within a few seconds from the window's load event. Please make sure it has an appropriate `as` value and it is preloaded intentionally.
[2026-02-01 11:45:09.069] [warn]  The resource https://discord.com/assets/7a6a566c2e88a35d.woff2 was preloaded using link preload but not used within a few seconds from the window's load event. Please make sure it has an appropriate `as` value and it is preloaded intentionally.
[2026-02-01 11:45:09.069] [warn]  The resource https://discord.com/assets/e52f0cba712e2fb4.woff2 was preloaded using link preload but not used within a few seconds from the window's load event. Please make sure it has an appropriate `as` value and it is preloaded intentionally.
[2026-02-01 11:45:09.070] [warn]  The resource https://discord.com/assets/dd24010f3cf7def7.woff2 was preloaded using link preload but not used within a few seconds from the window's load event. Please make sure it has an appropriate `as` value and it is preloaded intentionally.
[2026-02-01 11:45:27.341] [info]  [WindowVisibilityVideoManager] Incoming video enabled changed, incomingVideoEnabled = false
[2026-02-01 11:50:19.213] [info]  [LoginQRSocket] [313788ms] disconnected, code: 4003 Handshake Timeout
[2026-02-01 11:50:19.268] [error] [LoginQRSocket] Could not complete QR code login, trying to restart with a new QR code.
[2026-02-01 11:50:23.341] [info]  [LoginQRSocket] document is not visible, will defer reconnection when document becomes visible.
[2026-02-01 11:50:41.341] [error] WebSocket is already in CLOSING or CLOSED state.
[2026-02-01 11:51:23.343] [info]  [LoginQRSocket] [377918ms] heartbeat timeout, reconnecting.
[2026-02-01 11:51:23.344] [error] [LoginQRSocket] Could not complete QR code login, trying to restart with a new QR code.
[2026-02-01 11:51:33.341] [info]  [LoginQRSocket] document is not visible, will defer reconnection when document becomes visible.
[2026-02-01 11:52:04.343] [info]  [LoginQRSocket] [418917ms] heartbeat timeout, reconnecting.
[2026-02-01 11:52:04.344] [error] [LoginQRSocket] Could not complete QR code login, trying to restart with a new QR code.
[2026-02-01 11:52:20.341] [info]  [LoginQRSocket] document is not visible, will defer reconnection when document becomes visible.
[2026-02-01 11:52:45.343] [info]  [LoginQRSocket] [459918ms] heartbeat timeout, reconnecting.
[2026-02-01 11:52:45.344] [error] [LoginQRSocket] Could not complete QR code login, trying to restart with a new QR code.
[2026-02-01 11:53:16.343] [info]  [LoginQRSocket] document is not visible, will defer reconnection when document becomes visible.
[2026-02-01 11:53:26.341] [info]  [LoginQRSocket] [500918ms] heartbeat timeout, reconnecting.
[2026-02-01 11:53:26.341] [error] [LoginQRSocket] Could not complete QR code login, trying to restart with a new QR code.
[2026-02-01 11:53:56.344] [info]  [LoginQRSocket] document is not visible, will defer reconnection when document becomes visible.
[2026-02-01 11:54:08.339] [info]  [LoginQRSocket] [542917ms] heartbeat timeout, reconnecting.
[2026-02-01 11:54:08.340] [error] [LoginQRSocket] Could not complete QR code login, trying to restart with a new QR code.
[2026-02-01 11:54:38.343] [info]  [LoginQRSocket] document is not visible, will defer reconnection when document becomes visible.
[2026-02-01 11:54:49.339] [info]  [LoginQRSocket] [583917ms] heartbeat timeout, reconnecting.
[2026-02-01 11:54:49.340] [error] [LoginQRSocket] Could not complete QR code login, trying to restart with a new QR code.
[2026-02-01 11:55:19.344] [info]  [LoginQRSocket] document is not visible, will defer reconnection when document becomes visible.
[2026-02-01 11:55:30.341] [info]  [LoginQRSocket] [624918ms] heartbeat timeout, reconnecting.
[2026-02-01 11:55:30.342] [error] [LoginQRSocket] Could not complete QR code login, trying to restart with a new QR code.
[2026-02-01 11:56:00.343] [info]  [LoginQRSocket] document is not visible, will defer reconnection when document becomes visible.
[2026-02-01 11:56:11.340] [info]  [LoginQRSocket] [665918ms] heartbeat timeout, reconnecting.
[2026-02-01 11:56:11.341] [error] [LoginQRSocket] Could not complete QR code login, trying to restart with a new QR code.
[2026-02-01 11:56:41.344] [info]  [LoginQRSocket] document is not visible, will defer reconnection when document becomes visible.
[2026-02-01 11:56:53.339] [info]  [LoginQRSocket] [707918ms] heartbeat timeout, reconnecting.
[2026-02-01 11:56:53.340] [error] [LoginQRSocket] Could not complete QR code login, trying to restart with a new QR code.
[2026-02-01 11:57:23.344] [info]  [LoginQRSocket] document is not visible, will defer reconnection when document becomes visible.
[2026-02-01 11:57:34.339] [info]  [LoginQRSocket] [748918ms] heartbeat timeout, reconnecting.
[2026-02-01 11:57:34.340] [error] [LoginQRSocket] Could not complete QR code login, trying to restart with a new QR code.
[2026-02-01 11:58:04.344] [info]  [LoginQRSocket] document is not visible, will defer reconnection when document becomes visible.
[2026-02-01 11:58:15.343] [info]  [LoginQRSocket] [789918ms] heartbeat timeout, reconnecting.
[2026-02-01 11:58:15.344] [error] [LoginQRSocket] Could not complete QR code login, trying to restart with a new QR code.
[2026-02-01 11:58:46.343] [info]  [LoginQRSocket] document is not visible, will defer reconnection when document becomes visible.
[2026-02-01 11:58:56.341] [info]  [LoginQRSocket] [830918ms] heartbeat timeout, reconnecting.
[2026-02-01 11:58:56.342] [error] [LoginQRSocket] Could not complete QR code login, trying to restart with a new QR code.
[2026-02-01 11:59:26.344] [info]  [LoginQRSocket] document is not visible, will defer reconnection when document becomes visible.
[2026-02-01 11:59:38.339] [info]  [LoginQRSocket] [872917ms] heartbeat timeout, reconnecting.
[2026-02-01 11:59:38.340] [error] [LoginQRSocket] Could not complete QR code login, trying to restart with a new QR code.
[2026-02-01 12:00:08.343] [info]  [LoginQRSocket] document is not visible, will defer reconnection when document becomes visible.
[2026-02-01 12:00:19.339] [info]  [LoginQRSocket] [913917ms] heartbeat timeout, reconnecting.
[2026-02-01 12:00:19.340] [error] [LoginQRSocket] Could not complete QR code login, trying to restart with a new QR code.
[2026-02-01 12:00:49.344] [info]  [LoginQRSocket] document is not visible, will defer reconnection when document becomes visible.
[2026-02-01 12:01:00.341] [info]  [LoginQRSocket] [954917ms] heartbeat timeout, reconnecting.
[2026-02-01 12:01:00.342] [error] [LoginQRSocket] Could not complete QR code login, trying to restart with a new QR code.
[2026-02-01 12:01:30.343] [info]  [LoginQRSocket] document is not visible, will defer reconnection when document becomes visible.
[2026-02-01 12:01:41.340] [info]  [LoginQRSocket] [995918ms] heartbeat timeout, reconnecting.
[2026-02-01 12:01:41.341] [error] [LoginQRSocket] Could not complete QR code login, trying to restart with a new QR code.
[2026-02-01 12:02:11.343] [info]  [LoginQRSocket] document is not visible, will defer reconnection when document becomes visible.
[2026-02-01 13:05:54.878] [info]  [LoginQRSocket] [4849457ms] heartbeat timeout, reconnecting.
[2026-02-01 13:05:54.879] [error] [LoginQRSocket] Could not complete QR code login, trying to restart with a new QR code.
[2026-02-01 13:06:03.406] [warn]  Window state not initialized window-1
[2026-02-01 13:06:03.407] [warn]  Window state not initialized window-1
[2026-02-01 13:06:03.407] [warn]  Window state not initialized window-1
